{"avg": [0.8214, 0.8145200000000001, 0.8110800000000001, 0.8063100000000001, 0.80313, 0.7969999999999999, 0.7983800000000001, 0.77879, 0.7787599999999999, 0.78248, 0.77248], "std": [0.0, 0.0031955594189437327, 0.0023284329494318713, 0.00653551069159862, 0.004762362858917846, 0.007893034904268443, 0.006215754177893476, 0.0088175336687761, 0.012028898536441308, 0.00945471311040161, 0.013571131124559965], "min": [0.8214, 0.8093, 0.8075, 0.795, 0.7916, 0.7815, 0.7887, 0.7654, 0.7529, 0.7663, 0.7421], "max": [0.8214, 0.8192, 0.8146, 0.8148, 0.8083, 0.8066, 0.8085, 0.7948, 0.7886, 0.7994, 0.7945], "all_values": [[0.8214, 0.8214, 0.8214, 0.8214, 0.8214, 0.8214, 0.8214, 0.8214, 0.8214, 0.8214], [0.8113, 0.8152, 0.8192, 0.8174, 0.8111, 0.8141, 0.8185, 0.8128, 0.8163, 0.8093], [0.8087, 0.8115, 0.8075, 0.8128, 0.8111, 0.814, 0.812, 0.8146, 0.8108, 0.8078], [0.8037, 0.8063, 0.8085, 0.8116, 0.7974, 0.8107, 0.8148, 0.801, 0.8141, 0.795], [0.8016, 0.7916, 0.8083, 0.8081, 0.8059, 0.8051, 0.8016, 0.8012, 0.8007, 0.8072], [0.7889, 0.7901, 0.7999, 0.8055, 0.8037, 0.7815, 0.7983, 0.8066, 0.8027, 0.7928], [0.8013, 0.7904, 0.804, 0.7962, 0.8008, 0.7937, 0.8085, 0.7952, 0.805, 0.7887], [0.781, 0.7852, 0.7654, 0.7909, 0.7723, 0.7948, 0.7745, 0.7723, 0.7795, 0.772], [0.7622, 0.7704, 0.7863, 0.7883, 0.7529, 0.7866, 0.7843, 0.7794, 0.7886, 0.7886], [0.7766, 0.7869, 0.7777, 0.7733, 0.7884, 0.7936, 0.7663, 0.7847, 0.7994, 0.7779], [0.7715, 0.771, 0.7582, 0.7768, 0.7421, 0.7739, 0.7945, 0.7768, 0.7739, 0.7861]], "loss_all_values": [[45.61940538883209, 45.61940538883209, 45.61940538883209, 45.61940538883209, 45.61940538883209, 45.61940538883209, 45.61940538883209, 45.61940538883209, 45.61940538883209, 45.61940538883209], [46.535194501280785, 46.248450845479965, 45.80878001451492, 46.446759939193726, 48.0986887216568, 46.66273808479309, 46.07714769244194, 47.04374995827675, 46.68782836198807, 47.21558150649071], [46.806132197380066, 47.995149821043015, 48.445043325424194, 47.27835440635681, 46.99603170156479, 47.12093836069107, 47.30681538581848, 47.09044209122658, 47.178158551454544, 48.181198328733444], [49.04408347606659, 48.2024739831686, 47.97083130478859, 47.29288971424103, 51.39892855286598, 47.57943257689476, 46.564075261354446, 48.71727216243744, 46.14258369803429, 51.45165002346039], [49.95583254098892, 52.696672201156616, 47.081527918577194, 47.72069039940834, 47.986570447683334, 49.182772010564804, 49.746913343667984, 49.507491052150726, 50.093248784542084, 48.51740723848343], [53.064319148659706, 52.05429229140282, 50.36074596643448, 48.43766701221466, 47.97747878730297, 56.3161511272192, 49.11143419146538, 48.58022028207779, 48.651764035224915, 52.948096960783005], [49.38043484091759, 53.40237107872963, 47.431950718164444, 50.89485874772072, 50.06782454252243, 51.23688843846321, 47.43179294466972, 51.32704198360443, 48.13372200727463, 53.523168951272964], [53.568140000104904, 53.96106266975403, 61.42320457100868, 51.72970825433731, 56.83350268006325, 50.14634507894516, 56.329312801361084, 56.57655054330826, 55.500362157821655, 56.05433830618858], [60.351339519023895, 56.03968742489815, 52.08127999305725, 51.63914194703102, 62.425419718027115, 53.10053592920303, 51.9440461397171, 54.948062628507614, 52.38748377561569, 51.17500704526901], [58.03590089082718, 52.873182982206345, 55.3177527487278, 56.59010335803032, 51.7470400929451, 51.06179849803448, 57.706662118434906, 52.73045927286148, 48.55291309952736, 54.02163128554821], [56.54073613882065, 57.4513153731823, 59.440533339977264, 55.0946544110775, 64.3071995973587, 54.369202971458435, 50.30680230259895, 54.88146483898163, 55.493514716625214, 52.81848719716072]]}