{"train_acc_v": [13.708, 18.314, 25.502, 29.908, 35.04, 38.074, 40.782, 42.902, 44.662, 46.602, 48.442, 50.212, 51.956, 53.784, 55.748, 57.628, 59.078, 60.236, 61.804, 62.898, 64.07, 64.99, 65.768, 66.92, 67.934, 68.342, 69.148, 69.936, 70.4, 70.948, 71.922, 72.44, 73.006, 73.286, 73.988, 74.358, 74.978, 74.988, 75.74, 76.064, 76.698, 76.826, 77.332, 77.594, 78.166, 78.306, 78.676, 79.048, 79.414, 79.588, 80.094, 81.94, 82.248, 82.77, 82.82, 82.7, 83.032, 83.122, 83.344, 83.49, 83.468, 83.432, 83.456, 83.558, 83.538, 83.492, 83.306, 83.61, 83.646, 83.592, 83.512, 83.622, 83.528, 83.556, 83.42, 83.63, 83.552, 83.58, 83.558, 83.534, 83.522, 83.718, 83.46, 83.554, 83.578, 83.63, 83.648, 83.744, 83.548, 83.454, 83.404, 83.426, 83.57, 83.6, 83.554, 83.554, 83.524, 83.484, 83.59, 83.468, 83.734, 83.544, 83.652, 83.764, 83.478, 83.628, 83.522, 83.614, 83.816, 83.478, 83.518, 83.618, 83.616, 83.674, 83.694, 83.58, 83.768, 83.588, 83.738, 83.418], "train_loss_v": [3.4440319480133055, 2.336533153152466, 2.0380916526031494, 1.8614758472061157, 1.7392253720092774, 1.6617798200607299, 1.5943210711669922, 1.5446976393890381, 1.4968671355056762, 1.4548237884902955, 1.4119590059280396, 1.364078386993408, 1.3176229890441895, 1.2771030913162231, 1.2245499947738647, 1.1831081859207153, 1.1409052243804931, 1.105471287574768, 1.0651610329055785, 1.0344521539306641, 1.002531183052063, 0.9778906871414185, 0.9530019372367858, 0.9273717949104309, 0.899302377204895, 0.887258802394867, 0.8651804884147644, 0.8413145369911194, 0.8303884902572631, 0.8160353055381775, 0.791345420742035, 0.7769418061637878, 0.7592673429298401, 0.7489827235794068, 0.7310008974456788, 0.7209696859931946, 0.7046716885757446, 0.7008036085319519, 0.6846895125579834, 0.6719932206916809, 0.6592012660598755, 0.6475092833137512, 0.6386774728775024, 0.6298118284797668, 0.6176826048660279, 0.6116177260398865, 0.5968731834602355, 0.5928986047554016, 0.578507771987915, 0.5744166026306152, 0.560596850528717, 0.5129246956253052, 0.4985039262008667, 0.4888141640853882, 0.4883038092517853, 0.48632017332077027, 0.48128562761306765, 0.4771990536880493, 0.47478609172821046, 0.4725036475563049, 0.4681691017341614, 0.468903661403656, 0.46634670400619505, 0.4650293277740479, 0.4669611741542816, 0.466776884765625, 0.4691255804538727, 0.4624095774078369, 0.46389920481681823, 0.4652116326999664, 0.46498380424499514, 0.46135093671798705, 0.4664222784805298, 0.464909458065033, 0.4661233121395111, 0.4632083286857605, 0.4654485447216034, 0.46553804366111756, 0.46570901589393615, 0.4640072086715698, 0.4648844358253479, 0.46736578943252566, 0.4677921525001526, 0.4683284250545502, 0.46705622637748717, 0.46673886820793153, 0.46433546410560605, 0.4639312774181366, 0.4689371818637848, 0.4661932928466797, 0.4667505781745911, 0.4662199171733856, 0.4638948857212067, 0.4634366397857666, 0.464873728761673, 0.4654507930278778, 0.4658591477680206, 0.4669717582321167, 0.4658250166606903, 0.4666195965671539, 0.4633781721878052, 0.4628969396781921, 0.4614154911422729, 0.4620000028705597, 0.4683202797317505, 0.46420720774650576, 0.46619946179389954, 0.4662517725467682, 0.46159069767951966, 0.46541735907554627, 0.46923867197036745, 0.46732059918403623, 0.46472409379959106, 0.46524816371917727, 0.4630139356040955, 0.46410173046112063, 0.4632593564796448, 0.4655539260292053, 0.4627204974937439, 0.4684368338394165], "test_acc_v": [12.62, 21.71, 26.71, 32.13, 38.14, 42.4, 43.5, 45.01, 44.44, 47.42, 50.36, 52.64, 53.91, 50.18, 56.05, 56.56, 60.03, 61.72, 59.93, 63.19, 65.42, 65.6, 63.75, 68.06, 68.38, 65.84, 67.33, 69.9, 69.51, 70.76, 70.61, 69.44, 70.35, 73.19, 72.68, 72.59, 70.2, 73.24, 73.37, 74.11, 74.44, 74.5, 73.94, 73.52, 74.4, 73.21, 74.99, 74.67, 74.94, 74.07, 76.02, 78.04, 78.01, 77.94, 78.14, 78.12, 78.32, 78.21, 78.29, 78.45, 78.42, 78.44, 78.39, 78.35, 78.41, 78.4, 78.38, 78.41, 78.37, 78.44, 78.35, 78.46, 78.44, 78.38, 78.34, 78.42, 78.45, 78.39, 78.47, 78.33, 78.35, 78.4, 78.39, 78.42, 78.27, 78.27, 78.39, 78.38, 78.39, 78.39, 78.38, 78.4, 78.39, 78.36, 78.44, 78.34, 78.31, 78.39, 78.36, 78.4, 78.38, 78.35, 78.36, 78.42, 78.31, 78.42, 78.47, 78.39, 78.35, 78.43, 78.4, 78.38, 78.42, 78.38, 78.46, 78.35, 78.45, 78.37, 78.38, 78.37], "test_loss_v": [18.311925189208985, 2.1523845512390136, 1.9713202751159669, 1.813493602180481, 1.6370671642303467, 1.544649941444397, 1.537914045715332, 1.4738761331558228, 1.5550234243392944, 1.4599319469451904, 1.3831362993240357, 1.3224128913879394, 1.2706563623428344, 1.382198235988617, 1.2272015012741089, 1.2177731686592101, 1.1096845792770387, 1.0617052891731262, 1.2115865071296692, 1.0704134848594666, 0.9795133394241333, 0.9745593026161193, 1.0610239239692687, 0.9180356552124024, 0.9009308270454407, 0.9934478932380676, 0.9603555750846863, 0.8608941769599915, 0.8866578699111939, 0.8395860628128051, 0.8615168789386749, 0.8821670279026032, 0.8826925498008727, 0.778386529302597, 0.7844636017799378, 0.7955520331382752, 0.8752868024826049, 0.7732885241508484, 0.7620330903053284, 0.7672863012313843, 0.7673617931842804, 0.7491616421699524, 0.8032423921108246, 0.7793175260543823, 0.7482586653709412, 0.7788500828742981, 0.7280133741378784, 0.7483784097194671, 0.7497874024391175, 0.816368667268753, 0.7302376155376434, 0.6423760716438294, 0.6425862811088562, 0.6452170910835267, 0.6447887477874756, 0.6403408459424973, 0.6418591073989868, 0.6422644233703614, 0.6421211017608642, 0.642620485830307, 0.6441561592817306, 0.642574383020401, 0.6435525669813156, 0.6429783828735351, 0.6434424451351166, 0.6435586532831192, 0.6429596204519272, 0.6406948536872864, 0.642228068780899, 0.6426263104915619, 0.6430647463321686, 0.640202758359909, 0.6440193729162216, 0.6409341367959976, 0.6430932423591614, 0.6452034554958344, 0.6430182184934616, 0.6435078358173371, 0.6436686888694764, 0.6435846089363099, 0.644146763586998, 0.6426153777360916, 0.6433908710002899, 0.6416122948408127, 0.643611688375473, 0.6446114419460297, 0.6445308891773224, 0.6425313708305359, 0.6431062491416931, 0.6426158744812012, 0.6425887498617172, 0.6416580872058868, 0.6450485191106796, 0.6429176105976104, 0.6449087433576584, 0.6424468977212906, 0.6431471326828003, 0.6430692808389664, 0.641597509264946, 0.643289315533638, 0.6425716337203979, 0.644694031238556, 0.6434282985210419, 0.6445289818048477, 0.644529854273796, 0.6427360046863556, 0.6427857589483261, 0.6408389729738235, 0.6443561322927475, 0.6442731936216355, 0.6443239951610565, 0.6414852906942368, 0.6421542028903962, 0.6440140209913254, 0.6437534448623657, 0.6460858903408051, 0.6415162390947342, 0.6417144406795502, 0.6437572820186614, 0.6423992841005325],