{"avg": [0.7166, 0.5892999999999999, 0.54382, 0.4568, 0.36834, 0.37239999999999995, 0.31694, 0.29352, 0.26502, 0.19666, 0.19334], "std": [0.0, 0.09280221980103708, 0.04856444790173159, 0.07095057434580779, 0.07177825854672151, 0.04257229145817735, 0.08255666175421582, 0.05419230203635938, 0.07349501751819643, 0.01536809682426552, 0.03062538816080541], "loss_avg": [63.635824501514435, 96.58642437458039, 106.2812328338623, 125.13639988899232, 145.6224815607071, 143.99530591964722, 161.6763862133026, 158.43679349422456, 167.7753635406494, 185.6893492937088, 190.0472282886505], "loss_std": [0.0, 27.7040692448931, 14.11709423541136, 19.219849482225722, 20.330133143162133, 10.072426679428169, 27.42417817097228, 12.665283711232439, 22.35925363768185, 17.219358247946552, 18.67493321399219]}