{"avg": [0.7928, 0.74112, 0.67272, 0.6067600000000001, 0.54536, 0.50086, 0.35752000000000006, 0.3906, 0.33024, 0.27546, 0.24697999999999998], "std": [0.0, 0.012459759227208215, 0.023150412523322356, 0.028540469512606127, 0.03860339881409408, 0.04956146083399881, 0.038514589443482315, 0.0505835546398234, 0.0437704283735035, 0.08481911576997252, 0.05522258233730111], "min": [0.7928, 0.7188, 0.6466, 0.5737, 0.4793, 0.4202, 0.3281, 0.3139, 0.2706, 0.1965, 0.1743], "max": [0.7928, 0.7538, 0.7018, 0.6482, 0.5835, 0.5729, 0.4306, 0.4599, 0.3878, 0.4151, 0.3245], "all_values": [[0.7928, 0.7928, 0.7928, 0.7928, 0.7928], [0.7188, 0.7519, 0.741, 0.7538, 0.7401], [0.6585, 0.7018, 0.6573, 0.6466, 0.6994], [0.6165, 0.5753, 0.5737, 0.6201, 0.6482], [0.4793, 0.5799, 0.5565, 0.5276, 0.5835], [0.5729, 0.4202, 0.5205, 0.487, 0.5037], [0.3306, 0.3281, 0.3623, 0.336, 0.4306], [0.3139, 0.3842, 0.3661, 0.4599, 0.4289], [0.3347, 0.2924, 0.3878, 0.3657, 0.2706], [0.4151, 0.2019, 0.2332, 0.1965, 0.3306], [0.2958, 0.3245, 0.2283, 0.1743, 0.212]], "loss_all_values": [[49.04363113641739, 49.04363113641739, 49.04363113641739, 49.04363113641739, 49.04363113641739], [68.0489102602005, 57.9292194545269, 63.993078500032425, 57.27380809187889, 60.09889939427376], [83.8731501698494, 69.69164764881134, 89.0041309595108, 84.18914502859116, 70.20443511009216], [89.0220228433609, 105.46524369716644, 104.83401024341583, 90.91259449720383, 80.77646172046661], [137.02583062648773, 96.13112735748291, 100.44225370883942, 114.67250037193298, 97.17160701751709], [99.13560456037521, 144.62297809123993, 106.0723147392273, 115.81258463859558, 118.9855250120163], [157.814812541008, 161.40826904773712, 152.37290984392166, 161.17373311519623, 126.6058521270752], [166.91945207118988, 139.61655628681183, 153.20684945583344, 121.5902898311615, 129.8021503686905], [156.89916682243347, 155.73667633533478, 143.7997851371765, 146.47725176811218, 172.83763206005096], [131.74647843837738, 181.7266572713852, 204.5948724746704, 215.69854736328125, 161.81690573692322], [157.56750655174255, 151.19586825370789, 199.52173352241516, 192.34238266944885, 180.33412623405457]]}