{"avg": [0.8172, 0.7730600000000001, 0.7348999999999999, 0.6721600000000001, 0.61066, 0.5744, 0.44284, 0.40972, 0.31812, 0.32022000000000006, 0.28096], "std": [0.0, 0.010272020249201241, 0.030905080488489278, 0.026943095590521878, 0.07105385563078193, 0.0502652961793721, 0.05652060155376976, 0.08908740427243349, 0.07897760188813029, 0.037106516947835455, 0.0656914788994737], "min": [0.8172, 0.7601, 0.6748, 0.6467, 0.4839, 0.5073, 0.3577, 0.2757, 0.2215, 0.2715, 0.2236], "max": [0.8172, 0.7849, 0.7603, 0.7106, 0.6886, 0.6627, 0.536, 0.513, 0.4586, 0.384, 0.3979], "all_values": [[0.8172, 0.8172, 0.8172, 0.8172, 0.8172], [0.7849, 0.7842, 0.7633, 0.7601, 0.7728], [0.7382, 0.7533, 0.7603, 0.6748, 0.7479], [0.6482, 0.6985, 0.7106, 0.6467, 0.6568], [0.5888, 0.6381, 0.4839, 0.6539, 0.6886], [0.5615, 0.6627, 0.5784, 0.5073, 0.5621], [0.4373, 0.444, 0.4392, 0.536, 0.3577], [0.4822, 0.4385, 0.513, 0.2757, 0.3392], [0.3064, 0.275, 0.4586, 0.2215, 0.3291], [0.2715, 0.3015, 0.384, 0.3286, 0.3155], [0.2236, 0.3979, 0.232, 0.3085, 0.2428]], "loss_all_values": [[43.94813334941864, 43.94813334941864, 43.94813334941864, 43.94813334941864, 43.94813334941864], [49.95566099882126, 51.27399134635925, 56.55308663845062, 55.274781346321106, 53.138879150152206], [60.7339928150177, 57.859776347875595, 55.58985176682472, 75.8914600610733, 59.69531178474426], [79.69053968787193, 67.83798432350159, 69.16729605197906, 81.46675908565521, 79.75951617956161], [96.56269204616547, 83.0502541065216, 130.79854154586792, 81.18394899368286, 71.56073874235153], [98.47485500574112, 76.9376648068428, 95.13728028535843, 126.84186732769012, 100.66712272167206], [135.59514808654785, 128.5003124475479, 137.29717791080475, 102.99500906467438, 157.91739809513092], [121.29130148887634, 122.35440623760223, 109.66067600250244, 202.45302987098694, 181.5585925579071], [179.75906085968018, 160.65250420570374, 125.88230991363525, 165.32980251312256, 168.09666287899017], [196.48703956604004, 180.52909314632416, 139.79413998126984, 178.8480236530304, 162.71936011314392], [180.83335041999817, 140.71478986740112, 182.06710743904114, 167.10498046875, 171.33785474300385]]}