{"avg": [0.8301999999999999, 0.8247, 0.82234, 0.82004, 0.8157799999999998, 0.81031, 0.8065599999999999, 0.8025399999999999, 0.7966300000000001, 0.79252, 0.7888200000000001], "std": [1.1102230246251565e-16, 0.004219004621945786, 0.0029230805667993386, 0.007213348736890521, 0.006611626123730839, 0.006402257414381277, 0.00742026953688342, 0.00922054228340178, 0.010499623802784554, 0.013105708679808202, 0.009966323293973565], "min": [0.8302, 0.8134, 0.8173, 0.8002, 0.8045, 0.7955, 0.7912, 0.7865, 0.7793, 0.7713, 0.7699], "max": [0.8302, 0.8286, 0.8257, 0.8272, 0.8228, 0.8189, 0.8182, 0.8144, 0.8109, 0.8099, 0.809], "all_values": [[0.8302, 0.8302, 0.8302, 0.8302, 0.8302, 0.8302, 0.8302, 0.8302, 0.8302, 0.8302], [0.8286, 0.8241, 0.8285, 0.8257, 0.8271, 0.8244, 0.8134, 0.8259, 0.8222, 0.8271], [0.8204, 0.8208, 0.8255, 0.8244, 0.8244, 0.8181, 0.822, 0.8248, 0.8257, 0.8173], [0.8214, 0.8002, 0.8222, 0.8272, 0.8263, 0.8165, 0.8234, 0.8224, 0.8206, 0.8202], [0.8228, 0.8179, 0.8208, 0.8097, 0.8045, 0.8221, 0.8058, 0.8173, 0.8141, 0.8228], [0.8163, 0.8074, 0.7955, 0.8114, 0.8126, 0.8189, 0.812, 0.8101, 0.815, 0.8039], [0.7993, 0.8136, 0.8068, 0.8133, 0.8034, 0.7912, 0.8038, 0.8058, 0.8182, 0.8102], [0.8023, 0.7865, 0.8144, 0.8036, 0.8029, 0.8132, 0.7963, 0.8143, 0.802, 0.7899], [0.7815, 0.7982, 0.8025, 0.8109, 0.7903, 0.8087, 0.8043, 0.7793, 0.7888, 0.8018], [0.8037, 0.7973, 0.8099, 0.7713, 0.801, 0.7856, 0.8075, 0.7934, 0.782, 0.7735], [0.809, 0.7941, 0.7806, 0.7858, 0.7917, 0.7978, 0.7895, 0.7699, 0.7862, 0.7836]], "loss_all_values": [[41.072549909353256, 41.072549909353256, 41.072549909353256, 41.072549909353256, 41.072549909353256, 41.072549909353256, 41.072549909353256, 41.072549909353256, 41.072549909353256, 41.072549909353256], [41.45255592465401, 41.70019343495369, 41.313619166612625, 42.706946939229965, 41.70392465591431, 42.778587967157364, 44.774864196777344, 41.51114371418953, 43.114023655653, 41.45355463027954], [42.56480461359024, 42.665385603904724, 41.841403782367706, 42.5091138780117, 42.320033103227615, 43.84751304984093, 43.11512333154678, 42.00671336054802, 41.91844594478607, 43.66715186834335], [42.54056495428085, 47.83699128031731, 42.5295287668705, 41.950058192014694, 42.03746834397316, 43.90471825003624, 42.17673695087433, 41.68794363737106, 42.77534228563309, 42.891439974308014], [42.18566793203354, 43.761347115039825, 43.048246175050735, 45.1088010519743, 46.126174598932266, 43.60323020815849, 46.5560288131237, 44.031811624765396, 44.99688941240311, 43.247398525476456], [44.8898931145668, 44.674410969018936, 49.10952642560005, 44.116972863674164, 45.451094806194305, 42.798220336437225, 44.20967322587967, 45.55199372768402, 44.5171719789505, 46.616795122623444], [47.256573021411896, 44.23344677686691, 46.853310853242874, 44.43164683878422, 45.885193049907684, 50.01846557855606, 46.4898596405983, 46.53638733923435, 43.55384784936905, 44.77067083120346], [47.25883033871651, 49.671945720911026, 45.01168128848076, 46.87508624792099, 46.448241859674454, 44.52966612577438, 49.999834179878235, 44.302913784980774, 47.11685201525688, 52.03598943352699], [51.53006154298782, 48.55392634868622, 47.22622236609459, 45.08302506804466, 50.20780545473099, 46.1298021376133, 46.0038577914238, 52.825636982917786, 51.01131370663643, 48.204882115125656], [47.341289937496185, 47.37827643752098, 44.2872299849987, 54.15941169857979, 46.439760863780975, 51.218296229839325, 45.514616310596466, 48.18460601568222, 51.74298897385597, 53.91315317153931], [45.35217270255089, 49.67179471254349, 51.75025215744972, 51.34636488556862, 49.48062688112259, 48.00046470761299, 50.0861391723156, 54.53110924363136, 51.08881622552872, 51.32305362820625]]}