{"avg": [0.7867, 0.73934, 0.6654, 0.5908, 0.5218399999999999, 0.42923999999999995, 0.375, 0.3837400000000001, 0.31388000000000005, 0.26614, 0.21958000000000003], "std": [0.0, 0.013690960521453566, 0.028388377903642188, 0.018741184594363285, 0.04480016071399745, 0.040550146732163624, 0.08040146764829606, 0.046779722102637575, 0.04418549083126722, 0.03990932723061114, 0.0529863152144023], "min": [0.7867, 0.7211, 0.6399, 0.5701, 0.4513, 0.377, 0.2756, 0.2937, 0.2706, 0.1885, 0.1273], "max": [0.7867, 0.7557, 0.7176, 0.6139, 0.58, 0.4815, 0.5063, 0.4231, 0.3976, 0.2995, 0.2927], "all_values": [[0.7867, 0.7867, 0.7867, 0.7867, 0.7867], [0.7211, 0.7557, 0.7502, 0.7443, 0.7254], [0.6723, 0.6532, 0.644, 0.6399, 0.7176], [0.6117, 0.6139, 0.5726, 0.5701, 0.5857], [0.5161, 0.5581, 0.58, 0.5037, 0.4513], [0.4062, 0.4815, 0.4721, 0.4094, 0.377], [0.2756, 0.4158, 0.3175, 0.3598, 0.5063], [0.2937, 0.4131, 0.4231, 0.3845, 0.4043], [0.3976, 0.2893, 0.2973, 0.2706, 0.3146], [0.2995, 0.2807, 0.2902, 0.1885, 0.2718], [0.2313, 0.1273, 0.2256, 0.2927, 0.221]], "loss_all_values": [[50.344097316265106, 50.344097316265106, 50.344097316265106, 50.344097316265106, 50.344097316265106], [67.08450645208359, 56.13425716757774, 58.56254959106445, 66.1908153295517, 63.88512194156647], [77.61961930990219, 85.09448999166489, 84.14109057188034, 85.36953353881836, 64.63778561353683], [92.24754297733307, 92.26490592956543, 100.28019660711288, 103.80786001682281, 99.49385911226273], [113.31378102302551, 96.45062446594238, 97.49054610729218, 112.04314732551575, 143.35975444316864], [132.81488466262817, 124.11204159259796, 126.49068975448608, 136.08886682987213, 154.24678230285645], [180.5863437652588, 126.68595969676971, 172.33142757415771, 144.45664966106415, 108.00990396738052], [179.20285761356354, 132.51760029792786, 125.93854653835297, 147.9009224176407, 138.23069727420807], [140.89728951454163, 166.9026505947113, 164.58887434005737, 172.87967908382416, 146.0233577489853], [152.01021993160248, 173.7501790523529, 164.04047441482544, 182.13331818580627, 160.8825080394745], [173.57054114341736, 239.97510266304016, 175.36808395385742, 158.36793386936188, 174.45153665542603]]}