{"avg": [0.7165999999999999, 0.70507, 0.6910000000000001, 0.67862, 0.6775399999999999, 0.6675599999999999, 0.65778, 0.64301, 0.6420100000000001, 0.63928, 0.61731], "std": [1.1102230246251565e-16, 0.007828927129562525, 0.02525121779241546, 0.032185673831691006, 0.022253548031718445, 0.021730862845271464, 0.02946145957008918, 0.026694285905414308, 0.029524140969721703, 0.023253034210614327, 0.034722109670928696], "min": [0.7166, 0.6877, 0.6245, 0.5955, 0.632, 0.6148, 0.5968, 0.5932, 0.5872, 0.6031, 0.5322], "max": [0.7166, 0.7123, 0.7129, 0.7074, 0.7039, 0.6983, 0.6949, 0.6789, 0.6802, 0.6747, 0.656], "all_values": [[0.7166, 0.7166, 0.7166, 0.7166, 0.7166, 0.7166, 0.7166, 0.7166, 0.7166, 0.7166], [0.7096, 0.71, 0.7104, 0.7103, 0.6999, 0.6944, 0.708, 0.6877, 0.7081, 0.7123], [0.7094, 0.6943, 0.7098, 0.6768, 0.7129, 0.6832, 0.686, 0.7061, 0.707, 0.6245], [0.697, 0.6793, 0.7019, 0.692, 0.6895, 0.6649, 0.7074, 0.6543, 0.7044, 0.5955], [0.6769, 0.6691, 0.6713, 0.6721, 0.7023, 0.6535, 0.7036, 0.632, 0.7039, 0.6907], [0.6983, 0.6148, 0.6541, 0.6568, 0.6694, 0.6869, 0.6642, 0.6802, 0.672, 0.6789], [0.5968, 0.6756, 0.6769, 0.6534, 0.644, 0.6788, 0.6794, 0.6949, 0.6622, 0.6158], [0.6265, 0.6655, 0.6789, 0.6639, 0.6312, 0.643, 0.6061, 0.5932, 0.661, 0.6608], [0.5872, 0.6276, 0.6632, 0.6132, 0.6541, 0.6802, 0.6447, 0.6662, 0.61, 0.6737], [0.6292, 0.663, 0.6488, 0.6273, 0.6747, 0.6265, 0.6031, 0.6725, 0.6339, 0.6138], [0.6384, 0.6, 0.6513, 0.656, 0.5322, 0.6251, 0.6399, 0.6173, 0.6239, 0.589]], "loss_all_values": [[63.635824501514435, 63.635824501514435, 63.635824501514435, 63.635824501514435, 63.635824501514435, 63.635824501514435, 63.635824501514435, 63.635824501514435, 63.635824501514435, 63.635824501514435], [65.03173661231995, 64.81774717569351, 65.51250541210175, 66.11265766620636, 66.84428262710571, 67.82435512542725, 66.05043238401413, 70.24051970243454, 66.505097925663, 64.72464060783386], [65.12373626232147, 69.44863164424896, 65.58903455734253, 73.15921759605408, 65.05351603031158, 73.32641470432281, 71.33208304643631, 66.24182343482971, 65.5971844792366, 87.9310514330864], [67.99315166473389, 72.68963861465454, 66.637482047081, 70.40989422798157, 70.50417238473892, 76.40700709819794, 65.40364789962769, 78.96710431575775, 67.4752687215805, 93.89475280046463], [73.72050696611404, 73.76784443855286, 75.84849208593369, 75.0407504439354, 66.59271359443665, 78.64882522821426, 67.41405749320984, 82.33819532394409, 67.64750909805298, 69.68525850772858], [68.67544722557068, 87.63414734601974, 80.24537134170532, 77.85337668657303, 75.29670351743698, 70.89592981338501, 76.85079354047775, 72.93938446044922, 72.52957773208618, 73.00905627012253], [96.97522574663162, 74.18433564901352, 72.86794459819794, 77.59391021728516, 78.13706064224243, 72.2544903755188, 72.5809166431427, 69.31491100788116, 75.6127433180809, 91.7737649679184], [84.34338229894638, 73.99122774600983, 73.1088337302208, 76.0923302769661, 83.56980609893799, 80.69370424747467, 86.90345513820648, 92.12135791778564, 76.88436049222946, 76.52775675058365], [95.17013454437256, 82.72629761695862, 75.43837732076645, 88.16369467973709, 77.91617798805237, 72.1066505908966, 82.92815315723419, 76.41683113574982, 90.49734544754028, 75.47589755058289], [83.78579097986221, 77.28089970350266, 81.00037217140198, 84.67498344182968, 73.39222085475922, 85.89114660024643, 88.53223526477814, 73.57617729902267, 81.82036262750626, 85.80899453163147], [83.49596184492111, 90.06062144041061, 78.86094373464584, 78.63737362623215, 105.11012184619904, 83.18871688842773, 81.2637425661087, 87.11371451616287, 85.25707924365997, 87.85104942321777]]}