{"avg": [0.8172, 0.81333, 0.8084, 0.8048399999999999, 0.7990700000000001, 0.79544, 0.7966599999999999, 0.79158, 0.77769, 0.78706, 0.7677099999999999], "std": [0.0, 0.0014906709898565727, 0.0027917736297916407, 0.006487403178468261, 0.0054061169058761795, 0.005531401269117987, 0.007217922138676742, 0.008227368959758648, 0.015152191260672509, 0.010492206631590891, 0.01332542307020681], "min": [0.8172, 0.8105, 0.8027, 0.7906, 0.7882, 0.7845, 0.78, 0.7772, 0.7422, 0.7687, 0.7396], "max": [0.8172, 0.816, 0.8119, 0.8122, 0.806, 0.8018, 0.8049, 0.802, 0.7966, 0.7987, 0.7822], "all_values": [[0.8172, 0.8172, 0.8172, 0.8172, 0.8172, 0.8172, 0.8172, 0.8172, 0.8172, 0.8172], [0.8146, 0.8105, 0.8126, 0.814, 0.8132, 0.8144, 0.8117, 0.816, 0.8126, 0.8137], [0.8108, 0.8075, 0.8046, 0.8107, 0.807, 0.8095, 0.8027, 0.8119, 0.8091, 0.8102], [0.8089, 0.8089, 0.8076, 0.8122, 0.7906, 0.8055, 0.805, 0.7968, 0.8116, 0.8013], [0.806, 0.7987, 0.7882, 0.8011, 0.806, 0.7918, 0.7966, 0.7988, 0.8013, 0.8022], [0.8001, 0.7845, 0.798, 0.7983, 0.7872, 0.7994, 0.7935, 0.7925, 0.8018, 0.7991], [0.7987, 0.802, 0.7974, 0.8049, 0.7946, 0.7884, 0.78, 0.7984, 0.8048, 0.7974], [0.7882, 0.7962, 0.7944, 0.7775, 0.802, 0.789, 0.7931, 0.7996, 0.7986, 0.7772], [0.7641, 0.7819, 0.7826, 0.7869, 0.7422, 0.7966, 0.7768, 0.7889, 0.7675, 0.7894], [0.7969, 0.7801, 0.797, 0.7717, 0.7987, 0.7856, 0.7826, 0.7923, 0.7687, 0.797], [0.7593, 0.7738, 0.7682, 0.7396, 0.7732, 0.7493, 0.7822, 0.7766, 0.7813, 0.7736]], "loss_all_values": [[43.94813334941864, 43.94813334941864, 43.94813334941864, 43.94813334941864, 43.94813334941864, 43.94813334941864, 43.94813334941864, 43.94813334941864, 43.94813334941864, 43.94813334941864], [44.78653159737587, 44.902736216783524, 44.52082061767578, 44.67096960544586, 44.46218007802963, 44.339156448841095, 44.795244097709656, 44.30237051844597, 44.62577524781227, 44.70394974946976], [45.41300445795059, 45.807108491659164, 46.59407079219818, 45.073779091238976, 45.622026175260544, 45.42036244273186, 46.788158535957336, 45.15181654691696, 45.345270216464996, 45.13370630145073], [45.65731531381607, 45.65151599049568, 45.83993601799011, 44.21961227059364, 50.17842262983322, 46.63205599784851, 46.03714534640312, 47.96213787794113, 44.877922371029854, 46.55339941382408], [46.005471378564835, 47.51722624897957, 51.22273209691048, 47.62998029589653, 45.884341567754745, 48.47015339136124, 48.212504118680954, 48.59872576594353, 47.30649331212044, 47.109177976846695], [48.45375818014145, 51.38832804560661, 47.74244400858879, 47.008875638246536, 50.81979817152023, 46.83279877901077, 48.34276020526886, 48.792159020900726, 47.01333796977997, 47.922179222106934], [47.50401011109352, 47.12758049368858, 48.35715427994728, 46.17181879281998, 48.97235783934593, 49.99467149376869, 52.2413070499897, 48.48230901360512, 46.362050890922546, 47.98768752813339], [49.07728835940361, 47.941446125507355, 47.486869275569916, 53.06139522790909, 47.08023741841316, 49.87564918398857, 47.743591874837875, 47.554213494062424, 47.25369781255722, 51.648443818092346], [55.59431454539299, 50.925772935152054, 52.21697852015495, 49.60901474952698, 61.34952029585838, 48.411500334739685, 52.698519706726074, 49.366924196481705, 54.80226707458496, 50.464201867580414], [47.48526415228844, 51.88086971640587, 47.80518275499344, 52.747173339128494, 47.884699046611786, 50.39279121160507, 52.22134482860565, 49.3489545583725, 53.7022305727005, 48.84394887089729], [57.93148747086525, 53.751130163669586, 53.714354902505875, 63.9831148982048, 53.62355417013168, 59.86827006936073, 51.46117806434631, 51.344154089689255, 51.14779570698738, 54.30721029639244]]}