{"avg": [0.8214, 0.7715400000000001, 0.72034, 0.6494800000000001, 0.5789199999999999, 0.5223, 0.44958, 0.39566, 0.35761999999999994, 0.28914, 0.29510000000000003], "std": [0.0, 0.003680543438135158, 0.02133547280938486, 0.04649853331020238, 0.030115603928860524, 0.03574582493103218, 0.08124354497435471, 0.05464015373331229, 0.05462737042911732, 0.03328889304257504, 0.0397530879303734], "loss_avg": [45.61940538883209, 55.89479632675648, 67.56453444063663, 86.22726405858994, 105.0021057486534, 115.12766807079315, 137.109573084116, 151.8621738910675, 153.93940317630768, 174.0609308719635, 170.88599421977997], "loss_std": [0.0, 1.375121138577081, 6.622348818545134, 15.465687599372897, 10.97767221547267, 10.621616580219818, 30.597660759916835, 21.301161854270376, 17.560618116299104, 13.816191284731309, 16.224353215336947]}