{"train_acc_v": [18.374, 29.404, 35.88, 40.284, 43.378, 46.772, 49.97, 52.92, 55.828, 58.418, 60.474, 62.376, 63.98, 65.568, 66.382, 67.472, 68.874, 69.842, 70.28, 71.19, 71.95, 72.612, 73.46, 73.726, 74.46, 75.072, 75.438, 75.756, 76.298, 76.798, 77.134, 77.772, 78.262, 78.57, 78.978, 79.406, 79.858, 81.496, 82.15, 82.288, 82.32, 82.518, 82.744, 82.726, 82.768, 82.752, 82.826, 82.734, 82.85, 82.836, 82.814, 82.92, 82.764, 82.95, 82.796, 82.896, 82.762, 82.494, 82.726, 82.892, 83.042, 82.85, 82.77, 82.772, 82.816, 82.77, 82.862, 82.92, 82.766, 82.96, 82.722, 82.852, 82.87, 82.558, 82.856, 82.968, 82.848, 82.822, 82.732, 82.832, 82.674, 82.648, 82.844, 82.836, 82.862, 82.886, 82.89, 82.774, 82.772, 82.792, 82.786, 82.678, 82.596, 82.786, 83.036, 82.728, 82.816, 82.842, 82.782, 82.952, 82.818, 83.012, 82.9, 82.83, 82.854, 82.67, 83.074, 82.654, 82.842, 82.762, 83.034, 82.63, 82.662, 82.78, 82.908, 82.892, 82.924, 82.704, 82.876, 83.052], "train_loss_v": [2.979025774459839, 1.8838121072006226, 1.717509337120056, 1.603897839126587, 1.514722686958313, 1.4377268740463256, 1.3591029271697999, 1.2862483782196046, 1.216771932449341, 1.1537354920578002, 1.100976584701538, 1.0512719699859618, 1.0076847350883484, 0.9649593127632141, 0.9395477032852173, 0.9098969139671326, 0.87751069688797, 0.8546439172744751, 0.8343297099685669, 0.8107565248298645, 0.792146589794159, 0.775773627910614, 0.7573391339683533, 0.7386817711257935, 0.7235581505012513, 0.7052812823486329, 0.694129902973175, 0.681655030632019, 0.6675277063179016, 0.655998240146637, 0.6456819456481934, 0.6297550108146668, 0.6157262401771545, 0.6041880394744873, 0.6007987372112275, 0.5850072033882141, 0.5740284350395203, 0.5299577319431305, 0.5075751616287232, 0.5004095957946777, 0.49789630571365356, 0.49546256328582766, 0.4897336244869232, 0.491591696395874, 0.4877499283981323, 0.4882066756820679, 0.4877682812309265, 0.4883184603977203, 0.48562230268478396, 0.4879121661567688, 0.483651968126297, 0.48381262622833254, 0.4889291372489929, 0.48340939460754395, 0.4861715762710571, 0.48653623701095583, 0.4851599057197571, 0.4893979196357727, 0.4876939428901672, 0.48652584266662596, 0.4859004734802246, 0.4871359453392029, 0.48560800473213195, 0.48710587203979494, 0.48696301860809327, 0.488925394039154, 0.4839504244709015, 0.48497142904281615, 0.4911104151248932, 0.4826400218963623, 0.4907466543769836, 0.48589191891670225, 0.48713483284950254, 0.49088340630531313, 0.4874559820842743, 0.4829187293815613, 0.48529452236175535, 0.48637959239959716, 0.4886796326065063, 0.48660034720420836, 0.4900883145427704, 0.4912127040863037, 0.4874605049133301, 0.48756041051864624, 0.48557929334640504, 0.48739275108337404, 0.48486829675674437, 0.4874764461326599, 0.4879835591888428, 0.4885920684814453, 0.4883077624130249, 0.4896289530086517, 0.4912239528846741, 0.48600582054138186, 0.4832482088279724, 0.48890245590209963, 0.48801793733596804, 0.4872014323425293, 0.485100290813446, 0.48684481234550475, 0.48719794442176817, 0.481516098241806, 0.4862077075004578, 0.4851274622058868, 0.48978349035263063, 0.49008648580551145, 0.4831114819717407, 0.4895425240707397, 0.4850845986175537, 0.48908993263244627, 0.4845220534801483, 0.48841104679107666, 0.4905494041061401, 0.48772669923782347, 0.4827780452156067, 0.4856167565727234, 0.48470987281799316, 0.48816862767219543, 0.48586281865119935, 0.48384016443252564], "test_acc_v": [25.15, 34.38, 38.66, 41.3, 43.23, 46.99, 53.73, 54.23, 55.98, 61.04, 60.97, 62.87, 65.51, 62.38, 67.17, 63.59, 69.03, 66.88, 69.6, 69.86, 71.21, 68.68, 69.47, 69.76, 72.02, 73.65, 72.96, 74.53, 72.15, 74.77, 75.19, 75.06, 75.62, 75.08, 74.83, 76.21, 75.88, 78.32, 78.48, 78.46, 78.38, 78.62, 78.84, 78.68, 78.82, 78.88, 78.66, 78.73, 78.73, 78.69, 78.75, 78.74, 78.78, 78.74, 78.72, 78.78, 78.82, 78.88, 78.82, 78.73, 78.7, 78.82, 78.79, 78.9, 78.77, 78.69, 78.82, 78.81, 78.85, 78.76, 78.79, 78.83, 78.83, 78.76, 78.88, 78.76, 78.61, 78.8, 78.84, 78.78, 78.83, 78.75, 78.75, 78.77, 78.78, 78.73, 78.73, 78.8, 78.61, 78.72, 78.73, 78.61, 78.72, 78.65, 78.79, 78.71, 78.89, 78.79, 78.77, 78.77, 78.85, 78.71, 78.74, 78.76, 78.79, 78.73, 78.78, 78.84, 78.77, 78.83, 78.69, 78.86, 78.86, 78.76, 78.75, 78.87, 78.62, 78.69, 78.78, 78.67], "test_loss_v": [2.084688530731201, 1.8073369674682618, 1.6898845077514648, 1.5798238874435424, 1.5848836923599243, 1.546703371810913, 1.2677920778274536, 1.3509169057846069, 1.239243182373047, 1.1073239303588867, 1.1188044366836547, 1.0551755230903626, 0.9999495893478394, 1.0694897227287292, 0.9503188368797302, 1.0599845388412477, 0.8975450933456421, 0.9795807969093323, 0.963295401096344, 0.8842029305458069, 0.8622583337783813, 1.0293663162231446, 0.9140073375701905, 0.9163819298267365, 0.8104406137466431, 0.7788419757843018, 0.797065843963623, 0.7547775540351868, 0.8529689026832581, 0.7386252980232239, 0.7396173526763916, 0.7457530771255493, 0.7241617932319641, 0.743408019733429, 0.7364804861545563, 0.7628002889633179, 0.7418955676555633, 0.636843162727356, 0.6373485242366791, 0.6442513696193695, 0.6417254579544067, 0.6393995121002197, 0.6375951928138733, 0.6374799022674561, 0.6370419918060303, 0.6385706619262695, 0.6390782800197601, 0.6414359228134155, 0.636028026676178, 0.6402930502891541, 0.6382917326927185, 0.6371493448734283, 0.6368538460731507, 0.6384788419246673, 0.6378987003326416, 0.6357346961975098, 0.6374759646415711, 0.6350540865898132, 0.6382282405376435, 0.6383564189910889, 0.640287966299057, 0.6389140008926392, 0.6371040702342987, 0.6356495240688324, 0.6373375835418701, 0.6379861539363861, 0.6351095407962799, 0.6374461083412171, 0.6381275713920593, 0.6384838542938233, 0.637311986207962, 0.6380080442905426, 0.6369239159584046, 0.6361168575763703, 0.63662159075737, 0.6383510883331299, 0.638084381723404, 0.6386698924064637, 0.6386504709720612, 0.6375647033691406, 0.6390100236415863, 0.6370008120059967, 0.637832666015625, 0.6375381205081939, 0.6377802510261535, 0.6384523684024811, 0.6389721855163574, 0.6391714650154113, 0.6404491424083709, 0.6365905366897583, 0.6374247556209565, 0.639166126537323, 0.6400053191184998, 0.6405367939949036, 0.6374305883407593, 0.6389590750217438, 0.6379194636821747, 0.6381714957237243, 0.6385438156127929, 0.6381511780261994, 0.634383819770813, 0.6389242523193359, 0.6368126695156098, 0.6371266147613526, 0.636117050409317, 0.636872733259201, 0.6358575669765473, 0.639896641921997, 0.6391588886737823, 0.6374059038639068, 0.6371180812835693, 0.635392867565155, 0.6376935771465302, 0.6400487655162811, 0.6401214081287384, 0.6365571698188782, 0.6387125570297241, 0.6403061103343963, 0.6356728411674499, 0.6395741866111755],