{"avg": [0.7928, 0.78785, 0.78284, 0.77726, 0.7737100000000001, 0.76373, 0.7647999999999999, 0.7529999999999999, 0.7383600000000001, 0.74129, 0.7460799999999999], "std": [0.0, 0.0016954350474140758, 0.003507762819804115, 0.00585853223939239, 0.006394912040051835, 0.01106183077071784, 0.009108347819445634, 0.013978841153686512, 0.012228671227897158, 0.024723974195100595, 0.013426228063011584], "min": [0.7928, 0.7848, 0.7782, 0.7665, 0.7632, 0.734, 0.7512, 0.7235, 0.7186, 0.682, 0.7227], "max": [0.7928, 0.7899, 0.788, 0.7865, 0.7852, 0.7759, 0.7818, 0.7728, 0.7567, 0.7758, 0.7667], "all_values": [[0.7928, 0.7928, 0.7928, 0.7928, 0.7928, 0.7928, 0.7928, 0.7928, 0.7928, 0.7928], [0.7895, 0.7863, 0.7884, 0.7892, 0.7877, 0.7886, 0.7848, 0.7888, 0.7853, 0.7899], [0.7797, 0.788, 0.7824, 0.7864, 0.7858, 0.7786, 0.783, 0.7796, 0.7782, 0.7867], [0.7782, 0.7834, 0.7816, 0.7723, 0.7665, 0.7799, 0.77, 0.7775, 0.7865, 0.7767], [0.7747, 0.7757, 0.7835, 0.767, 0.7723, 0.7852, 0.7697, 0.7737, 0.7721, 0.7632], [0.734, 0.7736, 0.7658, 0.7635, 0.7686, 0.7695, 0.7759, 0.7585, 0.7623, 0.7656], [0.7714, 0.7711, 0.7586, 0.7536, 0.7818, 0.7672, 0.758, 0.7512, 0.7721, 0.763], [0.7564, 0.7575, 0.7645, 0.7538, 0.738, 0.7592, 0.7407, 0.7728, 0.7636, 0.7235], [0.7275, 0.7567, 0.7448, 0.7409, 0.7395, 0.7553, 0.7461, 0.7264, 0.7278, 0.7186], [0.7485, 0.7284, 0.7523, 0.682, 0.7372, 0.7758, 0.749, 0.7516, 0.7232, 0.7649], [0.7243, 0.7415, 0.7464, 0.7667, 0.759, 0.7533, 0.7511, 0.7227, 0.7414, 0.7544]], "loss_all_values": [[49.043626219034195, 49.043626219034195, 49.043626219034195, 49.043626219034195, 49.043626219034195, 49.043626219034195, 49.043626219034195, 49.043626219034195, 49.043626219034195, 49.043626219034195], [49.86974373459816, 51.323486626148224, 50.44003599882126, 50.57308140397072, 50.198326379060745, 49.85650518536568, 51.6433981359005, 49.71080303192139, 54.81208696961403, 50.1889131963253], [51.90775254368782, 51.48366463184357, 52.205879122018814, 50.590270429849625, 50.17554160952568, 51.881606966257095, 51.445941746234894, 52.84384047985077, 52.97953459620476, 49.959113746881485], [51.40085059404373, 51.29778227210045, 51.881583631038666, 54.14651492238045, 55.81278720498085, 53.25302895903587, 54.78474196791649, 53.8681018948555, 49.897890985012054, 53.99250087141991], [54.11254674196243, 52.690353363752365, 51.467657536268234, 56.13140073418617, 54.365695118904114, 50.95837652683258, 55.30585053563118, 53.555718541145325, 52.70504742860794, 56.27694487571716], [63.17140582203865, 53.32994365692139, 55.43859678506851, 56.67649894952774, 55.2210451066494, 53.83188194036484, 53.417059540748596, 57.46993973851204, 56.45341432094574, 54.95158061385155], [54.19068169593811, 55.84000188112259, 56.72415974736214, 61.802801579236984, 51.13325196504593, 54.994872987270355, 56.188236087560654, 59.160620987415314, 52.82742378115654, 54.314906775951385], [57.4180474281311, 56.79632127285004, 55.97010809183121, 57.77910739183426, 63.516754269599915, 56.69824779033661, 63.29797047376633, 53.35918599367142, 61.42853403091431, 66.80700159072876], [64.64276397228241, 60.9122354388237, 60.089435160160065, 61.88390737771988, 61.47112053632736, 56.59537523984909, 60.205541908741, 66.49704593420029, 65.05443313717842, 69.5250735282898], [59.629142343997955, 66.7148522734642, 58.86264169216156, 82.60604453086853, 61.40958258509636, 52.78761276602745, 60.342647314071655, 58.17416337132454, 66.02775877714157, 55.53134760260582], [65.81558066606522, 61.46101525425911, 58.49907687306404, 53.40477313101292, 56.45725944638252, 59.93965893983841, 57.91984310746193, 65.62280225753784, 63.83156841993332, 58.382830023765564]]}