{"avg": [0.7867, 0.78142, 0.7764900000000001, 0.77077, 0.7655000000000001, 0.7509100000000001, 0.75839, 0.74811, 0.7483600000000001, 0.73577, 0.7272000000000001], "std": [0.0, 0.003687221175899262, 0.007066887575163477, 0.007733569680296399, 0.0063642752926000995, 0.012163095823021377, 0.009308109367642816, 0.008513219132619558, 0.010549710896512753, 0.01832708651149986, 0.023497531785274816], "min": [0.7867, 0.7751, 0.7588, 0.7538, 0.754, 0.7335, 0.736, 0.7348, 0.7298, 0.7016, 0.6698], "max": [0.7867, 0.7874, 0.7839, 0.7797, 0.7758, 0.7682, 0.7696, 0.7665, 0.7672, 0.7589, 0.754], "all_values": [[0.7867, 0.7867, 0.7867, 0.7867, 0.7867, 0.7867, 0.7867, 0.7867, 0.7867, 0.7867], [0.7812, 0.7794, 0.7874, 0.7768, 0.7822, 0.7817, 0.7797, 0.7751, 0.785, 0.7857], [0.7838, 0.7761, 0.7787, 0.7588, 0.7787, 0.7738, 0.7811, 0.7708, 0.7792, 0.7839], [0.7746, 0.7632, 0.7764, 0.7538, 0.7792, 0.7688, 0.7738, 0.7734, 0.7797, 0.7648], [0.754, 0.7596, 0.7718, 0.7658, 0.7615, 0.77, 0.7758, 0.7648, 0.7606, 0.7711], [0.734, 0.7539, 0.7478, 0.7627, 0.7679, 0.7429, 0.743, 0.7552, 0.7335, 0.7682], [0.7633, 0.7626, 0.7617, 0.7593, 0.736, 0.7696, 0.7498, 0.7525, 0.7637, 0.7654], [0.7665, 0.7499, 0.7364, 0.751, 0.753, 0.7458, 0.752, 0.7441, 0.7348, 0.7476], [0.747, 0.7642, 0.7478, 0.7439, 0.7501, 0.7672, 0.747, 0.7368, 0.7298, 0.7498], [0.7542, 0.7549, 0.7168, 0.7245, 0.7202, 0.747, 0.7342, 0.7016, 0.7589, 0.7454], [0.745, 0.723, 0.6698, 0.754, 0.7279, 0.7438, 0.7368, 0.7351, 0.7012, 0.7354]], "loss_all_values": [[50.34409475326538, 50.34409475326538, 50.34409475326538, 50.34409475326538, 50.34409475326538, 50.34409475326538, 50.34409475326538, 50.34409475326538, 50.34409475326538, 50.34409475326538], [51.85024282336235, 51.96667477488518, 50.854669123888016, 54.58297088742256, 51.291960537433624, 52.15264266729355, 51.806777745485306, 52.66378402709961, 50.622393012046814, 50.81978398561478], [50.9146982729435, 52.44684708118439, 52.125628888607025, 57.06050869822502, 52.55074191093445, 52.81033730506897, 51.77648666501045, 53.68788585066795, 52.574163526296616, 50.99034297466278], [53.1141352057457, 58.3732083439827, 52.52162730693817, 59.785145074129105, 52.06593096256256, 53.58312866091728, 53.12662360072136, 53.36933922767639, 51.717433005571365, 57.197502076625824], [58.58429738879204, 56.11267155408859, 54.76234397292137, 56.456498205661774, 56.62287449836731, 56.71673336625099, 53.17213600873947, 57.55296754837036, 56.03746768832207, 53.862122505903244], [63.96262353658676, 60.75017946958542, 59.66571801900864, 55.49359440803528, 54.53077545762062, 59.93873995542526, 64.59305673837662, 57.2646624147892, 64.70057755708694, 56.61002525687218], [55.57591360807419, 55.63041165471077, 57.03840950131416, 57.21857035160065, 61.25593113899231, 54.29652899503708, 58.45758664608002, 59.91653069853783, 56.19236972928047, 54.92803180217743], [58.6480567753315, 58.645196318626404, 60.38803508877754, 58.14502760767937, 57.7463396191597, 60.932001024484634, 57.38928696513176, 61.43272691965103, 63.20618635416031, 60.412400275468826], [58.972129195928574, 56.79258191585541, 58.46973755955696, 60.86180794239044, 59.17252856492996, 54.35114634037018, 61.880097925662994, 62.79905432462692, 65.30105072259903, 59.86354869604111], [58.749790370464325, 59.90000259876251, 73.10540360212326, 63.89728379249573, 66.33856612443924, 59.53434598445892, 63.305642277002335, 71.81573814153671, 58.503572165966034, 57.93976056575775], [61.04118749499321, 65.89963805675507, 79.56811916828156, 57.591655641794205, 64.4237671494484, 60.914204835891724, 60.53089368343353, 63.447792172431946, 72.95346295833588, 61.87374538183212]]}