{"avg": [0.8147, 0.7491000000000001, 0.70226, 0.60558, 0.5121800000000001, 0.5198, 0.40424, 0.38548, 0.34594, 0.27515999999999996, 0.22108], "std": [0.0, 0.01309182951309707, 0.0249272220674507, 0.05701499451898597, 0.025583385233389266, 0.0408315564239229, 0.03956531814607334, 0.028623305190002078, 0.04279759806344275, 0.043493935209405914, 0.050397595180722655], "min": [0.8147, 0.7334, 0.6555, 0.4956, 0.474, 0.4456, 0.3369, 0.3438, 0.2881, 0.1989, 0.1693], "max": [0.8147, 0.7724, 0.7246, 0.6565, 0.5437, 0.5589, 0.4566, 0.4295, 0.3908, 0.3268, 0.2904], "all_values": [[0.8147, 0.8147, 0.8147, 0.8147, 0.8147], [0.7334, 0.7497, 0.7409, 0.7724, 0.7491], [0.7026, 0.7224, 0.6555, 0.7062, 0.7246], [0.6565, 0.6407, 0.4956, 0.6128, 0.6223], [0.5351, 0.474, 0.5437, 0.495, 0.5131], [0.5589, 0.5101, 0.4456, 0.5321, 0.5523], [0.4566, 0.3933, 0.3369, 0.4103, 0.4241], [0.3961, 0.4295, 0.3438, 0.3684, 0.3896], [0.3875, 0.3908, 0.2881, 0.3028, 0.3605], [0.2868, 0.3268, 0.2622, 0.3011, 0.1989], [0.1693, 0.1855, 0.2736, 0.2904, 0.1866]], "loss_all_values": [[45.477338552474976, 45.477338552474976, 45.477338552474976, 45.477338552474976, 45.477338552474976], [66.09757751226425, 61.13906189799309, 64.2581799030304, 53.61411201953888, 59.59337681531906], [73.85153019428253, 67.79284003376961, 84.26053750514984, 70.47711807489395, 66.71436870098114], [78.54536861181259, 81.20154529809952, 138.1448291540146, 93.64907681941986, 93.42138147354126], [109.51323819160461, 135.45284068584442, 107.59577858448029, 128.99462389945984, 125.16225826740265], [103.71425276994705, 119.00370800495148, 140.05793821811676, 106.56096112728119, 100.30272299051285], [133.3606823682785, 149.4715586900711, 167.93625843524933, 139.0078843832016, 158.27643024921417], [148.49382710456848, 136.38877296447754, 168.9660872220993, 146.993793964386, 150.8367372751236], [156.9302258491516, 139.95303678512573, 196.04825115203857, 169.24046432971954, 148.37814891338348], [209.66557693481445, 168.65282201766968, 193.09667992591858, 169.71275389194489, 243.0577495098114], [218.803227186203, 198.9900677204132, 174.22151243686676, 188.6174280643463, 223.83832216262817]]}