{"train_acc_v": [21.608, 34.252, 41.754, 46.814, 51.584, 55.04, 58.262, 61.364, 63.692, 65.58, 67.32, 68.82, 70.078, 71.446, 72.608, 73.336, 74.162, 74.864, 75.798, 76.374, 77.0, 77.622, 78.308, 78.784, 79.434, 79.812, 80.368, 80.872, 81.33, 81.608, 82.194, 82.488, 82.79, 83.078, 83.528, 85.346, 86.132, 86.056, 86.508, 86.442, 86.826, 86.626, 86.964, 86.912, 87.048, 87.158, 87.31, 87.406, 87.228, 87.41, 87.408, 87.364, 87.146, 87.22, 87.368, 87.282, 87.334, 87.552, 87.198, 87.106, 87.13, 87.336, 87.234, 87.186, 87.262, 87.25, 87.142, 87.234, 87.252, 87.376, 87.404, 87.384, 87.192, 87.226, 87.074, 87.418, 87.256, 87.314, 87.372, 87.398, 87.082, 87.352, 87.372, 87.286, 87.344, 87.296, 87.396, 87.294, 87.24, 87.358, 87.332, 87.204, 87.322, 87.264, 87.0, 87.164, 87.024, 87.138, 87.236, 87.226, 87.044, 87.242, 87.314, 87.336, 87.372, 87.218, 87.112, 87.156, 87.31, 87.364, 87.224, 87.282, 87.11, 87.242, 87.346, 87.166, 87.122, 87.2, 87.266, 86.964], "train_loss_v": [2.455141098251343, 1.744919670715332, 1.5635322817611694, 1.4365469968032838, 1.3285668857192994, 1.2334681874847413, 1.15497783367157, 1.0764650976371766, 1.0162787148284913, 0.9652594315338134, 0.917070380821228, 0.8754363502883911, 0.8424418154907226, 0.808389846534729, 0.7789401426315308, 0.7510725682449341, 0.7326393490791321, 0.7077621715354919, 0.6861726264953614, 0.6685537437820435, 0.6478775810623169, 0.6354058180618286, 0.6150907257843018, 0.6007292153549194, 0.5820120023727418, 0.573355949306488, 0.5591863397979736, 0.5443363317489625, 0.5323232189559937, 0.5248745624160767, 0.5086937148380279, 0.4970480401992798, 0.4859291812229157, 0.4785173257064819, 0.4675676334953308, 0.41736839021682737, 0.3980637432098389, 0.39487175361633303, 0.3887998123550415, 0.38572822209358215, 0.3784405654144287, 0.37978746322631834, 0.3715526272964478, 0.3712405039405823, 0.36690714111328127, 0.3636267923927307, 0.36298991229057315, 0.36037067155838015, 0.3625171019077301, 0.36343459648132326, 0.3623070701789856, 0.3625287218284607, 0.3647659247589111, 0.36420184352874757, 0.36450439095497134, 0.36549687314987184, 0.36171898182868956, 0.3582196849632263, 0.3661483262825012, 0.3641019519519806, 0.36695918409347533, 0.3634603760814667, 0.36452778898239135, 0.3666015270042419, 0.36379776042938233, 0.36425539409637453, 0.3623792601776123, 0.36483189005851746, 0.3638690036678314, 0.36057172545433047, 0.3626701016330719, 0.3587336104249954, 0.36304457647323607, 0.36634581508636477, 0.3663122617149353, 0.35893863523483277, 0.3628900214958191, 0.36346565489768984, 0.3619135862636566, 0.36069900705337526, 0.36399502882003787, 0.36157856628417967, 0.3605215221977234, 0.3609883766555786, 0.3629009541511536, 0.35982098958969116, 0.36305313546180723, 0.3611777070569992, 0.36145556106567384, 0.3617693189239502, 0.36083703756332397, 0.36301761021614076, 0.3632734722328186, 0.3641565414714813, 0.36769310401916505, 0.36249239401817324, 0.3680360271644592, 0.3636049558067322, 0.36161243929862974, 0.3631658726787567, 0.3668298268699646, 0.3632843914604187, 0.35934094937324523, 0.35928108156204225, 0.35956883516311644, 0.3637689584827423, 0.3654845008277893, 0.36391460871696474, 0.3629412306690216, 0.36071443565368655, 0.36205256848335265, 0.36356727023124696, 0.3644096267223358, 0.3631252035522461, 0.36373747255325317, 0.36782087286949156, 0.36308523862838743, 0.3617371082496643, 0.3595494334983826, 0.3655335363101959], "test_acc_v": [29.85, 39.96, 43.17, 48.36, 49.25, 50.45, 59.92, 63.18, 64.88, 64.64, 67.99, 68.12, 68.56, 71.59, 72.33, 71.72, 72.45, 74.35, 75.32, 73.62, 75.26, 74.6, 76.11, 77.15, 76.98, 77.41, 78.87, 78.69, 78.1, 78.45, 78.63, 78.94, 79.1, 78.35, 79.3, 81.04, 81.24, 81.35, 81.23, 81.2, 81.32, 81.43, 81.43, 81.63, 81.35, 81.53, 81.58, 81.56, 81.52, 81.5, 81.56, 81.54, 81.57, 81.61, 81.56, 81.48, 81.52, 81.54, 81.52, 81.44, 81.58, 81.49, 81.55, 81.55, 81.42, 81.62, 81.35, 81.45, 81.41, 81.54, 81.51, 81.45, 81.6, 81.61, 81.63, 81.54, 81.56, 81.44, 81.4, 81.51, 81.55, 81.51, 81.67, 81.61, 81.44, 81.57, 81.61, 81.49, 81.48, 81.6, 81.56, 81.56, 81.5, 81.52, 81.69, 81.57, 81.55, 81.58, 81.55, 81.63, 81.5, 81.61, 81.5, 81.53, 81.78, 81.46, 81.66, 81.57, 81.68, 81.44, 81.54, 81.52, 81.45, 81.6, 81.65, 81.61, 81.52, 81.66, 81.52, 81.47], "test_loss_v": [1.8616295890808106, 1.61962168674469, 1.5815671361923218, 1.4534605266571046, 1.409053119277954, 1.4143978357315063, 1.1122644496917724, 1.0366707514762878, 0.9814682950973511, 0.9905914834022522, 0.9212584871292114, 0.9194831572532653, 0.916519614124298, 0.8149404625892639, 0.7989855762481689, 0.8170273550987244, 0.7876103268623352, 0.733690127325058, 0.7188491145133972, 0.7776733945846558, 0.7219386878013611, 0.7364083055973053, 0.6921190747261048, 0.6665959692478179, 0.6724014900684356, 0.669496321773529, 0.6270438864231109, 0.6322374133110047, 0.6426404307842255, 0.6465665584564209, 0.6240333718776703, 0.6255508940219879, 0.6369731540679932, 0.6483516017913818, 0.6258700119495392, 0.5774513407707215, 0.5837613042831421, 0.5769084676265717, 0.5836128477334976, 0.5764018642902374, 0.5805831773757935, 0.5793279398322105, 0.5808884794473648, 0.5801578038215637, 0.5819443007469177, 0.5799376529932022, 0.5799318702697754, 0.5840248624324799, 0.5797436945199966, 0.5791374262809753, 0.577869896030426, 0.5814450678825378, 0.5801877091407776, 0.5836751478433609, 0.5824285727500915, 0.5820662430524826, 0.5810358169555664, 0.5776190281391144, 0.5826032910585404, 0.582792459821701, 0.5814148581504822, 0.5815471395015717, 0.580438280415535, 0.5791601507663727, 0.582767224240303, 0.5798505981445312, 0.5828821646213531, 0.581063524723053, 0.5806018191099167, 0.5797786591529847, 0.5778892335414887, 0.580364660859108, 0.5781525359869003, 0.5797847665309906, 0.578437218117714, 0.5804228044271469, 0.5798900856733322, 0.5821284077644349, 0.5812303556919098, 0.5829685451030732, 0.5783638853311539, 0.5795068186759949, 0.578743191409111, 0.5813213071346283, 0.5801845334529877, 0.581631409907341, 0.581261038851738, 0.5811999781370163, 0.5841538778305053, 0.5809109380245209, 0.5801163682222367, 0.5801316084861755, 0.5803248879194259, 0.5787039282560349, 0.5814369956493378, 0.5783151808977127, 0.5817635305643082, 0.5781472267627716, 0.5797350394248962, 0.581202916765213, 0.5802463704824448, 0.5801213309764862, 0.5801371034860611, 0.5810161154031753, 0.5782517651319504, 0.5802178915739059, 0.5832274258852005, 0.5822745354413986, 0.5821733056783677, 0.5794121029138565, 0.5789440874576569, 0.5808509773492813, 0.5791402982473374, 0.5791275679826736, 0.5810016832828522, 0.5798200802564621, 0.5804002602338791, 0.5786790805578231, 0.5780020136594772, 0.5804240280628205],