{"avg": [0.8301999999999999, 0.7835599999999999, 0.75922, 0.7156800000000001, 0.63846, 0.6031, 0.5154, 0.44566000000000006, 0.41486, 0.37542, 0.33034], "std": [1.1102230246251565e-16, 0.017851901859465863, 0.01257400493080863, 0.02436344803183653, 0.018639163071339858, 0.04589740733418394, 0.0681794983847784, 0.04692600984528731, 0.06835944996853033, 0.054848715572928405, 0.03578751737687318], "loss_avg": [41.072549909353256, 51.78132864832878, 56.34311360120773, 66.17784112691879, 84.37151366472244, 91.21973801851273, 116.95550198554993, 131.76821055412293, 136.34709577560426, 145.228564620018, 151.51959478855133], "loss_std": [0.0, 4.377369231771332, 2.831810877470096, 5.862142382710395, 4.339171689162445, 11.602008034107692, 19.4775481744981, 17.85080099712056, 17.53723739638955, 15.881100828082896, 7.932276490503278]}