{"avg": [0.8157, 0.7607600000000001, 0.7182599999999999, 0.6594800000000001, 0.5955199999999999, 0.5280400000000001, 0.48752000000000006, 0.42029999999999995, 0.38436000000000003, 0.32888, 0.27302], "std": [0.0, 0.013577717039325875, 0.03408088027032167, 0.04093342888153886, 0.03581688987056245, 0.052067709763345675, 0.06046034733608468, 0.04595946039718046, 0.03415345370529898, 0.034371173968894345, 0.029516395443888472], "loss_avg": [44.77135053277016, 57.728143095970154, 68.53979252576828, 84.05592762231826, 97.67369228601456, 114.40801601409912, 125.52434456348419, 142.8087481021881, 148.70745792388917, 155.97533581256866, 176.69437251091003], "loss_std": [0.0, 2.9413473367481524, 8.953537307876598, 11.093494017738074, 10.505678789298731, 13.145949163936532, 18.397709370927476, 19.417969436267164, 7.3597347329994145, 10.40114400307513, 13.891537054135226]}