{"avg": [0.7836999999999998, 0.78038, 0.7731999999999999, 0.7696699999999999, 0.76193, 0.75825, 0.75037, 0.74204, 0.7374999999999999, 0.73051, 0.72973], "std": [1.1102230246251565e-16, 0.002146066168597794, 0.004252998941923234, 0.008555705698538236, 0.01141665888077594, 0.007356799575902552, 0.012243042922411082, 0.012170801124001656, 0.016649444435175614, 0.012361508807584921, 0.015049654481083629], "min": [0.7837, 0.7758, 0.7666, 0.7496, 0.7302, 0.7487, 0.73, 0.7237, 0.6978, 0.7067, 0.7], "max": [0.7837, 0.783, 0.7791, 0.7777, 0.7711, 0.7692, 0.7668, 0.7671, 0.7556, 0.7503, 0.749], "all_values": [[0.7837, 0.7837, 0.7837, 0.7837, 0.7837, 0.7837, 0.7837, 0.7837, 0.7837, 0.7837], [0.783, 0.7828, 0.7826, 0.7812, 0.7786, 0.7758, 0.7803, 0.78, 0.7809, 0.7786], [0.7791, 0.7779, 0.7749, 0.7741, 0.7682, 0.7683, 0.7703, 0.7765, 0.7666, 0.7761], [0.7734, 0.7707, 0.7772, 0.7716, 0.7777, 0.7496, 0.7761, 0.7746, 0.7669, 0.7589], [0.7576, 0.7686, 0.7702, 0.7302, 0.7655, 0.7585, 0.7633, 0.7672, 0.7671, 0.7711], [0.7487, 0.754, 0.7515, 0.7639, 0.7624, 0.7692, 0.763, 0.7675, 0.7491, 0.7532], [0.7441, 0.7438, 0.7325, 0.766, 0.7613, 0.7668, 0.7531, 0.7494, 0.7567, 0.73], [0.7237, 0.7282, 0.7369, 0.7555, 0.7463, 0.7487, 0.736, 0.7394, 0.7386, 0.7671], [0.7429, 0.7525, 0.7327, 0.7556, 0.6978, 0.7523, 0.7279, 0.7242, 0.7459, 0.7432], [0.7414, 0.7183, 0.7448, 0.7295, 0.7067, 0.7331, 0.7503, 0.7284, 0.7313, 0.7213], [0.7261, 0.7456, 0.7, 0.7299, 0.7369, 0.711, 0.749, 0.7189, 0.7371, 0.7428]], "loss_all_values": [[50.37538789212704, 50.37538789212704, 50.37538789212704, 50.37538789212704, 50.37538789212704, 50.37538789212704, 50.37538789212704, 50.37538789212704, 50.37538789212704, 50.37538789212704], [50.885058373212814, 51.084812104701996, 51.27447870373726, 51.553992971777916, 52.02105289697647, 52.5077108591795, 50.892103120684624, 52.379260659217834, 51.434301897883415, 51.50285057723522], [51.62901683151722, 52.15034933388233, 52.947620525956154, 53.27741500735283, 54.78181433677673, 54.16218638420105, 54.29755759239197, 52.4799440652132, 54.78186368942261, 52.92335784435272], [53.99198153614998, 52.86767452955246, 52.95144736766815, 53.19903476536274, 52.431454211473465, 58.83626168966293, 53.2352155148983, 52.60070025920868, 54.25141370296478, 58.5564221739769], [58.03438001871109, 54.412252336740494, 53.07657212018967, 63.215668082237244, 55.57661813497543, 58.70749768614769, 55.08559659123421, 56.10281389951706, 54.434104174375534, 53.58083425462246], [59.58093622326851, 58.88981333374977, 57.90605732798576, 55.27966782450676, 56.676901400089264, 53.90329587459564, 56.263592541217804, 54.08903208374977, 59.73031711578369, 56.79350532591343], [59.88351732492447, 61.62563267350197, 62.83960500359535, 54.404739409685135, 55.988185584545135, 53.74152636528015, 57.154754653573036, 58.5120904147625, 56.95134770870209, 62.67557257413864], [67.13197803497314, 62.75071105360985, 61.887520506978035, 57.66323921084404, 58.80657023191452, 57.593771278858185, 62.89115357398987, 61.43029063940048, 62.02805006504059, 54.56951639056206], [60.10738578438759, 58.63277214765549, 65.81942528486252, 57.11239838600159, 69.28662955760956, 59.68520578742027, 63.002149641513824, 67.30417260527611, 58.75042501091957, 58.67052215337753], [59.82118946313858, 65.79897481203079, 61.70540189743042, 63.98621125519276, 70.46360182762146, 61.89541232585907, 57.6521133184433, 62.85667276382446, 63.6086445748806, 65.36034435033798], [63.16683906316757, 58.65981908142567, 70.70131361484528, 63.17614555358887, 61.5747190117836, 69.35887745022774, 58.83118283748627, 66.56136617064476, 62.65684834122658, 60.629878133535385]]}