{"avg": [0.8147, 0.8104199999999999, 0.8015800000000001, 0.7955400000000001, 0.79276, 0.78211, 0.7681, 0.7744500000000001, 0.76782, 0.75732, 0.76052], "std": [0.0, 0.004015669309094069, 0.006984525753406588, 0.007503625790243012, 0.009541718922709887, 0.010185916748138086, 0.010751092967694033, 0.01220067621076798, 0.014674794717473889, 0.023020547343623275, 0.017086181551183396], "min": [0.8147, 0.8003, 0.7871, 0.7801, 0.771, 0.7706, 0.749, 0.7572, 0.744, 0.7027, 0.7232], "max": [0.8147, 0.8143, 0.8103, 0.808, 0.8062, 0.8015, 0.783, 0.7978, 0.7874, 0.7781, 0.7793], "all_values": [[0.8147, 0.8147, 0.8147, 0.8147, 0.8147, 0.8147, 0.8147, 0.8147, 0.8147, 0.8147], [0.8114, 0.8126, 0.8143, 0.8077, 0.8102, 0.8003, 0.8081, 0.8134, 0.8141, 0.8121], [0.8029, 0.8103, 0.7915, 0.8079, 0.7871, 0.7999, 0.8075, 0.8002, 0.8027, 0.8058], [0.7908, 0.7801, 0.8045, 0.7984, 0.7906, 0.7919, 0.7945, 0.808, 0.7998, 0.7968], [0.7819, 0.7944, 0.7882, 0.8062, 0.7964, 0.7976, 0.7976, 0.7943, 0.771, 0.8], [0.797, 0.7728, 0.8015, 0.7887, 0.7797, 0.7836, 0.7706, 0.7804, 0.7707, 0.7761], [0.7658, 0.768, 0.754, 0.7597, 0.7818, 0.783, 0.7775, 0.7715, 0.749, 0.7707], [0.7876, 0.7646, 0.7738, 0.7572, 0.7598, 0.7771, 0.7845, 0.7749, 0.7978, 0.7672], [0.7559, 0.7767, 0.7874, 0.7811, 0.7845, 0.7773, 0.744, 0.7519, 0.7546, 0.7648], [0.7708, 0.7027, 0.7425, 0.7749, 0.7781, 0.7778, 0.7752, 0.7404, 0.747, 0.7638], [0.7756, 0.7793, 0.7786, 0.7685, 0.7544, 0.7734, 0.7446, 0.7232, 0.7517, 0.7559]], "loss_all_values": [[45.4773385822773, 45.4773385822773, 45.4773385822773, 45.4773385822773, 45.4773385822773, 45.4773385822773, 45.4773385822773, 45.4773385822773, 45.4773385822773, 45.4773385822773], [46.10590821504593, 46.58801919221878, 46.09165412932634, 47.32819223403931, 46.36208112537861, 49.12122622132301, 47.702764451503754, 45.83771312236786, 45.992569252848625, 46.13284087181091], [48.018715143203735, 46.79784144461155, 51.63288468122482, 46.3182435631752, 52.59122084081173, 47.94346624612808, 46.72233101725578, 48.94813288748264, 48.020946353673935, 48.70285984873772], [50.18483605980873, 53.843571454286575, 48.19049197435379, 48.60178333520889, 50.611439034342766, 51.06460177898407, 49.95997577905655, 46.677808463573456, 48.62044443190098, 49.713784381747246], [53.54645574092865, 49.567309617996216, 51.48795875906944, 46.83594770729542, 50.64148351550102, 48.99095034599304, 49.1753123998642, 49.89182206988335, 56.84133020043373, 48.49755993485451], [49.42508280277252, 54.85538023710251, 48.32718750834465, 52.10834804177284, 52.387716233730316, 52.4101430028677, 55.13231474161148, 52.83928710222244, 56.35124781727791, 54.765519589185715], [57.99128192663193, 58.88847231864929, 59.47081816196442, 60.18762618303299, 53.469416439533234, 52.004727214574814, 54.7113881111145, 55.49894234538078, 62.43861880898476, 54.892987847328186], [51.235343903303146, 58.88202828168869, 55.38418683409691, 57.527315109968185, 59.7697536945343, 55.355112969875336, 51.23261231184006, 54.84686642885208, 49.5803185403347, 55.28111094236374], [59.13046783208847, 54.08457067608833, 51.42914718389511, 52.564277939498425, 51.03248831629753, 53.80918887257576, 62.89406359195709, 58.75409948825836, 59.854526191949844, 58.60330864787102], [55.74427971243858, 73.174407184124, 62.44794514775276, 54.736949652433395, 54.829951614141464, 53.056117326021194, 55.13700947165489, 63.45246535539627, 61.5335698723793, 57.18592065572739], [53.90258577466011, 53.67393612861633, 53.85236945748329, 56.14554291963577, 59.026625603437424, 54.252300292253494, 62.71654921770096, 68.04585438966751, 58.62081542611122, 58.77882632613182]]}