{"avg": [0.7837, 0.73736, 0.66032, 0.63792, 0.48544, 0.4816, 0.40918, 0.36518, 0.34574000000000005, 0.29667999999999994, 0.24270000000000005], "std": [0.0, 0.017812310349867605, 0.02054141183073841, 0.018213116152926704, 0.038330906589852505, 0.02464759623168151, 0.044617010209111956, 0.046182221687571516, 0.03233453880914338, 0.025288685216910727, 0.06383701120823249], "min": [0.7837, 0.7141, 0.6354, 0.6128, 0.4376, 0.4422, 0.3682, 0.2759, 0.2877, 0.2543, 0.1467], "max": [0.7837, 0.7608, 0.6927, 0.6666, 0.5387, 0.5081, 0.4782, 0.4058, 0.3758, 0.3329, 0.3376], "all_values": [[0.7837, 0.7837, 0.7837, 0.7837, 0.7837], [0.7523, 0.7608, 0.7387, 0.7209, 0.7141], [0.6701, 0.6418, 0.6354, 0.6616, 0.6927], [0.6666, 0.646, 0.6261, 0.6381, 0.6128], [0.4696, 0.5216, 0.4376, 0.4597, 0.5387], [0.4723, 0.5077, 0.4777, 0.4422, 0.5081], [0.3711, 0.3682, 0.4782, 0.3825, 0.4459], [0.3688, 0.3905, 0.3849, 0.4058, 0.2759], [0.3355, 0.3758, 0.3571, 0.3726, 0.2877], [0.2924, 0.3329, 0.3048, 0.299, 0.2543], [0.1467, 0.2161, 0.2335, 0.2796, 0.3376]], "loss_all_values": [[50.37538965046406, 50.37538965046406, 50.37538965046406, 50.37538965046406, 50.37538965046406], [56.71547719836235, 55.482340067625046, 63.14773526787758, 64.39350312948227, 67.37805503606796], [75.90228670835495, 89.78319025039673, 87.90264964103699, 77.51212930679321, 70.65737187862396], [76.07684314250946, 81.36113858222961, 88.91077047586441, 84.46210134029388, 93.03691583871841], [126.54327046871185, 121.52105116844177, 168.3046201467514, 139.57082223892212, 111.48354631662369], [118.56023919582367, 113.48752748966217, 129.64298164844513, 131.7955151796341, 109.19324088096619], [151.60388255119324, 152.6784816980362, 123.34233450889587, 157.383882522583, 120.90166091918945], [150.9003038406372, 146.36616718769073, 137.8095475435257, 138.66616415977478, 184.52751445770264], [162.61750960350037, 149.70007991790771, 146.23606157302856, 138.84339821338654, 186.93974256515503], [160.31173241138458, 147.15310049057007, 167.2022156715393, 168.5605399608612, 169.8970205783844], [230.42317295074463, 175.31380808353424, 174.9886268377304, 167.98863220214844, 158.9321013689041]]}