{"avg": [0.8157, 0.81271, 0.8096599999999998, 0.80334, 0.80256, 0.79385, 0.7904900000000001, 0.79332, 0.78022, 0.7759600000000001, 0.7710899999999999], "std": [0.0, 0.002002723146118818, 0.0032854832216889984, 0.004790657574905553, 0.004564033303997669, 0.004853297847855613, 0.009250994541129088, 0.006572335962197918, 0.01159636149833213, 0.022970555065126318, 0.014823525221754771], "min": [0.8157, 0.8089, 0.8032, 0.7949, 0.7929, 0.782, 0.7674, 0.7808, 0.751, 0.725, 0.745], "max": [0.8157, 0.8152, 0.8148, 0.811, 0.8087, 0.8026, 0.8024, 0.8005, 0.7937, 0.7973, 0.7946], "all_values": [[0.8157, 0.8157, 0.8157, 0.8157, 0.8157, 0.8157, 0.8157, 0.8157, 0.8157, 0.8157], [0.8143, 0.8112, 0.8131, 0.8147, 0.8089, 0.8152, 0.8133, 0.8097, 0.8137, 0.813], [0.8148, 0.8032, 0.8092, 0.8084, 0.8101, 0.8055, 0.8105, 0.8095, 0.8119, 0.8135], [0.8049, 0.811, 0.7953, 0.7949, 0.8077, 0.8014, 0.8038, 0.8047, 0.8036, 0.8061], [0.802, 0.7992, 0.8003, 0.8062, 0.805, 0.8018, 0.7929, 0.8008, 0.8087, 0.8087], [0.7929, 0.782, 0.7946, 0.7971, 0.7935, 0.7949, 0.7943, 0.7918, 0.8026, 0.7948], [0.7986, 0.7871, 0.7866, 0.787, 0.7931, 0.7943, 0.7905, 0.7674, 0.8024, 0.7979], [0.7945, 0.7989, 0.7808, 0.7984, 0.7917, 0.8005, 0.7814, 0.796, 0.7941, 0.7969], [0.7823, 0.7798, 0.7937, 0.7851, 0.7842, 0.751, 0.7779, 0.7906, 0.7874, 0.7702], [0.7409, 0.725, 0.7973, 0.7793, 0.7939, 0.7902, 0.7944, 0.7816, 0.7846, 0.7724], [0.7725, 0.7629, 0.7696, 0.7877, 0.745, 0.7787, 0.7763, 0.7946, 0.7484, 0.7752]], "loss_all_values": [[44.77135053277016, 44.77135053277016, 44.77135053277016, 44.77135053277016, 44.77135053277016, 44.77135053277016, 44.77135053277016, 44.77135053277016, 44.77135053277016, 44.77135053277016], [45.29844829440117, 45.81947126984596, 45.65041881799698, 45.24526333808899, 46.29329091310501, 45.207887679338455, 45.527342200279236, 45.47656337916851, 45.29658496379852, 45.21429258584976], [45.885343849658966, 47.92057158052921, 46.901901334524155, 46.83053544163704, 47.00631487369537, 47.38339412212372, 45.525387823581696, 46.47884404659271, 46.15716943144798, 45.652271926403046], [46.8258565813303, 45.822838455438614, 49.45850268006325, 50.27466282248497, 46.86233937740326, 48.023043006658554, 47.12970104813576, 47.749326795339584, 46.86951732635498, 46.66633379459381], [48.1869927495718, 48.18752118945122, 47.79677277803421, 46.35559494793415, 47.225687742233276, 47.85779023170471, 50.042105466127396, 48.419876128435135, 46.28501641750336, 47.249515533447266], [51.15179315209389, 52.585624903440475, 49.44830800592899, 49.31491869688034, 49.10043638944626, 49.16237522661686, 50.32069352269173, 51.21677139401436, 48.202227145433426, 49.54897165298462], [48.04946768283844, 51.925824254751205, 52.27712219953537, 50.79825830459595, 49.396655440330505, 50.502446472644806, 50.43193583190441, 57.05494478344917, 47.71045595407486, 49.20326775312424], [48.17834249138832, 49.29830339550972, 52.84156462550163, 47.768405228853226, 50.79099866747856, 47.43797963857651, 52.504915833473206, 49.683511942625046, 49.061457484960556, 49.54081192612648], [51.123616218566895, 53.50592973828316, 52.03812773525715, 52.37498876452446, 52.87943537533283, 62.134425073862076, 56.44295871257782, 50.40020704269409, 51.404784113168716, 55.24422751367092], [65.80158135294914, 66.24684676527977, 48.680687963962555, 54.35757437348366, 49.710876137018204, 51.812822341918945, 49.57683876156807, 54.32973226904869, 50.15578493475914, 54.25179994106293], [54.92152485251427, 55.97274360060692, 54.99522989988327, 51.52747046947479, 71.8377093076706, 52.644570112228394, 55.32970294356346, 48.74036517739296, 61.36980381608009, 54.326250329613686]]}