{"avg": [0.6465, 0.64655, 0.6465, 0.64645], "std": [0.0, 4.999999999999449e-05, 0.0, 4.999999999999449e-05], "min": [0.6465, 0.6465, 0.6465, 0.6464], "max": [0.6465, 0.6466, 0.6465, 0.6465], "all_values": [[0.6465, 0.6465], [0.6466, 0.6465], [0.6465, 0.6465], [0.6464, 0.6465]], "loss_all_values": [[81.15810739994049, 81.15810739994049], [81.15162318944931, 81.15810739994049], [81.15810739994049, 81.15810739994049], [81.15806901454926, 81.15807038545609]]}