{"avg": [0.8332, 0.80867, 0.81957, 0.79621, 0.77954, 0.7958999999999999, 0.7347499999999999, 0.72215, 0.74242, 0.6763699999999999, 0.6289399999999998], "std": [0.0, 0.037599894946661744, 0.024574867242774658, 0.03664184629627716, 0.04950602387588808, 0.03491077197656906, 0.06501798597311363, 0.06954084051836015, 0.07451571377904127, 0.0964920934584798, 0.05319556748451888], "min": [0.8332, 0.6993, 0.7466, 0.7019, 0.6934, 0.7144, 0.6289, 0.6097, 0.5817, 0.5131, 0.5447], "max": [0.8332, 0.8327, 0.8317, 0.8236, 0.8247, 0.8265, 0.8172, 0.8143, 0.8065, 0.8144, 0.7276], "all_values": [[0.8332, 0.8332, 0.8332, 0.8332, 0.8332, 0.8332, 0.8332, 0.8332, 0.8332, 0.8332], [0.8276, 0.8327, 0.8326, 0.8216, 0.6993, 0.8155, 0.8029, 0.8237, 0.8082, 0.8226], [0.8289, 0.8264, 0.8301, 0.8299, 0.827, 0.83, 0.8317, 0.8184, 0.8267, 0.7466], [0.8234, 0.8135, 0.7758, 0.8236, 0.8231, 0.7976, 0.7693, 0.7019, 0.8199, 0.814], [0.6934, 0.8211, 0.7158, 0.8155, 0.7406, 0.8125, 0.8184, 0.8205, 0.8247, 0.7329], [0.8141, 0.819, 0.754, 0.7826, 0.8265, 0.8244, 0.7144, 0.8185, 0.8168, 0.7887], [0.6289, 0.7396, 0.6827, 0.704, 0.6559, 0.7734, 0.8167, 0.8114, 0.8172, 0.7177], [0.734, 0.6163, 0.7888, 0.8143, 0.7023, 0.6792, 0.7043, 0.8043, 0.6097, 0.7683], [0.6961, 0.5817, 0.7968, 0.7969, 0.8065, 0.7961, 0.6339, 0.7636, 0.7839, 0.7687], [0.5984, 0.6071, 0.7216, 0.5131, 0.8017, 0.6646, 0.7699, 0.6943, 0.8144, 0.5786], [0.6182, 0.6288, 0.5447, 0.5737, 0.6644, 0.5619, 0.669, 0.6483, 0.6528, 0.7276]], "loss_all_values": [[41.38393369317055, 41.38393369317055, 41.38393369317055, 41.38393369317055, 41.38393369317055, 41.38393369317055, 41.38393369317055, 41.38393369317055, 41.38393369317055, 41.38393369317055], [42.75309330224991, 41.52701362967491, 42.02385079860687, 44.78749802708626, 102.06236147880554, 45.455385237932205, 50.09612363576889, 43.274402529001236, 46.01689502596855, 43.9447939991951], [42.4959731400013, 43.31467255949974, 42.28334730863571, 42.14843451976776, 43.26707962155342, 42.241223484277725, 41.72933638095856, 46.24238735437393, 43.53942388296127, 82.56912341713905], [43.24367508292198, 47.11851379275322, 55.145447850227356, 44.00925248861313, 44.687406808137894, 52.55349949002266, 80.41465640068054, 75.44189876317978, 45.5153471827507, 46.65730342268944], [77.08200752735138, 45.14917841553688, 81.01625072956085, 46.58353012800217, 69.918192923069, 47.85681629180908, 45.21602687239647, 45.52350604534149, 44.68175992369652, 78.27235496044159], [47.310723692178726, 45.520327001810074, 69.35783323645592, 58.50012585520744, 43.10572946071625, 44.40100076794624, 88.60944539308548, 45.579365849494934, 46.71426483988762, 52.171070873737335], [151.76880276203156, 90.75280678272247, 92.39818960428238, 84.97142225503922, 92.15436440706253, 55.86884579062462, 45.56170892715454, 47.33330148458481, 45.94569230079651, 66.52910131216049], [88.0087422132492, 119.56331372261047, 54.614413022994995, 46.43240600824356, 75.1432318687439, 111.61716592311859, 74.12903171777725, 48.174781769514084, 126.10292971134186, 55.51575264334679], [92.19604814052582, 155.352623462677, 52.030205607414246, 52.42041724920273, 47.66449150443077, 50.27136188745499, 104.72730034589767, 59.179058372974396, 52.58306950330734, 57.74147342145443], [109.69928205013275, 123.55573806166649, 73.32057851552963, 177.4019820690155, 49.5001066327095, 99.95310080051422, 57.33265861868858, 77.5880075097084, 46.620063334703445, 125.90206813812256], [162.80630958080292, 122.13850599527359, 126.03522312641144, 116.36600947380066, 99.1938174366951, 148.31993520259857, 109.05381602048874, 97.79527825117111, 133.1113200187683, 67.1221736073494]]}