{"avg": [0.8178, 0.8178, 0.8178, 0.81785], "std": [0.0, 0.0, 0.0, 4.999999999999449e-05], "min": [0.8178, 0.8178, 0.8178, 0.8178], "max": [0.8178, 0.8178, 0.8178, 0.8179], "all_values": [[0.8178, 0.8178], [0.8178, 0.8178], [0.8178, 0.8178], [0.8179, 0.8178]], "loss_all_values": [[43.51979646086693, 43.51979646086693], [43.51979646086693, 43.51979646086693], [43.51979669928551, 43.519945561885834], [43.51695582270622, 43.51969066262245]]}