{"avg": [0.8332, 0.7070000000000001, 0.53208, 0.45082000000000005, 0.32486, 0.34608, 0.23804000000000003, 0.19844, 0.19278, 0.16652, 0.14504], "std": [0.0, 0.055229774578573095, 0.10309295611243284, 0.04001606677323497, 0.06402801261947773, 0.13427016645554588, 0.0593528634524064, 0.026807357199097413, 0.06805784010677977, 0.042391527455377206, 0.023141443343058787], "min": [0.8332, 0.6499, 0.3626, 0.3915, 0.2566, 0.1822, 0.1688, 0.1552, 0.1239, 0.1033, 0.1019], "max": [0.8332, 0.8045, 0.662, 0.512, 0.4342, 0.5564, 0.3398, 0.2221, 0.3183, 0.2334, 0.1646], "all_values": [[0.8332, 0.8332, 0.8332, 0.8332, 0.8332], [0.6871, 0.8045, 0.7274, 0.6661, 0.6499], [0.3626, 0.4971, 0.662, 0.5273, 0.6114], [0.4543, 0.3915, 0.512, 0.4671, 0.4292], [0.2566, 0.4342, 0.3397, 0.2645, 0.3293], [0.2239, 0.5564, 0.3589, 0.409, 0.1822], [0.3398, 0.2096, 0.2647, 0.2073, 0.1688], [0.1552, 0.2221, 0.1787, 0.2188, 0.2174], [0.1239, 0.2058, 0.1523, 0.3183, 0.1636], [0.1681, 0.1481, 0.2334, 0.1797, 0.1033], [0.1605, 0.1581, 0.1646, 0.1401, 0.1019]], "loss_all_values": [[41.383933305740356, 41.383933305740356, 41.383933305740356, 41.383933305740356, 41.383933305740356], [92.43328458070755, 48.50092539191246, 62.142962992191315, 99.55572640895844, 116.37381654977798], [288.75382900238037, 155.2443906068802, 164.42477536201477, 139.74274897575378, 104.51110601425171], [208.85378074645996, 221.71164894104004, 123.24261033535004, 205.88403415679932, 177.76109445095062], [292.24170684814453, 199.6034677028656, 331.9275891780853, 295.3399739265442, 289.3886036872864], [343.2094762325287, 163.27588987350464, 220.33457851409912, 207.37291026115417, 436.8379340171814], [236.8145308494568, 312.27735900878906, 388.3480944633484, 310.31270122528076, 341.31568121910095], [541.521945476532, 307.01907873153687, 466.4538917541504, 374.4941420555115, 424.4764771461487], [462.7010746002197, 324.4882102012634, 351.9525182247162, 206.50734567642212, 428.4702534675598], [288.6754493713379, 435.9457550048828, 313.59372210502625, 459.4526870250702, 598.325692653656], [525.047685623169, 437.43632459640503, 469.10081911087036, 388.3139419555664, 633.0891027450562]]}