{"avg": [0.7398, 0.42094000000000004, 0.29502, 0.273, 0.24218, 0.18804, 0.15946, 0.13712, 0.16862, 0.10258, 0.13892000000000002], "std": [0.0, 0.16448114299213754, 0.17068489564106135, 0.09451131149232879, 0.14315400658032593, 0.046973464849849, 0.05862973989367512, 0.03398760950699534, 0.06723949434670073, 0.003206493411812977, 0.022647949134524302], "min": [0.7398, 0.1775, 0.1089, 0.1476, 0.1167, 0.1002, 0.1007, 0.1077, 0.1001, 0.0968, 0.1191], "max": [0.7398, 0.6858, 0.5827, 0.3976, 0.5172, 0.2353, 0.2572, 0.1989, 0.2604, 0.1058, 0.1789], "all_values": [[0.7398, 0.7398, 0.7398, 0.7398, 0.7398], [0.3586, 0.4652, 0.1775, 0.6858, 0.4176], [0.3714, 0.1089, 0.2635, 0.5827, 0.1486], [0.3976, 0.1799, 0.1476, 0.307, 0.3329], [0.5172, 0.2063, 0.1167, 0.1445, 0.2262], [0.2204, 0.1911, 0.2353, 0.1002, 0.1932], [0.2572, 0.1007, 0.1296, 0.1146, 0.1952], [0.1158, 0.1989, 0.1146, 0.1486, 0.1077], [0.2367, 0.1414, 0.1001, 0.1045, 0.2604], [0.1016, 0.1048, 0.1039, 0.0968, 0.1058], [0.1191, 0.1211, 0.1789, 0.149, 0.1265]], "loss_all_values": [[63.874313712120056, 63.874313712120056, 63.874313712120056, 63.874313712120056, 63.874313712120056], [266.6562488079071, 214.92664194107056, 1071.7399835586548, 74.68440067768097, 133.60598146915436], [184.98034870624542, 1153.6999855041504, 352.14786648750305, 102.13804084062576, 1007.2428894042969], [261.7981972694397, 395.30087089538574, 1022.1563272476196, 376.68331265449524, 292.86632537841797], [136.09872448444366, 462.28245973587036, 993.7039003372192, 578.9722809791565, 337.2981216907501], [471.7187762260437, 653.2408156394958, 476.1787109375, 828.3820095062256, 603.9022450447083], [337.0360152721405, 974.0159034729004, 1135.013638496399, 676.3921980857849, 514.9957966804504], [842.6073760986328, 536.9769945144653, 1126.1801528930664, 442.18238496780396, 825.5778427124023], [350.1368510723114, 541.4438390731812, 1124.3182668685913, 620.8348002433777, 291.3827712535858], [695.4980092048645, 1165.2565393447876, 682.9774160385132, 870.5126504898071, 746.5756168365479], [652.2745442390442, 576.88751745224, 732.7991614341736, 621.9738473892212, 728.4190669059753]]}