{"avg": [0.8097999999999999, 0.7926, 0.784, 0.7782600000000001, 0.7438200000000001, 0.6968, 0.64554, 0.7426599999999999, 0.69482, 0.6413, 0.6683600000000001], "std": [1.1102230246251565e-16, 0.02141251970226764, 0.03995086982782728, 0.023831542123832438, 0.0651787511386955, 0.042851977783995, 0.10574010781155842, 0.02769336382601434, 0.08438086038907165, 0.13789532261828175, 0.051626450584947234], "loss_avg": [45.34662961959839, 50.24174669981003, 51.50809051990509, 58.4382035523653, 63.035287314653395, 82.7957233607769, 109.820774269104, 66.44621278047562, 79.03375090360642, 91.75246465802192, 108.06553726792336], "loss_std": [0.0, 4.498980040996652, 7.918494453922885, 14.076293958230535, 16.304254286929048, 23.41725718309746, 77.76933461112853, 12.13897807153948, 27.006949193391538, 33.61304753114158, 44.74519066971488]}