{"avg": [0.6465, 0.6465], "std": [0.0, 0.0], "min": [0.6465, 0.6465], "max": [0.6465, 0.6465], "all_values": [[0.6465], [0.6465]], "loss_all_values": [[81.15810739994049], [81.15810739994049]]}