{"avg": [0.6465, 0.50144, 0.33712, 0.21915999999999997, 0.21805999999999998, 0.17636000000000002, 0.16634, 0.16177999999999998, 0.12886, 0.13394, 0.1065], "std": [0.0, 0.07007166617114226, 0.09716481667764314, 0.09664484673276688, 0.04393862082496445, 0.0395260724079689, 0.043623690811301144, 0.03405662343803331, 0.026987448934643672, 0.02223552113173874, 0.008984876181673287], "min": [0.6465, 0.4009, 0.2315, 0.1152, 0.1555, 0.1365, 0.1056, 0.1201, 0.1009, 0.1064, 0.0976], "max": [0.6465, 0.5725, 0.5155, 0.3501, 0.2658, 0.2497, 0.2223, 0.2241, 0.1621, 0.1681, 0.1177], "all_values": [[0.6465, 0.6465, 0.6465, 0.6465, 0.6465], [0.5462, 0.5541, 0.4009, 0.5725, 0.4335], [0.2315, 0.3403, 0.2733, 0.325, 0.5155], [0.3178, 0.1326, 0.3501, 0.1152, 0.1801], [0.2658, 0.2607, 0.2292, 0.1555, 0.1791], [0.1736, 0.1365, 0.1475, 0.2497, 0.1745], [0.1311, 0.2223, 0.2044, 0.1056, 0.1683], [0.2241, 0.1585, 0.156, 0.1201, 0.1502], [0.1621, 0.1177, 0.1602, 0.1034, 0.1009], [0.1301, 0.1488, 0.1163, 0.1064, 0.1681], [0.1, 0.1177, 0.1, 0.0976, 0.1172]], "loss_all_values": [[81.15810704231262, 81.15810704231262, 81.15810704231262, 81.15810704231262, 81.15810704231262], [163.2828118801117, 103.2545679807663, 144.5573489665985, 96.51406043767929, 129.82692313194275], [311.89407420158386, 212.19577741622925, 249.66007685661316, 238.33011269569397, 123.36508798599243], [266.56158804893494, 429.70719814300537, 261.25346326828003, 594.7729473114014, 344.5601863861084], [260.7181987762451, 243.3030300140381, 288.74475288391113, 321.790992975235, 379.0629527568817], [390.0641219615936, 564.5000066757202, 368.945787191391, 285.4467487335205, 511.2190647125244], [310.3652186393738, 330.56277418136597, 463.32518339157104, 488.0134701728821, 373.8196966648102], [284.3787934780121, 448.77862453460693, 492.01315784454346, 484.5851321220398, 486.70144987106323], [371.3407461643219, 520.5523118972778, 589.0524711608887, 479.1861310005188, 504.5684986114502], [408.1105456352234, 428.3930320739746, 425.4910202026367, 610.4844942092896, 450.66044569015503], [538.1807208061218, 426.1946029663086, 669.1514730453491, 573.4437875747681, 596.2089228630066]]}