{"avg": [0.7398, 0.72627, 0.7007199999999999, 0.6569, 0.51989, 0.67927, 0.6194900000000001, 0.52, 0.54402, 0.58702, 0.60079], "std": [0.0, 0.016292516687117436, 0.058063685725244826, 0.08362039224973775, 0.21741919625460857, 0.035699889355570835, 0.07439808398070477, 0.20152292177318193, 0.1668552054926666, 0.12298641225761486, 0.09689898296679898], "min": [0.7398, 0.6944, 0.5341, 0.4809, 0.1693, 0.6195, 0.4362, 0.1606, 0.1722, 0.3373, 0.3793], "max": [0.7398, 0.7386, 0.7364, 0.7332, 0.7303, 0.7227, 0.6942, 0.7096, 0.7137, 0.7193, 0.6916], "all_values": [[0.7398, 0.7398, 0.7398, 0.7398, 0.7398, 0.7398, 0.7398, 0.7398, 0.7398, 0.7398], [0.7371, 0.7342, 0.7374, 0.7083, 0.7368, 0.6944, 0.703, 0.7362, 0.7367, 0.7386], [0.6892, 0.7344, 0.7051, 0.7307, 0.7341, 0.7237, 0.7283, 0.6912, 0.5341, 0.7364], [0.6763, 0.7332, 0.7265, 0.7116, 0.728, 0.5894, 0.4809, 0.6877, 0.5426, 0.6928], [0.5885, 0.2501, 0.7238, 0.2366, 0.7247, 0.1693, 0.6639, 0.4128, 0.6989, 0.7303], [0.7139, 0.7227, 0.6441, 0.6666, 0.6195, 0.6931, 0.6295, 0.7067, 0.7148, 0.6818], [0.6847, 0.6685, 0.618, 0.6202, 0.4362, 0.6542, 0.6155, 0.5398, 0.6942, 0.6636], [0.1606, 0.613, 0.6445, 0.1696, 0.7094, 0.6227, 0.3732, 0.6815, 0.7096, 0.5159], [0.6093, 0.354, 0.6201, 0.5238, 0.7137, 0.1722, 0.6867, 0.4268, 0.6834, 0.6502], [0.6794, 0.7193, 0.4917, 0.3373, 0.6918, 0.7159, 0.6095, 0.6555, 0.4766, 0.4932], [0.6916, 0.6758, 0.6702, 0.5856, 0.6335, 0.5917, 0.4688, 0.6301, 0.6813, 0.3793]], "loss_all_values": [[63.874319195747375, 63.874319195747375, 63.874319195747375, 63.874319195747375, 63.874319195747375, 63.874319195747375, 63.874319195747375, 63.874319195747375, 63.874319195747375, 63.874319195747375], [64.62584829330444, 64.82022321224213, 64.76640874147415, 71.08135616779327, 64.91534441709518, 75.62657076120377, 73.19846189022064, 64.91729140281677, 64.71168154478073, 64.42979824542999], [139.87981176376343, 64.54188698530197, 81.48119854927063, 65.12081414461136, 65.36161589622498, 68.07447987794876, 67.23742890357971, 138.41194874048233, 97.83830100297928, 64.80786484479904], [82.7526960670948, 65.48265475034714, 65.84314638376236, 71.53105366230011, 67.58444094657898, 94.78667706251144, 162.55376613140106, 84.38338005542755, 150.8201104402542, 85.27925610542297], [107.80351674556732, 461.7098903656006, 67.56112742424011, 490.79585695266724, 66.90929341316223, 1025.8041381835938, 84.4853441119194, 163.07628786563873, 74.97425049543381, 66.38562339544296], [69.89611002802849, 72.8209558725357, 86.25345855951309, 169.07217159867287, 118.21965482831001, 81.49681270122528, 92.76753652095795, 70.4284336566925, 71.67120677232742, 76.78876930475235], [77.19470262527466, 163.92453533411026, 157.21075344085693, 103.42199838161469, 155.74174976348877, 95.69966125488281, 183.3826230764389, 107.43954944610596, 76.3457008600235, 87.78723827004433], [959.3399677276611, 103.6147301197052, 86.925039768219, 976.6946220397949, 71.42343068122864, 106.92387872934341, 229.70700025558472, 81.66838866472244, 74.41420763731003, 122.35950672626495], [102.73323142528534, 242.16864442825317, 88.63739848136902, 175.3314117193222, 71.36963576078415, 1022.783878326416, 74.33885684609413, 200.51232385635376, 76.27396431565285, 92.26683044433594], [85.95417821407318, 69.73862093687057, 155.15691339969635, 345.93242931365967, 79.80353206396103, 70.89996528625488, 154.81491494178772, 177.66274464130402, 167.8761346936226, 153.43987953662872], [77.15127485990524, 79.76297986507416, 82.2023304104805, 101.4541284441948, 96.47231024503708, 186.56247997283936, 109.91232991218567, 104.2223733663559, 79.10610955953598, 257.52850317955017]]}