{"avg": [0.8097999999999999, 0.65402, 0.52532, 0.41086, 0.34412000000000004, 0.21624, 0.24202000000000004, 0.21031999999999998, 0.1628, 0.17500000000000002, 0.13782], "std": [1.1102230246251565e-16, 0.08889063842722696, 0.03351133539565382, 0.07384062838302503, 0.0746498868050046, 0.028656489666391446, 0.044574046260127655, 0.02607354214524755, 0.02452778016861697, 0.04269777511768031, 0.027644992313256306], "loss_avg": [45.34662866592407, 115.12547977566719, 165.45518305301667, 231.1780869960785, 263.4484004974365, 335.7273799419403, 310.4878019809723, 384.9759711265564, 445.092723941803, 394.6951278686523, 453.93414068222046], "loss_std": [0.0, 47.974528960950366, 20.218061690690522, 62.846737992075596, 32.17654471702024, 90.60339989501998, 83.60797968795839, 30.542579811028208, 58.29856569001106, 17.311101680704482, 37.643034151596225]}