{"avg": [0.8332, 0.8332], "std": [0.0, 0.0], "min": [0.8332, 0.8332], "max": [0.8332, 0.8332], "all_values": [[0.8332], [0.8332]], "loss_all_values": [[41.38393369317055], [41.38393369317055]]}