{"avg": [0.7914, 0.7915, 0.7914, 0.79135], "std": [0.0, 9.999999999998899e-05, 0.0, 4.999999999999449e-05], "min": [0.7914, 0.7914, 0.7914, 0.7913], "max": [0.7914, 0.7916, 0.7914, 0.7914], "all_values": [[0.7914, 0.7914], [0.7916, 0.7914], [0.7914, 0.7914], [0.7914, 0.7913]], "loss_all_values": [[49.496399998664856, 49.496399998664856], [49.49906975030899, 49.4944885969162], [49.49638897180557, 49.496399998664856], [49.496391236782074, 49.496829479932785]]}