{"avg": [0.6464999999999999, 0.6439999999999999, 0.63587, 0.5850699999999999, 0.49845999999999996, 0.53068, 0.5152, 0.50453, 0.45935, 0.48303, 0.50691], "std": [1.1102230246251565e-16, 0.0019944924166313566, 0.016438190289688237, 0.10088731387047632, 0.13911435008653852, 0.11421353509982955, 0.09484413529575775, 0.10076337677946288, 0.12827514373408436, 0.14870005413583412, 0.0715047613799249], "min": [0.6465, 0.6397, 0.5882, 0.2951, 0.2865, 0.2647, 0.3146, 0.3347, 0.1627, 0.206, 0.3833], "max": [0.6465, 0.6471, 0.6474, 0.6401, 0.6418, 0.636, 0.6051, 0.6138, 0.6145, 0.6192, 0.5821], "all_values": [[0.6465, 0.6465, 0.6465, 0.6465, 0.6465, 0.6465, 0.6465, 0.6465, 0.6465, 0.6465], [0.6444, 0.6446, 0.6445, 0.6436, 0.6447, 0.6437, 0.6397, 0.6416, 0.6471, 0.6461], [0.5882, 0.6442, 0.6403, 0.6448, 0.6457, 0.6381, 0.6474, 0.6332, 0.6402, 0.6366], [0.6401, 0.629, 0.6361, 0.6225, 0.6299, 0.6325, 0.6383, 0.5826, 0.5446, 0.2951], [0.2913, 0.5753, 0.3279, 0.6165, 0.6391, 0.506, 0.2865, 0.4758, 0.6244, 0.6418], [0.4925, 0.6333, 0.6054, 0.3809, 0.6031, 0.561, 0.636, 0.5582, 0.2647, 0.5717], [0.5282, 0.3146, 0.5242, 0.5791, 0.5968, 0.6051, 0.3797, 0.5973, 0.5661, 0.4609], [0.3347, 0.3724, 0.6138, 0.4474, 0.4235, 0.6084, 0.5508, 0.61, 0.4848, 0.5995], [0.4106, 0.6145, 0.4137, 0.4698, 0.4276, 0.5869, 0.5629, 0.3735, 0.5713, 0.1627], [0.5058, 0.6192, 0.6098, 0.4032, 0.5119, 0.206, 0.6115, 0.2191, 0.5658, 0.578], [0.5733, 0.3853, 0.3833, 0.5378, 0.531, 0.5565, 0.4704, 0.5821, 0.5749, 0.4745]], "loss_all_values": [[81.15810739994049, 81.15810739994049, 81.15810739994049, 81.15810739994049, 81.15810739994049, 81.15810739994049, 81.15810739994049, 81.15810739994049, 81.15810739994049, 81.15810739994049], [81.80758887529373, 81.79590058326721, 81.57457035779953, 82.18016481399536, 81.50443756580353, 81.67567878961563, 82.88729214668274, 82.10348933935165, 81.21329009532928, 81.47177523374557], [130.13877701759338, 81.5963004231453, 82.73650252819061, 81.84386897087097, 81.71983331441879, 83.86725378036499, 82.62997883558273, 83.63366347551346, 83.27444982528687, 85.38169521093369], [81.96317249536514, 86.13060820102692, 83.49692809581757, 86.31534332036972, 85.75272506475449, 84.40781915187836, 82.87227123975754, 91.79434448480606, 163.9446291923523, 201.16600012779236], [213.73082900047302, 136.4739466905594, 241.38295030593872, 91.25750356912613, 83.20810997486115, 123.17458128929138, 215.68278527259827, 120.88023400306702, 87.40917587280273, 83.00967562198639], [117.67227447032928, 86.01527500152588, 96.99995821714401, 148.27828872203827, 92.00595319271088, 147.23916220664978, 83.24885284900665, 145.79002797603607, 192.47239351272583, 161.6396656036377], [106.03881341218948, 248.9830414056778, 113.72973704338074, 131.76639592647552, 91.63343870639801, 92.73964554071426, 194.61019027233124, 96.32666754722595, 121.03867721557617, 199.7177290916443], [226.26303911209106, 157.95930206775665, 88.05918049812317, 135.29836893081665, 141.93567085266113, 91.72642815113068, 155.43592900037766, 88.59680044651031, 157.34940814971924, 95.51692509651184], [234.51169967651367, 89.86281555891037, 145.91822135448456, 126.62256360054016, 167.5943604707718, 94.4029089808464, 146.58861529827118, 151.43804287910461, 102.1394756436348, 382.80004596710205], [121.23423719406128, 88.42886418104172, 88.16484296321869, 199.07743799686432, 170.34513819217682, 249.5856111049652, 88.25322997570038, 241.21178078651428, 121.14313048124313, 93.57380598783493], [117.37378537654877, 207.86499977111816, 158.34592819213867, 121.36004483699799, 126.30673336982727, 116.18813920021057, 193.25390684604645, 114.51562559604645, 96.77855008840561, 121.56829619407654]]}