{"avg": [0.8177999999999999, 0.7992099999999999, 0.80306, 0.7959599999999999, 0.76569, 0.75663, 0.74429, 0.7439500000000001, 0.71996, 0.70147, 0.68355], "std": [1.1102230246251565e-16, 0.027498234488781283, 0.022867540313728524, 0.016955187996598564, 0.03416397078795145, 0.036244228506067025, 0.035562549121231475, 0.03790530965445342, 0.06020470413514211, 0.050152767620541126, 0.045176348900724576], "min": [0.8178, 0.7339, 0.7355, 0.75, 0.7042, 0.704, 0.6828, 0.6871, 0.5983, 0.6377, 0.6029], "max": [0.8178, 0.8191, 0.8164, 0.8116, 0.806, 0.803, 0.7969, 0.7957, 0.8015, 0.7923, 0.745], "all_values": [[0.8178, 0.8178, 0.8178, 0.8178, 0.8178, 0.8178, 0.8178, 0.8178, 0.8178, 0.8178], [0.8145, 0.7339, 0.8191, 0.8008, 0.8147, 0.7584, 0.811, 0.8092, 0.8136, 0.8169], [0.8074, 0.8129, 0.807, 0.8125, 0.814, 0.8023, 0.809, 0.8136, 0.8164, 0.7355], [0.8116, 0.7925, 0.75, 0.7984, 0.8112, 0.8053, 0.8059, 0.7973, 0.7996, 0.7878], [0.7042, 0.7331, 0.7795, 0.7898, 0.8005, 0.7447, 0.7949, 0.7242, 0.78, 0.806], [0.7373, 0.7819, 0.803, 0.7237, 0.7201, 0.7943, 0.723, 0.7956, 0.7834, 0.704], [0.7858, 0.7203, 0.7189, 0.7016, 0.7683, 0.7711, 0.7485, 0.6828, 0.7487, 0.7969], [0.6871, 0.6906, 0.71, 0.7338, 0.7724, 0.7709, 0.7258, 0.7957, 0.79, 0.7632], [0.5983, 0.6478, 0.7158, 0.6796, 0.8015, 0.7736, 0.7074, 0.7535, 0.7468, 0.7753], [0.7201, 0.698, 0.6452, 0.7324, 0.6614, 0.7555, 0.6451, 0.6377, 0.727, 0.7923], [0.696, 0.7029, 0.6993, 0.6663, 0.7404, 0.6908, 0.6843, 0.6029, 0.6076, 0.745]], "loss_all_values": [[43.51979646086693, 43.51979646086693, 43.51979646086693, 43.51979646086693, 43.51979646086693, 43.51979646086693, 43.51979646086693, 43.51979646086693, 43.51979646086693, 43.51979646086693], [44.79642394185066, 85.77748835086823, 44.007144778966904, 47.267421931028366, 44.59081545472145, 54.254349410533905, 45.99853640794754, 46.24082526564598, 44.60178932547569, 44.01166105270386], [46.96069943904877, 45.00479254126549, 46.555254340171814, 45.643687695264816, 44.8486350774765, 48.264832586050034, 45.700093388557434, 44.83801510930061, 44.452694833278656, 76.0471978187561], [44.75351592898369, 47.595210045576096, 89.02261644601822, 48.420874267816544, 45.377730280160904, 47.60125070810318, 47.75655409693718, 50.85556447505951, 48.01549392938614, 51.72961312532425], [84.19408249855042, 69.14755219221115, 54.930880695581436, 50.91919830441475, 48.29183387756348, 58.437091052532196, 49.35263314843178, 107.15203446149826, 51.89416986703873, 46.62025788426399], [87.31496691703796, 52.84557819366455, 47.70264905691147, 74.38242983818054, 71.67532962560654, 49.31381729245186, 79.81536084413528, 51.57200926542282, 53.881805539131165, 93.85733819007874], [52.79733318090439, 93.86753302812576, 64.76106083393097, 83.72725683450699, 54.84074980020523, 52.31004202365875, 62.73570141196251, 100.45392966270447, 65.02984529733658, 49.11726289987564], [107.75490421056747, 90.49511802196503, 81.2617751955986, 68.14523705840111, 55.67569261789322, 55.42398643493652, 75.04267716407776, 50.23346456885338, 52.35204917192459, 57.95856460928917], [146.06469857692719, 115.44904202222824, 65.18387931585312, 88.87480789422989, 48.646753787994385, 54.64511278271675, 94.32628571987152, 60.01919689774513, 72.04139912128448, 51.68128165602684], [77.7162943482399, 75.71496492624283, 94.50287449359894, 60.65081751346588, 89.68767261505127, 59.372282445430756, 103.79063439369202, 100.87863293290138, 69.0595190525055, 51.80529743432999], [79.66436290740967, 78.46889877319336, 83.72354286909103, 90.22636669874191, 66.1429868042469, 75.38407170772552, 72.8084197640419, 109.58215117454529, 93.43528664112091, 62.39395594596863]]}