{"avg": [0.7914, 0.7914], "std": [0.0, 0.0], "min": [0.7914, 0.7914], "max": [0.7914, 0.7914], "all_values": [[0.7914], [0.7914]], "loss_all_values": [[49.496399998664856], [49.496399998664856]]}