{"avg": [0.7144, 0.46630000000000005, 0.46121999999999996, 0.22632, 0.26627999999999996, 0.22361999999999999, 0.20442, 0.1887, 0.13654, 0.16088, 0.12528], "std": [0.0, 0.10826655993426594, 0.022654747846753892, 0.0722228606467509, 0.11752448936285577, 0.0700815924476606, 0.06478377574670992, 0.060453023084044356, 0.025492241957113148, 0.04415651254345162, 0.017636258106525884], "loss_avg": [65.12856215238571, 145.11004309654237, 130.8474107146263, 290.55337324142454, 228.57314524650573, 230.79165399074554, 256.40963382720946, 304.6525328159332, 272.0773102760315, 244.2566788673401, 261.43920159339905], "loss_std": [0.0, 56.23131072825726, 12.099572935181014, 92.03684265075721, 72.7488361970172, 39.84718348217821, 70.78654172258948, 123.54855338889614, 43.450988237352156, 55.21174776676476, 54.33898526134364]}