{"avg": [0.7144, 0.70288, 0.6905800000000001, 0.6587400000000001, 0.6442, 0.6235600000000001, 0.6220000000000001, 0.59326, 0.5477799999999999, 0.5719399999999999, 0.51356], "std": [0.0, 0.008997421852953194, 0.013517011504027055, 0.02207048708116792, 0.027299304020432465, 0.006914795730894746, 0.07006976523437196, 0.04211843301928503, 0.10970998860632518, 0.046366522405718556, 0.06575805958207709], "loss_avg": [65.1285657286644, 67.68062897920609, 70.55466644763946, 78.71246684789658, 81.1074408173561, 85.33641208410263, 88.9552517771721, 94.47130947113037, 117.73335249423981, 100.54612137079239, 117.10424027442932], "loss_std": [0.0, 2.01401117648824, 3.141464400700449, 5.952975469890026, 5.7023579387731465, 2.404878491596298, 20.94855557004742, 11.696493880688163, 45.94502375024103, 13.113854073438404, 18.936859147973323]}