{"avg": [0.7914, 0.63192, 0.54622, 0.46206, 0.39746000000000004, 0.33418000000000003, 0.28403999999999996, 0.21376, 0.2312, 0.17944, 0.12574000000000002], "std": [0.0, 0.07138625638034254, 0.08988789462435973, 0.09198025005401976, 0.06723182579701373, 0.05237401645854554, 0.06362988605993254, 0.040101501218782316, 0.02660563850013751, 0.022810225777050084, 0.043765264765564936], "min": [0.7914, 0.5441, 0.4609, 0.3466, 0.3072, 0.2639, 0.2328, 0.1567, 0.1988, 0.1431, 0.1001], "max": [0.7914, 0.7594, 0.6758, 0.6135, 0.487, 0.4148, 0.3974, 0.2678, 0.2704, 0.2056, 0.2128], "all_values": [[0.7914, 0.7914, 0.7914, 0.7914, 0.7914], [0.616, 0.5979, 0.7594, 0.5441, 0.6422], [0.6758, 0.4766, 0.6336, 0.4842, 0.4609], [0.3466, 0.4038, 0.5078, 0.6135, 0.4386], [0.4476, 0.4095, 0.487, 0.3072, 0.336], [0.4148, 0.3163, 0.3069, 0.2639, 0.369], [0.3974, 0.2328, 0.2401, 0.3115, 0.2384], [0.2019, 0.1567, 0.2496, 0.1928, 0.2678], [0.2195, 0.2537, 0.2136, 0.1988, 0.2704], [0.1431, 0.2018, 0.1767, 0.17, 0.2056], [0.1001, 0.2128, 0.1026, 0.1126, 0.1006]], "loss_all_values": [[49.49640196561813, 49.49640196561813, 49.49640196561813, 49.49640196561813, 49.49640196561813], [112.85385459661484, 126.57987904548645, 58.89004358649254, 164.0740396976471, 106.94439750909805], [77.25898784399033, 196.01033103466034, 109.0606939792633, 204.7913854122162, 212.61527276039124], [215.27226376533508, 227.17115259170532, 169.21346354484558, 106.67353868484497, 194.32223236560822], [161.565598487854, 236.38357996940613, 141.5523158311844, 313.6188189983368, 232.83861422538757], [160.98506224155426, 214.1792777776718, 295.09778237342834, 302.6672143936157, 214.19439005851746], [208.75064849853516, 406.711706161499, 325.686803817749, 278.8149673938751, 303.6374623775482], [298.7345247268677, 375.6378860473633, 249.4595012664795, 333.7909007072449, 361.0588502883911], [280.68272614479065, 298.5302402973175, 342.5002248287201, 387.0994915962219, 215.50535321235657], [399.82081508636475, 362.12323451042175, 338.1028022766113, 409.1861572265625, 398.3041338920593], [541.8272495269775, 292.13624453544617, 446.2064871788025, 407.98637294769287, 505.35983324050903]]}