{"avg": [0.8178, 0.8178], "std": [0.0, 0.0], "min": [0.8178, 0.8178], "max": [0.8178, 0.8178], "all_values": [[0.8178], [0.8178]], "loss_all_values": [[43.51979646086693], [43.51979646086693]]}