{"avg": [0.8332, 0.8332, 0.8332, 0.83335], "std": [0.0, 0.0, 0.0, 0.00014999999999998348], "min": [0.8332, 0.8332, 0.8332, 0.8332], "max": [0.8332, 0.8332, 0.8332, 0.8335], "all_values": [[0.8332, 0.8332], [0.8332, 0.8332], [0.8332, 0.8332], [0.8335, 0.8332]], "loss_all_values": [[41.38393369317055, 41.38393369317055], [41.38393369317055, 41.383839040994644], [41.38393369317055, 41.38393369317055], [41.36266252398491, 41.38393369317055]]}