{"avg": [0.7242, 0.50602, 0.48046000000000005, 0.30870000000000003, 0.28708, 0.22256, 0.19641999999999998, 0.18106, 0.14186, 0.13118000000000002, 0.1243], "std": [0.0, 0.08590179043535703, 0.05395099999073235, 0.042600328637230025, 0.08909779795258692, 0.059856615340328094, 0.030794570950087943, 0.04002612147085951, 0.027207616580656235, 0.02461181829934554, 0.01619246738455878], "loss_avg": [63.199044704437256, 130.81091462373735, 161.91050059795379, 231.8006965637207, 225.44110159873964, 383.97947187423705, 299.085546541214, 353.4635486125946, 418.696035194397, 394.65413227081297, 413.44408922195436], "loss_std": [0.0, 24.270381168127138, 38.92269632111366, 48.53113558363107, 53.93789279641971, 140.6529886606105, 61.196601631997645, 55.640980356775856, 54.430846551495236, 59.05653606146134, 38.67089835528786]}