{"avg": [0.7914000000000001, 0.7849600000000001, 0.77798, 0.77422, 0.7435699999999998, 0.7251900000000001, 0.72937, 0.71233, 0.69552, 0.68552, 0.66641], "std": [1.1102230246251565e-16, 0.00723010373369566, 0.010473853159176903, 0.011303963906524116, 0.02986151536677268, 0.04287195936740004, 0.035860676234560906, 0.055658890574642246, 0.0777193000483149, 0.04147533724998509, 0.058868692018763255], "min": [0.7914, 0.7639, 0.757, 0.7466, 0.6897, 0.6377, 0.6445, 0.6015, 0.5394, 0.6089, 0.5559], "max": [0.7914, 0.7907, 0.7865, 0.7861, 0.781, 0.7671, 0.7617, 0.7716, 0.7733, 0.748, 0.7459], "all_values": [[0.7914, 0.7914, 0.7914, 0.7914, 0.7914, 0.7914, 0.7914, 0.7914, 0.7914, 0.7914], [0.7868, 0.7857, 0.787, 0.787, 0.786, 0.7873, 0.7907, 0.7639, 0.785, 0.7902], [0.7772, 0.7847, 0.7857, 0.7845, 0.757, 0.784, 0.7865, 0.7794, 0.7823, 0.7585], [0.7858, 0.7756, 0.7861, 0.7655, 0.7466, 0.774, 0.7835, 0.7764, 0.7803, 0.7684], [0.7808, 0.7578, 0.7336, 0.6897, 0.6997, 0.7641, 0.781, 0.7516, 0.754, 0.7234], [0.7294, 0.7388, 0.7249, 0.7562, 0.7319, 0.6377, 0.6506, 0.751, 0.7671, 0.7643], [0.7551, 0.7617, 0.6997, 0.761, 0.7056, 0.7538, 0.6445, 0.7181, 0.7558, 0.7384], [0.7404, 0.6825, 0.6015, 0.6843, 0.7605, 0.7277, 0.7578, 0.7716, 0.6364, 0.7606], [0.7501, 0.7432, 0.7586, 0.6854, 0.7733, 0.5859, 0.5394, 0.7418, 0.6322, 0.7453], [0.748, 0.6089, 0.6931, 0.6845, 0.711, 0.6527, 0.6633, 0.7438, 0.7026, 0.6473], [0.6569, 0.7103, 0.687, 0.725, 0.6311, 0.697, 0.5559, 0.6777, 0.5773, 0.7459]], "loss_all_values": [[49.496399998664856, 49.496399998664856, 49.496399998664856, 49.496399998664856, 49.496399998664856, 49.496399998664856, 49.496399998664856, 49.496399998664856, 49.496399998664856, 49.496399998664856], [50.45209041237831, 51.030833661556244, 50.31412434577942, 51.24664947390556, 51.065848022699356, 50.85233375430107, 49.73083212971687, 56.203903287649155, 51.03370118141174, 49.92780914902687], [54.68969702720642, 51.13401734828949, 51.12408775091171, 51.26410794258118, 60.817775666713715, 51.94713565707207, 50.63154309988022, 53.01123523712158, 51.649112820625305, 56.53556817770004], [50.857511192560196, 54.93350771069527, 51.614571899175644, 58.42376697063446, 60.529352486133575, 54.652536273002625, 51.426576018333435, 53.64792451262474, 52.80855378508568, 55.423933267593384], [52.884120643138885, 60.37909975647926, 63.606809973716736, 76.70871460437775, 79.36305969953537, 56.702580362558365, 52.540626496076584, 62.61278393864632, 58.811060070991516, 67.03199005126953], [67.47631680965424, 62.02763867378235, 64.1720898449421, 58.711672991514206, 65.6971504688263, 133.98806262016296, 91.68514311313629, 58.59861499071121, 55.375605672597885, 57.229382276535034], [58.159920543432236, 57.31690466403961, 103.5483141541481, 59.07658776640892, 72.93462145328522, 57.78305912017822, 121.87696123123169, 74.72248071432114, 60.46988099813461, 63.93919423222542], [61.397674441337585, 115.13764303922653, 173.30336725711823, 72.45940858125687, 56.74150535464287, 79.38210588693619, 57.78478646278381, 54.73257598280907, 109.39065259695053, 57.564769834280014], [59.98485195636749, 61.32405272126198, 60.13907253742218, 87.17814740538597, 53.95155221223831, 126.78750693798065, 128.5974074602127, 62.8545041680336, 115.5946673154831, 63.04878032207489], [61.154167264699936, 92.5581071972847, 81.74276494979858, 81.13832604885101, 66.04305058717728, 88.55344265699387, 101.75139969587326, 67.11717319488525, 86.76087123155594, 128.6542353630066], [85.42592996358871, 69.13634788990021, 74.70553120970726, 65.31670999526978, 131.5151396393776, 89.32244217395782, 203.21694612503052, 88.54778444766998, 120.64879012107849, 60.121956676244736]]}