{"avg": [0.7398, 0.7398, 0.7398, 0.7398], "std": [0.0, 0.0, 0.0, 0.0], "min": [0.7398, 0.7398, 0.7398, 0.7398], "max": [0.7398, 0.7398, 0.7398, 0.7398], "all_values": [[0.7398, 0.7398], [0.7398, 0.7398], [0.7398, 0.7398], [0.7398, 0.7398]], "loss_all_values": [[63.874319195747375, 63.874319195747375], [63.874319195747375, 63.874319195747375], [63.874319195747375, 63.874319195747375], [63.874319195747375, 63.874319195747375]]}