{"train_acc_v": [17.818, 27.376, 31.604, 34.962, 37.626, 41.938, 44.806, 47.102, 49.704, 51.548, 53.392, 55.306, 56.218, 57.592, 58.738, 59.926, 60.52, 61.886, 62.258, 63.714, 64.582, 65.264, 65.43, 66.266, 66.532, 67.758, 67.67, 68.14, 69.204, 69.128, 69.426, 69.788, 69.828, 73.882, 74.934, 75.296, 75.55, 75.912, 76.044, 76.4, 76.626, 76.904, 76.888, 76.974, 77.218, 77.472, 77.424, 78.14, 78.116, 77.984, 78.232, 78.242, 78.036, 77.904, 77.914, 78.074, 78.178, 78.266, 78.242, 78.178, 77.89, 78.114, 78.226, 78.296, 78.204, 78.206, 78.228, 78.264, 78.084, 78.276, 78.246, 78.138, 78.176, 78.102, 78.36, 78.196, 78.396, 78.208, 78.18, 78.01, 78.078, 78.334, 78.378, 78.342, 78.346, 78.12, 78.108, 78.194, 78.192, 78.236, 78.162, 78.316, 78.426, 78.18, 78.21, 78.358, 78.24, 78.292, 78.224, 78.264, 78.142, 78.354, 78.262, 78.422, 78.366, 78.18, 78.014, 78.322, 78.346, 78.208, 78.322, 78.078, 77.93, 78.094, 78.168, 78.57, 78.266, 78.208, 78.174, 78.4, 77.982, 78.282, 78.226, 77.988, 78.168, 78.224, 78.166, 78.294, 78.24, 78.196, 78.128, 78.228, 78.162, 78.278, 78.358, 78.218, 78.19, 78.274, 78.452, 78.424, 78.406, 78.03, 78.166, 78.276, 78.312, 78.02, 78.274, 78.366, 78.068, 78.074, 78.212, 78.116, 78.386, 78.414, 78.158, 78.186, 78.084, 78.456, 78.092, 78.114], "train_loss_v": [2.3393217961883543, 1.8333508106231688, 1.726153318710327, 1.6654886797332764, 1.6132570224380494, 1.5288999201202393, 1.475400835494995, 1.4225170635986328, 1.3826503087615967, 1.3393329218673706, 1.3068376891326905, 1.2652726237106324, 1.2438446349334717, 1.2180088218879699, 1.1878240349578857, 1.1660078635025024, 1.1565358470153808, 1.124169956741333, 1.110385325088501, 1.089789712562561, 1.0682857042312621, 1.0503751904296874, 1.0468452407073974, 1.0341237580490112, 1.0217265650177, 0.9850448118972779, 0.9842424321746827, 0.9809659470367431, 0.9542783391952515, 0.9546798450088501, 0.9527881761932373, 0.9359226365852356, 0.9346679098701477, 0.8136026666069031, 0.7810422431182862, 0.7718208084869385, 0.7532095519256592, 0.7494703746414184, 0.7417310968399048, 0.7352589033126831, 0.7281514357757568, 0.7198387805175781, 0.7126836090469361, 0.7063811113357544, 0.6979617273139953, 0.7008559714698791, 0.6953101058578491, 0.6825483298110961, 0.6725523629188538, 0.6772772914505005, 0.6750390292167664, 0.6732395292472839, 0.6753440592193604, 0.6761802895927429, 0.6752901150417328, 0.6806954587173462, 0.6781795582962036, 0.6703362805747985, 0.6693409795761108, 0.6720386829948425, 0.6764004068756103, 0.675765991821289, 0.6740268970489502, 0.6672334009361267, 0.6700886515998841, 0.6712129209899902, 0.6677420902824401, 0.6770221765708924, 0.67645820936203, 0.6720232870101929, 0.6689090421867371, 0.6743444007682801, 0.6716409157943726, 0.6759771084213256, 0.6695266609573364, 0.6737847951889038, 0.6653121133804322, 0.6768827271461487, 0.6730917790985107, 0.6741666348648071, 0.670410676689148, 0.6732354146957398, 0.6664863424301147, 0.6696467010879517, 0.6717322596549988, 0.6709669436264039, 0.6735741098022461, 0.6703737038421631, 0.6711801418685913, 0.6699962769317627, 0.6707613155174256, 0.6721907636260986, 0.668577391242981, 0.6699703971481323, 0.6684600999832153, 0.6726208294010162, 0.6710064320373536, 0.6713813689231872, 0.6742130970001221, 0.6697220219802856, 0.6718684280776978, 0.6681666906166077, 0.6700556214141846, 0.6676252812957764, 0.6711418573379516, 0.671029782447815, 0.6746057634353637, 0.6675340023422242, 0.6684308209609985, 0.6697648720169067, 0.6664202633476257, 0.6759948341751099, 0.6724692315292359, 0.6711351825904847, 0.6684891530418396, 0.666158489818573, 0.6726207779312133, 0.6763432513237, 0.6661368700313568, 0.6665710521125794, 0.67183978931427, 0.6652029624176026, 0.6659376095581054, 0.6711842955589294, 0.6705275103378295, 0.667998194103241, 0.6733117082023621, 0.6697826533508301, 0.6662962546920776, 0.6709556398582458, 0.6699313849639893, 0.6748565954494476, 0.6685598991966247, 0.6704421647834777, 0.666326806755066, 0.6654209545516968, 0.6670775741004944, 0.666605426197052, 0.6634331171417236, 0.6706736291122437, 0.6667445351791382, 0.6727004545593261, 0.6735073166847229, 0.6683578604507446, 0.6690628741073609, 0.670393387889862, 0.6708404141426086, 0.6719170697689056, 0.6719013748931885, 0.6689487504959106, 0.6646104903221131, 0.6738013988876342, 0.6619421008491516, 0.6720362787818909, 0.6728198023796081, 0.6719817731857299, 0.6699044986343384, 0.6677958134460449, 0.6772808501815796, 0.6731566904640198], "test_acc_v": [23.94, 26.24, 33.98, 38.6, 42.04, 42.88, 45.51, 49.94, 46.9, 55.17, 54.32, 57.22, 54.16, 58.43, 60.21, 61.69, 61.3, 61.97, 61.31, 62.3, 64.62, 63.19, 67.43, 63.58, 67.7, 67.9, 69.17, 69.36, 70.58, 64.1, 65.72, 69.48, 68.57, 74.3, 74.35, 74.98, 74.66, 75.12, 75.21, 75.42, 75.66, 75.42, 75.65, 75.18, 75.98, 75.39, 75.87, 76.47, 76.31, 76.4, 76.22, 76.39, 76.53, 76.47, 76.53, 76.47, 76.6, 76.65, 76.49, 76.49, 76.5, 76.45, 76.29, 76.44, 76.72, 76.5, 76.46, 76.48, 76.7, 76.51, 76.43, 76.53, 76.59, 76.67, 76.49, 76.65, 76.64, 76.42, 76.43, 76.51, 76.73, 76.52, 76.59, 76.57, 76.64, 76.67, 76.54, 76.68, 76.38, 76.51, 76.59, 76.43, 76.64, 76.35, 76.5, 76.61, 76.64, 76.66, 76.66, 76.61, 76.54, 76.6, 76.72, 76.62, 76.68, 76.33, 76.73, 76.49, 76.63, 76.48, 76.53, 76.7, 76.46, 76.58, 76.6, 76.56, 76.5, 76.68, 76.57, 76.58, 76.66, 76.41, 76.63, 76.62, 76.53, 76.63, 76.6, 76.45, 76.61, 76.65, 76.49, 76.63, 76.66, 76.75, 76.46, 76.38, 76.56, 76.53, 76.57, 76.52, 76.59, 76.4, 76.66, 76.38, 76.64, 76.68, 76.58, 76.71, 76.52, 76.54, 76.56, 76.65, 76.57, 76.56, 76.44, 76.58, 76.52, 76.53, 76.6, 76.62],