{"avg": [0.7998, 0.60316, 0.29412000000000005, 0.38692, 0.29012, 0.21841999999999998, 0.15489999999999998, 0.13796000000000003, 0.11525999999999999, 0.10886, 0.12052], "std": [0.0, 0.20292002956830063, 0.10384146378012975, 0.19112894495601654, 0.10160933815353784, 0.08847136033768215, 0.03618601939976267, 0.02693908684421207, 0.017462256440677993, 0.010010514472293614, 0.025431743943347657], "loss_avg": [49.681520253419876, 226.16362024545668, 434.64029655456545, 415.99409106969836, 549.163289642334, 520.95004196167, 742.3236751556396, 796.319108581543, 906.7858262062073, 824.9329958915711, 725.5236931800843], "loss_std": [0.0, 276.52897591878553, 208.73537046104533, 321.13321100294826, 223.82526588351732, 198.56103167884442, 183.89130337937084, 134.19085959549972, 133.2322667674998, 184.83645608209088, 159.23544351326814]}