{"avg": [0.7398, 0.7399], "std": [0.0, 0.0], "min": [0.7398, 0.7399], "max": [0.7398, 0.7399], "all_values": [[0.7398], [0.7399]], "loss_all_values": [[63.874319195747375], [63.9141361117363]]}