{"avg": [0.7242, 0.7176400000000001, 0.64882, 0.69192, 0.6441999999999999, 0.6049, 0.6554, 0.6138000000000001, 0.5396599999999999, 0.60084, 0.5543799999999999], "std": [0.0, 0.0019053608582103507, 0.07544310173899267, 0.012860855337029487, 0.041057325777502825, 0.05938932564021919, 0.02617724202432333, 0.03551647505031996, 0.11401592169517377, 0.07888210443440263, 0.12735049901747536], "loss_avg": [63.19904500246048, 64.70555412173272, 88.21229605078697, 73.01043788790703, 85.95485738515853, 93.85489557981491, 81.72394765019416, 97.30254504680633, 118.60371199846267, 101.64659774303436, 120.12355036735535], "loss_std": [0.0, 0.5866070384648466, 21.2305926913512, 5.071930184994353, 13.78928560816767, 18.930970327734745, 8.471248182498389, 13.702794076256183, 41.32755500224901, 19.95538823133875, 49.804081867862045]}