{"train_acc_v": [10.514, 15.772, 19.926, 22.076, 24.02, 26.058, 28.938, 30.244, 31.092, 32.094, 32.964, 34.22, 34.516, 35.032, 35.964, 36.438, 37.864, 37.646, 43.562, 45.054, 45.98, 46.514, 47.4, 47.536, 47.892, 48.502, 48.384, 49.018, 49.476, 50.712, 53.046, 54.0, 55.88, 58.484, 61.048, 63.276, 64.59, 65.894, 67.016, 67.922, 69.162, 70.032, 71.076, 72.332, 72.954, 73.574, 73.964, 74.436, 75.088, 75.84, 76.496, 76.69, 77.176, 77.72, 77.94, 78.268, 78.552, 79.09, 79.304, 79.628, 79.72, 79.998, 80.37, 80.932, 80.82, 81.214, 81.606, 81.466, 81.864, 82.91, 83.464, 83.596, 83.886, 83.726, 83.868, 84.162, 84.164, 84.018, 84.086, 84.228, 84.002, 83.996, 84.124, 84.0, 84.284, 84.094, 84.086, 84.07, 84.048, 84.108, 84.216, 84.374, 84.068, 84.326, 84.236, 84.23, 84.222, 84.188, 84.272, 84.244, 84.004, 84.128, 84.11, 84.206, 84.19, 84.338, 84.304, 84.262, 84.142, 84.004, 84.212, 84.268, 84.192, 84.204, 84.014, 84.336, 84.282, 84.278, 84.074, 84.0], "train_loss_v": [2.6151178343963624, 2.1131727026367186, 1.9277715158843993, 1.8898590328598022, 1.857361135520935, 1.8176591452407838, 1.7859202724838257, 1.752659455909729, 1.729101442298889, 1.6959563888549805, 1.682523745689392, 1.6536607290649414, 1.648673310546875, 1.6332098307037353, 1.6176225505065918, 1.600919972190857, 1.5832149291610718, 1.57411684299469, 1.479063995361328, 1.4487447580337525, 1.4285556341552734, 1.4132704053878784, 1.4026097100830077, 1.3869459296417237, 1.3807838776397705, 1.3656175249481202, 1.36476770111084, 1.3575320657348633, 1.350050963821411, 1.3358123973846436, 1.3044494744491577, 1.2820803546142578, 1.2373910377120971, 1.1824107529067993, 1.0840200472259522, 1.030581820373535, 1.0030385095596313, 0.9746365020751954, 0.9546694618034363, 0.9354269549942017, 0.9161728660964966, 0.8875066090774536, 0.8588512997055053, 0.8226788633346558, 0.7931004104614258, 0.7741017065048218, 0.7592670638656617, 0.7449007048225403, 0.730523905544281, 0.7072624192047119, 0.6899459769630432, 0.6770991407203675, 0.6681612515449524, 0.6556184431648254, 0.6485557858467103, 0.6400184234809876, 0.6233314667701721, 0.6137582264804841, 0.604175069770813, 0.6018773421096801, 0.592931327342987, 0.5839290709114074, 0.5749725841426849, 0.563002132396698, 0.5588971809196472, 0.5512374108505249, 0.5413150346946717, 0.5441207807350159, 0.5337414135551453, 0.49870984071731567, 0.4853396466064453, 0.4783146372413635, 0.4737008205986023, 0.47287381898880004, 0.4718566606712341, 0.465935882062912, 0.46632827066421506, 0.466728692150116, 0.4644281491756439, 0.46438004426002505, 0.4648842515182495, 0.4628140657043457, 0.46330901987075807, 0.469754012594223, 0.4598481353855133, 0.4615564955997467, 0.46486167411804197, 0.46226357392311096, 0.4669771187782288, 0.46393445487976076, 0.46026111307144163, 0.4591159567451477, 0.4633440321445465, 0.46009689192771913, 0.46180842613220213, 0.4603336612701416, 0.46531109616279603, 0.4636618377590179, 0.46275612685203554, 0.4612138805484772, 0.4637063949394226, 0.4610742682647705, 0.4643139859676361, 0.46096171694755556, 0.4646078454113007, 0.4610369795417786, 0.4591587533760071, 0.46032202319145205, 0.46349609967231753, 0.4642269458007813, 0.45926593651771547, 0.4607533654594421, 0.46106848214149476, 0.4628839926242828, 0.46452625559806826, 0.46048962797164916, 0.4615641976737976, 0.46204005074501037, 0.4652048078536987, 0.464554022731781], "test_acc_v": [12.55, 19.09, 22.76, 21.15, 23.22, 28.0, 29.09, 29.11, 30.25, 28.87, 32.07, 32.06, 38.81, 34.65, 35.83, 41.37, 34.78, 32.22, 44.34, 46.29, 47.61, 47.28, 49.07, 49.22, 47.54, 48.85, 49.93, 51.32, 51.87, 54.08, 56.04, 57.26, 59.08, 60.42, 62.95, 63.95, 65.6, 65.73, 68.09, 68.91, 68.89, 70.98, 72.01, 72.84, 73.26, 74.07, 73.51, 74.01, 75.24, 75.26, 75.44, 76.09, 75.51, 75.55, 76.6, 77.21, 76.55, 77.01, 77.01, 76.92, 77.47, 77.64, 77.8, 77.79, 78.23, 78.29, 78.43, 78.34, 78.48, 79.64, 80.0, 79.84, 79.94, 79.86, 79.84, 79.92, 79.9, 79.9, 79.95, 80.12, 79.98, 79.9, 79.91, 80.01, 80.13, 79.98, 79.93, 80.03, 79.91, 80.07, 79.97, 80.01, 80.0, 79.98, 79.88, 79.96, 80.0, 79.99, 79.98, 80.09, 79.97, 79.81, 79.93, 80.0, 80.07, 79.93, 79.94, 79.97, 79.84, 80.06, 79.89, 79.97, 80.04, 80.0, 79.94, 80.02, 80.06, 80.03, 80.01, 79.98], "test_loss_v": [2.2943291316986083, 1.9230150449752808, 1.8781903938293456, 1.843790041923523, 1.922793844604492, 1.79515873336792, 1.8342800872802734, 1.7307068971633912, 1.7778763423919677, 1.707208337211609, 1.6051358907699584, 1.681600414276123, 1.6986711463928224, 1.58966775932312, 1.6125104496002198, 1.5946622802734376, 1.623670651435852, 1.620144669532776, 1.4471461765289306, 1.4201504953384398, 1.4178541580200195, 1.4046056678771972, 1.4065912900924682, 1.401032516670227, 1.391768014717102, 1.3772438926696777, 1.4041040990829468, 1.37600525226593, 1.3803205451965332, 1.3499404517173768, 1.2990878650665283, 1.2727545422554016, 1.2161664387702942, 1.1352684909820556, 1.062238867855072, 1.0398307948112488, 0.9943252482414245, 1.0013168703079223, 0.9547358474731445, 0.9338209877967835, 0.9361849540233612, 0.9022836538314819, 0.8549124817848206, 0.8206580490589142, 0.8093953073978424, 0.7906247192382813, 0.8023401063919068, 0.7740610116004943, 0.7555171701431275, 0.7395303353786469, 0.7463577994823456, 0.7204171260356903, 0.7255831495761871, 0.7404341586589813, 0.7248061551570892, 0.7043579945087433, 0.7024455452919006, 0.7006745775222778, 0.6968557250022889, 0.6994477906227112, 0.7003247653007507, 0.7013423671722412, 0.6945879759788514, 0.6871037702083588, 0.6564160879135131, 0.6663694556236267, 0.6673695127487183, 0.6771048532485962, 0.6766292870044708, 0.6375851626873016, 0.6294886413574219, 0.6314530047416687, 0.6328001270294189, 0.6319050298213958, 0.6332338004112243, 0.6277114767074585, 0.6282908682346344, 0.6280208339214325, 0.6300275333881378, 0.6285411137104034, 0.6297979835510253, 0.6293235966682434, 0.6290170340061187, 0.6272220525741578, 0.6281204082012176, 0.6281006773471832, 0.628732066822052, 0.626939017534256, 0.627541908454895, 0.6299317404270172, 0.6316586305618286, 0.6285948157787323, 0.6302497854709626, 0.6327947905063629, 0.6292120522499084, 0.6309103128433228, 0.6296428463459015, 0.628446618270874, 0.6254437267780304, 0.6311505157470703, 0.6275533588409424, 0.6318662569999695, 0.6311481207847596, 0.6281598136901856, 0.6267632872581482, 0.630534380865097, 0.6305374316692353, 0.6294140709400177, 0.6298102007865906, 0.6295993183612824, 0.6330759253025054, 0.6329581586360932, 0.6298468366146087, 0.6289276668071747, 0.6282699410915374, 0.6286617075443268, 0.6309996674060822, 0.6287740508079529, 0.6296750355243683, 0.6311526750564576],