{"avg": [0.7998, 0.7975000000000001, 0.79156, 0.74722, 0.7237399999999999, 0.73676, 0.5057, 0.45612, 0.52116, 0.38434, 0.41032], "std": [0.0, 0.0022423202269078314, 0.002280877024304481, 0.05981940822174689, 0.040313551071569004, 0.04045014709491179, 0.251333953138051, 0.22738343299369898, 0.2285334338778464, 0.21635230158239593, 0.23655138469262865], "loss_avg": [49.68151271343231, 50.60515781641006, 51.88178588151932, 67.67853418588638, 70.57613038420678, 69.50083552598953, 296.1747041702271, 368.67203320860864, 310.808004540205, 428.1611461281776, 451.6464133858681], "loss_std": [0.0, 0.7096074393667163, 0.7047542503012695, 25.809192707417377, 14.946655295622064, 18.117352239679743, 264.2381799930392, 257.7128042597023, 290.01949715316243, 284.01306527860726, 286.62826420674617]}