{"avg": [0.8177999999999999, 0.73986, 0.6215999999999999, 0.48460000000000003, 0.45705999999999997, 0.37472000000000005, 0.31626000000000004, 0.22358000000000003, 0.1839, 0.17650000000000002, 0.16662000000000002], "std": [1.1102230246251565e-16, 0.0464672185524376, 0.05984697151903347, 0.03343513122450695, 0.020958301457894908, 0.11862086494373578, 0.10563797801927108, 0.04124198831288327, 0.04671723450719231, 0.014414992195627436, 0.05448817853443075], "min": [0.8178, 0.6586, 0.5386, 0.4422, 0.4365, 0.238, 0.1351, 0.1469, 0.1005, 0.1605, 0.1032], "max": [0.8178, 0.7798, 0.7112, 0.5206, 0.4911, 0.56, 0.4446, 0.259, 0.2432, 0.1987, 0.2336], "all_values": [[0.8178, 0.8178, 0.8178, 0.8178, 0.8178], [0.7798, 0.6586, 0.7705, 0.7169, 0.7735], [0.6348, 0.5755, 0.6479, 0.7112, 0.5386], [0.513, 0.4467, 0.5206, 0.4422, 0.5005], [0.4717, 0.4365, 0.4414, 0.4911, 0.4446], [0.4468, 0.3637, 0.238, 0.2651, 0.56], [0.4446, 0.1351, 0.3936, 0.3146, 0.2934], [0.259, 0.1469, 0.2507, 0.2143, 0.247], [0.1941, 0.2018, 0.1005, 0.2432, 0.1799], [0.1987, 0.1605, 0.1729, 0.1635, 0.1869], [0.2246, 0.1032, 0.2336, 0.1591, 0.1126]], "loss_all_values": [[43.51979801058769, 43.51979801058769, 43.51979801058769, 43.51979801058769, 43.51979801058769], [52.59204974770546, 91.47021418809891, 56.87138789892197, 67.98857563734055, 54.73386138677597], [98.05228340625763, 131.51941621303558, 89.90451312065125, 69.28839510679245, 120.58005940914154], [143.13127219676971, 163.3842236995697, 151.84129452705383, 218.8730479478836, 177.80595302581787], [183.97739267349243, 178.0410554409027, 209.38703620433807, 166.21256053447723, 184.41419410705566], [169.44298493862152, 274.1283848285675, 354.9941985607147, 208.4985077381134, 116.1633061170578], [182.22552692890167, 336.43831062316895, 235.97514653205872, 203.8970239162445, 188.8121120929718], [232.2684109210968, 430.9560842514038, 219.16367292404175, 305.9383895397186, 254.66529297828674], [251.08658576011658, 310.80381512641907, 351.74896335601807, 324.29256987571716, 283.34743189811707], [347.6952543258667, 328.0547194480896, 280.3497643470764, 305.1613698005676, 278.8348686695099], [288.4029977321625, 487.2683701515198, 272.7168905735016, 393.06294107437134, 339.3171648979187]]}