{"avg": [0.8240999999999999, 0.7943600000000001, 0.7505, 0.7135199999999999, 0.62952, 0.5946600000000001, 0.5071, 0.47051999999999994, 0.39720000000000005, 0.31948, 0.35668], "std": [1.1102230246251565e-16, 0.003631308304179084, 0.018655508569856778, 0.022891518079847812, 0.029790360857163203, 0.05632742138603543, 0.058664162825357, 0.034658297707764005, 0.02928207642910591, 0.03267074532360716, 0.07072106899644547], "loss_avg": [42.34234184026718, 49.407318097352984, 58.60045554339886, 66.44275860786438, 86.52602211236953, 94.85561367273331, 117.77773730754852, 121.03370900154114, 137.28202023506165, 161.83829154968262, 145.02748613357545], "loss_std": [0.0, 1.40765158844116, 4.911617952445826, 5.4707358188846005, 8.716557472317573, 14.363282258371724, 17.325371790439593, 7.107768514825331, 8.867572466560997, 9.399475669232904, 17.225648231362218]}