{"train_acc_v": [26.746, 42.272, 50.246, 56.286, 60.85], "train_loss_v": [2.2019245315170286, 1.5722544733428956, 1.3798046171569824, 1.2225372274780273, 1.0928600874519347], "test_acc_v": [38.97, 46.48, 56.07, 61.92, 66.15], "test_loss_v": [1.6861958513259887, 1.4507266731262207, 1.2149917179107665, 1.0651238507270813, 0.9570383474349976], "current_lr_v": [0.1, 0.1, 0.1, 0.1, 0.1], "weight_stats": {"min": [-0.2615891396999359, -0.36352986097335815, -0.3579491674900055, -0.4303823411464691, -0.5463123917579651, -0.6204304099082947], "max": [0.2765333652496338, 0.44427287578582764, 0.4328455626964569, 0.4482707977294922, 0.484720379114151, 0.44053688645362854], "mean": [-1.1048012488781719e-05, 0.00016193448561936652, 0.00012428903866002242, 8.797034731471552e-05, 5.35071577779747e-05, 2.6604433881109926e-05], "std": [0.024847767689591325, 0.027211358999618285, 0.026869802887796963, 0.026611164000228983, 0.02640039410614254, 0.026232831702826854]}, "parameters": "{'current_function': 'progressive_train_ws', 'batch_size': 1024, 'n_workers': 6, 'optimizer': {'class': <class 'torch.optim.sgd.SGD'>, 'dict': {'lr': 0.1, 'momentum': 0.9, 'dampening': 0, 'weight_decay': 5e-05, 'nesterov': False}}, 'scheduler': {'class': <class 'torch.optim.lr_scheduler.ReduceLROnPlateau'>, 'dict': {'factor': 0.1, 'optimizer': SGD (\nParameter Group 0\n    dampening: 0\n    lr: 0.1\n    momentum: 0.9\n    nesterov: False\n    weight_decay: 5e-05\n), 'min_lrs': [0], 'patience': 3, 'verbose': False, 'cooldown': 0, 'cooldown_counter': 0, 'mode': 'min', 'threshold': 0.001, 'threshold_mode': 'rel', 'best': 0.9570383474349976, 'num_bad_epochs': 0, 'mode_worse': inf, 'eps': 1e-08, 'last_epoch': 5, '_last_lr': [0.1]}}}", "tot_time": 180.463940656}