{"avg": [0.8358000000000001, 0.7999400000000001, 0.7642599999999999, 0.71966, 0.6686799999999999, 0.62094, 0.5283200000000001, 0.49122000000000005, 0.40874000000000005, 0.33194, 0.32792000000000004], "std": [1.1102230246251565e-16, 0.01612682237764153, 0.02047628872623161, 0.028538997880093814, 0.028499150864543306, 0.0498290517670164, 0.04148572766627095, 0.0402528707050814, 0.030799519476771068, 0.02577895265521856, 0.07840003571427757], "loss_avg": [2], "loss_std": [3]}