{"train_acc_v": [18.486, 33.566, 42.864, 47.846, 53.57, 55.368, 57.79, 61.768, 64.308, 65.878, 68.024, 70.02, 71.184, 72.35, 73.964, 74.234, 75.786, 76.072, 76.366, 77.036, 78.108, 78.65, 79.4, 79.796, 80.386, 80.716, 81.304, 81.486, 82.0, 82.27, 82.486, 83.086, 86.148, 87.522, 87.926, 88.3, 88.668, 88.894, 89.21, 89.476, 89.55, 89.998, 90.25, 90.168, 90.286, 90.38, 90.46, 90.202, 90.35, 90.31, 90.388, 90.168, 90.16, 90.36, 90.31, 90.414, 90.18, 90.148, 90.438, 90.236, 90.338, 90.536, 90.414, 90.316, 90.402, 90.136, 90.498, 90.22, 90.288, 90.334, 90.38, 90.358, 90.324, 90.434, 90.142, 90.214, 90.258, 90.37, 90.298, 90.234, 90.26, 90.032, 90.312, 90.308, 90.25, 90.314, 90.344, 90.386, 90.366, 90.428, 90.334, 90.288, 90.202, 90.508, 90.298, 90.412, 90.32, 90.388, 90.254, 90.348, 90.372, 90.374, 90.408, 90.176, 90.386, 90.416, 90.106, 90.262, 90.192, 90.206, 90.214, 90.28, 90.378, 90.288, 90.136, 90.418, 90.282, 90.442, 90.444, 90.278, 90.37, 90.306, 90.366, 90.282, 90.23, 90.366, 90.162, 90.402, 90.306, 90.31, 90.274, 90.044, 90.354, 90.37, 90.238, 90.29, 90.388, 90.398, 90.452, 90.366, 90.198, 90.398, 90.182, 90.522, 90.318, 90.354, 90.256, 90.274, 90.208, 90.328, 90.358, 90.104, 90.5, 90.228, 90.528, 90.378, 90.198, 90.372, 90.206, 90.292], "train_loss_v": [2.777962953567505, 1.8308933229827882, 1.5569046718597412, 1.4428345722961426, 1.2947616109466553, 1.2535013027572632, 1.1785818669128418, 1.0665514443969726, 1.0022089108276366, 0.9604884052658081, 0.9001183732223511, 0.8516276867103577, 0.8139215354537964, 0.7791882664299011, 0.7490718176841736, 0.7284645218467712, 0.6891991065979004, 0.6764088339042663, 0.6698872433853149, 0.652509772567749, 0.6221070772361755, 0.6070710009002686, 0.5901289580535889, 0.5727699886131287, 0.5614610070800782, 0.5485021088790893, 0.5322062391853333, 0.5290479603004455, 0.5134499769973755, 0.502149711227417, 0.49581797306060793, 0.4820127147102356, 0.3964107013893127, 0.3533410030460358, 0.34114446641921997, 0.3307831468868256, 0.3250013918018341, 0.3170689507484436, 0.3070625689983368, 0.302541312623024, 0.2976621336364746, 0.2858172162723541, 0.28096740467071535, 0.27871062767982485, 0.2767113558292389, 0.27302901580810546, 0.27492963247299196, 0.279992323551178, 0.2744486486721039, 0.2763886484289169, 0.27435250415802004, 0.27391185311317445, 0.2772275557613373, 0.27565655352592466, 0.274710395154953, 0.27516996470451355, 0.2777839900588989, 0.2782335529899597, 0.27391985938072205, 0.27617990800857545, 0.2747821724319458, 0.2718356667232513, 0.2725687745761871, 0.2756108292961121, 0.27392654222488405, 0.27808432817459106, 0.27319794338703157, 0.27315447497367856, 0.27670860257148744, 0.27464528906822205, 0.27691783442497253, 0.2736242611122131, 0.27333178873062136, 0.27712244081497195, 0.27912525124549864, 0.2756111988162994, 0.2775528126144409, 0.2746475787639618, 0.2746278689193726, 0.2763740101623535, 0.27439304339408876, 0.2806840887737274, 0.2758260742044449, 0.2754774199295044, 0.2781393801879883, 0.27708416705131533, 0.2749265765285492, 0.2747558598995209, 0.27577408579349516, 0.27420758334636686, 0.27511186542987826, 0.2762141911315918, 0.2757081415081024, 0.2741292142486572, 0.27673989734649657, 0.27450534004211424, 0.27645066771507265, 0.27582876445293425, 0.27635467299461364, 0.2758338855743408, 0.27586919180870056, 0.27261825618743896, 0.27558066278457644, 0.2774867486667633, 0.27472432511329653, 0.2750972798633575, 0.2747952889919281, 0.27556756574630736, 0.2790616847515106, 0.2777319527244568, 0.2777670640563965, 0.27634045868873597, 0.2723494308757782, 0.27387139291763307, 0.280663238363266, 0.27463801679611205, 0.27741021476745603, 0.2747225710487366, 0.2749343045902252, 0.2762800597953796, 0.2736412313842773, 0.2763899172115326, 0.2764339424419403, 0.27613156841278075, 0.27975069739341735, 0.27678888697624204, 0.27878280323028565, 0.2749304790401459, 0.2740333683872223, 0.2761053239440918, 0.2762843101024628, 0.2809981883621216, 0.2775673210144043, 0.2723525380897522, 0.27460725152015686, 0.27590846551895143, 0.27737275802612305, 0.2757955933666229, 0.272821023683548, 0.2749670825481415, 0.2774443165206909, 0.27374887066841125, 0.27687526241779326, 0.27596698615074156, 0.27522714138031007, 0.27591626465797425, 0.27607151232719424, 0.275925213098526, 0.27641796948432923, 0.277754223985672, 0.27434796873092654, 0.2799356897544861, 0.2725551072406769, 0.2759862965488434, 0.2738184132480621, 0.2751754612159729, 0.2784635129928589, 0.27740223972320555, 0.2768730302810669, 0.2795082794857025], "test_acc_v": [28.27, 39.57, 46.3, 52.16, 56.74, 46.27, 60.65, 61.39, 64.92, 66.94, 67.59, 67.69, 68.99, 73.46, 74.14, 72.08, 73.72, 71.01, 73.86, 75.48, 73.99, 75.2, 75.66, 78.1, 76.6, 77.4, 76.76, 79.17, 78.73, 78.27, 76.54, 78.65, 82.47, 83.19, 82.95, 83.05, 83.12, 83.03, 82.96, 83.3, 83.3, 83.56, 83.67, 83.58, 83.55, 83.6, 83.62, 83.55, 83.54, 83.62, 83.61, 83.61, 83.58, 83.54, 83.6, 83.5, 83.55, 83.61, 83.61, 83.54, 83.51, 83.56, 83.59, 83.6, 83.62, 83.59, 83.63, 83.59, 83.6, 83.6, 83.59, 83.55, 83.55, 83.59, 83.67, 83.57, 83.63, 83.58, 83.62, 83.58, 83.56, 83.61, 83.61, 83.58, 83.51, 83.63, 83.51, 83.59, 83.62, 83.62, 83.55, 83.57, 83.72, 83.66, 83.64, 83.54, 83.58, 83.58, 83.58, 83.62, 83.59, 83.61, 83.62, 83.64, 83.55, 83.56, 83.66, 83.61, 83.61, 83.65, 83.59, 83.5, 83.56, 83.66, 83.54, 83.59, 83.62, 83.49, 83.6, 83.62, 83.55, 83.61, 83.56, 83.62, 83.54, 83.56, 83.62, 83.58, 83.62, 83.63, 83.57, 83.63, 83.55, 83.58, 83.58, 83.67, 83.59, 83.51, 83.57, 83.55, 83.51, 83.55, 83.57, 83.57, 83.53, 83.55, 83.59, 83.53, 83.6, 83.54, 83.57, 83.56, 83.59, 83.57, 83.58, 83.6, 83.61, 83.59, 83.67, 83.63],