{"avg": [0.8383, 0.80378, 0.76076, 0.6811, 0.66726, 0.5914999999999999, 0.5402199999999999, 0.40534, 0.41008000000000006, 0.33185999999999993, 0.27816], "std": [0.0, 0.0053093879119913544, 0.012803374555170974, 0.03026370763802742, 0.04103279663878642, 0.04000584957228131, 0.05846193291364903, 0.04551143153099011, 0.06878099737572871, 0.07431685138647896, 0.09672481791143367], "loss_avg": [39.772973626852036, 46.685906952619554, 56.11531190872192, 76.12388139367104, 77.81705861687661, 97.37141970396041, 109.91521311998368, 147.108130466938, 142.48719410896302, 170.7830750465393, 192.690384888649], "loss_std": [0.0, 1.4422232444601009, 4.134940626376389, 9.449285738759356, 11.040072547079392, 10.21938481295801, 18.798209896774388, 17.599804057067846, 28.146597514404128, 31.478346456082317, 51.06426872085588]}