{"avg": [0.8362999999999999, 0.8332900000000001, 0.8293900000000001, 0.82728, 0.82128, 0.8237, 0.81816, 0.81447, 0.8098500000000002, 0.8135299999999999, 0.8062199999999999], "std": [1.1102230246251565e-16, 0.0017694349380522607, 0.003350955087732435, 0.003591879730725962, 0.008494327518997594, 0.0043451121964800865, 0.009466276987284913, 0.008623230253217175, 0.011343301988398276, 0.00542034131766626, 0.011455374284587993], "min": [0.8363, 0.8313, 0.8232, 0.8185, 0.799, 0.8183, 0.7932, 0.7899, 0.7806, 0.8066, 0.7887], "max": [0.8363, 0.8366, 0.8351, 0.8323, 0.8275, 0.8292, 0.8266, 0.8212, 0.8193, 0.8209, 0.8218], "all_values": [[0.8363, 0.8363, 0.8363, 0.8363, 0.8363, 0.8363, 0.8363, 0.8363, 0.8363, 0.8363], [0.8314, 0.8324, 0.8313, 0.8366, 0.834, 0.8325, 0.8338, 0.8328, 0.8319, 0.8362], [0.8351, 0.8232, 0.8309, 0.8245, 0.8312, 0.8306, 0.8285, 0.8315, 0.8276, 0.8308], [0.8276, 0.8306, 0.8284, 0.83, 0.8255, 0.8269, 0.8276, 0.8254, 0.8323, 0.8185], [0.799, 0.8174, 0.8272, 0.8256, 0.8249, 0.8148, 0.827, 0.8265, 0.8275, 0.8229], [0.8187, 0.8244, 0.8291, 0.8183, 0.8292, 0.8197, 0.8234, 0.8187, 0.8284, 0.8271], [0.8216, 0.811, 0.7932, 0.8231, 0.8266, 0.8172, 0.8221, 0.8244, 0.8257, 0.8167], [0.8212, 0.8136, 0.8211, 0.8132, 0.8159, 0.8181, 0.8174, 0.7899, 0.8149, 0.8194], [0.8, 0.7806, 0.8176, 0.8193, 0.8169, 0.8076, 0.8181, 0.8173, 0.8089, 0.8122], [0.8143, 0.8209, 0.8075, 0.8135, 0.8078, 0.8206, 0.8082, 0.8194, 0.8066, 0.8165], [0.8195, 0.7889, 0.7995, 0.8199, 0.8096, 0.8091, 0.8218, 0.8006, 0.8046, 0.7887]], "loss_all_values": [[40.53759387135506, 40.53759387135506, 40.53759387135506, 40.53759387135506, 40.53759387135506, 40.53759387135506, 40.53759387135506, 40.53759387135506, 40.53759387135506, 40.53759387135506], [41.954613491892815, 40.95237310230732, 40.96599970757961, 40.61984005570412, 40.925605192780495, 41.480773851275444, 40.91980358958244, 40.74080441892147, 41.101537466049194, 40.56482395529747], [40.9796292334795, 43.3899794369936, 41.84443420171738, 42.86433482170105, 41.09116406738758, 40.64388398826122, 41.73862473666668, 41.159630700945854, 42.15968709439039, 40.9446005821228], [41.8860259950161, 41.73163843154907, 42.14137560129166, 41.31843255460262, 43.171695590019226, 41.956489354372025, 42.60208684206009, 43.24835413694382, 41.02329030632973, 44.53593571484089], [50.589550122618675, 45.39210934937, 42.37324649095535, 43.296404510736465, 43.65815521776676, 45.51119884848595, 41.781075328588486, 42.30364452302456, 42.98471358418465, 43.14745831489563], [44.79805348813534, 43.10454347729683, 41.42325872182846, 44.364975929260254, 41.61664913594723, 44.25729088485241, 43.11821511387825, 44.54662013053894, 42.063584953546524, 43.031710773706436], [43.52606908977032, 46.163959950208664, 52.89500257372856, 42.287413224577904, 43.23189687728882, 44.28353427350521, 43.38001003861427, 42.7449414730072, 42.01851649582386, 45.37172518670559], [43.01523691415787, 45.123975962400436, 43.881122186779976, 45.33209207653999, 44.969684198498726, 44.935756877064705, 45.19254183769226, 53.242994636297226, 44.96089768409729, 43.97395686805248], [48.026752188801765, 54.51267468929291, 44.19592446088791, 43.785292729735374, 44.564823627471924, 46.18026256561279, 44.7775160074234, 43.42647275328636, 47.601643085479736, 45.99265240132809], [44.61935640871525, 42.277030020952225, 46.35056893527508, 44.89854881167412, 46.12344337999821, 42.572270691394806, 45.01032556593418, 43.86392019689083, 48.56613889336586, 44.28447386622429], [43.78700755536556, 52.047701597213745, 48.52493977546692, 42.72318358719349, 45.06741939485073, 45.54082667827606, 43.6366421431303, 48.38007998466492, 47.19302845001221, 51.48937717080116]]}