{"avg": [0.8375, 0.83442, 0.8307, 0.8267199999999999, 0.82646, 0.8201, 0.8226800000000001, 0.8146000000000001, 0.81196, 0.81364, 0.799], "std": [0.0, 0.0002993325909419298, 0.002764054992217071, 0.007889081061822087, 0.0030322269044383847, 0.0038807215823864595, 0.004469630857240923, 0.005694558806439698, 0.007729320798103807, 0.011572657430339844, 0.016117816229253863], "loss_avg": [41.24607773125172, 41.65080854594707, 42.10070541799068, 43.11524839103222, 42.82334697842598, 44.37535456717014, 44.02429426908493, 45.347529163956644, 45.70073219537735, 45.63120897114277, 49.23630438745022], "loss_std": [0.0, 0.15892875722693672, 0.3741198516542351, 2.0690613302717127, 0.7386526889191188, 1.0635220302977584, 1.1549128144196346, 1.7228499754793714, 2.1683128455340865, 3.1884758156765396, 3.8691485093156697]}