{"avg": [0.8552, 0.8529900000000001, 0.8504200000000001, 0.8469300000000001, 0.84322, 0.8438800000000001, 0.8423300000000001, 0.8340799999999999, 0.83271, 0.83575, 0.83249], "std": [0.0, 0.0013538463723776221, 0.0025891311283903675, 0.003186549858389163, 0.0034611558762933678, 0.004767976510009257, 0.002919948629685122, 0.006386986769987865, 0.006995777297770412, 0.00415770369314601, 0.006018214020787232], "min": [0.8552, 0.8503, 0.8462, 0.8408, 0.8378, 0.8306, 0.8377, 0.8192, 0.8215, 0.8292, 0.8206], "max": [0.8552, 0.8555, 0.8553, 0.8518, 0.8494, 0.8489, 0.8486, 0.8425, 0.8414, 0.8433, 0.8419], "all_values": [[0.8552, 0.8552, 0.8552, 0.8552, 0.8552, 0.8552, 0.8552, 0.8552, 0.8552, 0.8552], [0.8534, 0.8503, 0.8528, 0.8543, 0.8528, 0.8535, 0.8534, 0.8516, 0.8555, 0.8523], [0.8506, 0.8531, 0.849, 0.8553, 0.8462, 0.849, 0.8502, 0.8529, 0.8503, 0.8476], [0.8456, 0.8467, 0.8507, 0.8479, 0.8426, 0.8408, 0.8474, 0.849, 0.8468, 0.8518], [0.8404, 0.843, 0.8474, 0.8447, 0.8445, 0.8389, 0.8416, 0.8445, 0.8494, 0.8378], [0.8458, 0.8438, 0.8437, 0.8447, 0.8306, 0.8464, 0.8464, 0.8463, 0.8489, 0.8422], [0.8445, 0.8405, 0.8427, 0.8408, 0.8437, 0.8411, 0.8441, 0.8396, 0.8486, 0.8377], [0.8261, 0.8192, 0.8354, 0.8425, 0.8369, 0.8331, 0.8346, 0.8382, 0.8384, 0.8364], [0.8344, 0.831, 0.8317, 0.8272, 0.8223, 0.8414, 0.8359, 0.8215, 0.8409, 0.8408], [0.8292, 0.8364, 0.8333, 0.841, 0.8297, 0.8356, 0.8354, 0.8367, 0.8369, 0.8433], [0.8206, 0.8362, 0.8332, 0.8406, 0.8276, 0.831, 0.8304, 0.8419, 0.8349, 0.8285]], "loss_all_values": [[35.541256949305534, 35.541256949305534, 35.541256949305534, 35.541256949305534, 35.541256949305534, 35.541256949305534, 35.541256949305534, 35.541256949305534, 35.541256949305534, 35.541256949305534], [36.374904811382294, 36.4803811609745, 36.00727719068527, 35.61646172404289, 35.722979798913, 35.47593596577644, 35.90061819553375, 36.16030140221119, 35.745318949222565, 36.17007203400135], [36.293742805719376, 36.08740673959255, 36.293770253658295, 35.84167721867561, 37.239795565605164, 36.9361477047205, 36.582734152674675, 36.15195967257023, 36.58245238661766, 36.40344040095806], [37.617724254727364, 37.67797230184078, 36.29065254330635, 37.02817910909653, 38.81771048903465, 38.52926228940487, 37.37611882388592, 36.8564617484808, 37.096281588077545, 36.38242881000042], [38.01511573791504, 37.935714304447174, 36.91488492488861, 37.87584833800793, 38.22812446951866, 39.83412583172321, 38.25967754423618, 37.82462218403816, 36.41262425482273, 40.011382818222046], [37.41834606230259, 37.88579270243645, 38.186268389225006, 38.37667825818062, 40.81451869010925, 37.99995455145836, 37.54794666171074, 37.98489712178707, 37.0216069817543, 38.21632665395737], [37.85650061070919, 38.030400931835175, 38.4835791438818, 38.258224964141846, 37.51954984664917, 38.44193388521671, 38.11513817310333, 38.50962346792221, 36.92869211733341, 38.58783961832523], [41.2353897690773, 44.38022866845131, 39.99538595974445, 37.95381224155426, 40.83135586977005, 40.80897234380245, 39.43186518549919, 38.94654753804207, 38.615140438079834, 39.2063030898571], [39.586040288209915, 40.90191665291786, 40.83153975009918, 41.55624008178711, 42.96228574216366, 38.02916406095028, 39.87523567676544, 42.368099093437195, 37.85713981091976, 38.53528755903244], [40.3535116314888, 39.63353830575943, 39.50617131590843, 38.04921667277813, 40.80376896262169, 39.02795985341072, 40.08012534677982, 38.80870293080807, 39.05774527788162, 37.749438628554344], [43.05865901708603, 38.75947222113609, 40.539585918188095, 38.39082385599613, 41.13695278763771, 39.803942903876305, 40.365592792630196, 37.12146872282028, 39.57699652016163, 41.3361170142889]]}