{"avg": [0.8355, 0.81258, 0.7666600000000001, 0.72644, 0.6718999999999999, 0.6063400000000001, 0.5596599999999999, 0.51902, 0.42742, 0.38721999999999995, 0.36718], "std": [0.0, 0.00395898977013076, 0.010793813042664786, 0.019684775843275423, 0.025127912766483417, 0.028280424324963718, 0.06465334020760258, 0.03070670285133199, 0.06717491793817092, 0.03465241117151879, 0.04726768029002481], "loss_avg": [42.349146246910095, 46.20918583571911, 55.32662514448166, 63.965617740154265, 77.41598447561265, 92.68351069688796, 105.53794018030166, 113.19343147277831, 137.836971449852, 144.45841844081878, 146.83058960437774], "loss_std": [0.0, 1.0991908883230366, 2.4978257293131816, 4.513573457342469, 7.5322352291937245, 8.54795619192901, 20.394796273681017, 6.959163788611574, 19.00034150909077, 12.577391763232754, 11.498195238915509]}