{"avg": [0.8354000000000001, 0.8324999999999999, 0.8286199999999999, 0.8248, 0.8219799999999999, 0.8171199999999998, 0.8162600000000001, 0.8123799999999999, 0.8115400000000002, 0.8114399999999999, 0.80244], "std": [1.1102230246251565e-16, 0.001645600194457946, 0.003605773148715834, 0.002043526363911169, 0.003915814091603423, 0.006566399317738771, 0.008247084333265913, 0.006974639775644335, 0.005556113749735528, 0.005694067087767774, 0.00455921045796308], "loss_avg": [42.41774207353592, 42.793488681316376, 43.37043938338756, 44.23002187013626, 44.44116143584252, 45.53064121901989, 46.03011738657951, 46.821049097180364, 46.197506099939346, 46.56335641741752, 48.83753537237644], "loss_std": [0.0, 0.3565639206282535, 0.7298470219621187, 0.6752627304271317, 0.8560620942208959, 0.9191137775665486, 1.7115798429468205, 1.9840312062636403, 1.670176043018015, 1.669086801494257, 1.2087267131500439]}