{"avg": [0.843, 0.69912, 0.6709799999999999, 0.65192, 0.59392, 0.43258, 0.41228, 0.31142000000000003, 0.36194, 0.25838, 0.21698], "std": [0.0, 0.0862864624376269, 0.0706141175686562, 0.0450723596009794, 0.06630452171609413, 0.07059712175436052, 0.048929843653950096, 0.04588513484779139, 0.09065712547836491, 0.06205311918026362, 0.06046646673983854], "loss_avg": [37.09473840892315, 78.84949451088906, 88.64720492362976, 96.23517200946807, 110.33669720888138, 163.86891968250274, 173.4876533985138, 208.46159113645552, 171.73189840316772, 227.97425093650818, 253.77218861579894], "loss_std": [0.0, 23.910555878868113, 27.475008209865123, 17.794583236476164, 25.52160216444543, 17.28048652360098, 31.53037678986305, 15.841769680376938, 16.29752646971711, 26.938549141570604, 33.997218846036624]}