{"avg": [0.8337999999999999, 0.7983800000000001, 0.76162, 0.73284, 0.6358, 0.60154, 0.5581400000000001, 0.43924, 0.42203999999999997, 0.39028, 0.30468], "std": [1.1102230246251565e-16, 0.020888216774057073, 0.005395331315127943, 0.023109011229388406, 0.051672158847874745, 0.03355345585778014, 0.0551035969787817, 0.11082979021905619, 0.07921420579668774, 0.06378919657747699, 0.06318611872872079], "loss_avg": [2], "loss_std": [3]}