{"avg": [0.833, 0.8047000000000001, 0.76112, 0.71148, 0.6500800000000001, 0.6171800000000001, 0.5237, 0.50656, 0.4535400000000001, 0.36632, 0.28143999999999997], "std": [0.0, 0.003935479640399621, 0.011478397100640844, 0.04756954487905052, 0.0597631458342012, 0.0276827310791403, 0.044822092766848814, 0.083858323379376, 0.054737431434074425, 0.027632835540349447, 0.04649247681077014]}