{"train_acc_v": [31.662, 46.132, 54.128, 59.416, 63.102, 65.704, 68.318, 70.148, 71.664, 72.792, 73.958, 75.222, 76.208, 77.054, 77.784, 78.326, 78.996, 79.56, 80.104, 80.404, 81.042, 81.166, 84.768, 86.044, 86.45, 86.968, 87.074, 87.352, 87.456, 87.862, 88.062, 88.07, 88.264, 88.388, 88.57, 88.86, 88.896, 89.402, 89.402, 89.286, 89.748, 89.714, 89.732, 89.718, 89.86, 89.746, 90.0, 89.858, 89.88, 89.834, 89.766, 89.686, 89.702, 89.888, 89.956, 89.834, 89.77, 89.782, 89.662, 89.772, 89.828, 89.816, 89.852, 89.846, 89.926, 89.868, 89.898, 89.75, 89.66, 89.738, 89.8, 89.538, 89.8, 89.928, 89.844, 89.796, 89.82, 89.77, 89.802, 89.79, 89.69, 89.9, 89.884, 89.758, 89.758, 89.98, 89.864, 89.718, 89.822, 89.908, 89.898, 89.86, 89.896, 89.698, 89.758, 89.594, 89.694, 89.784, 89.918, 89.602, 89.712, 89.75, 89.892, 89.734, 89.722, 89.838, 89.832, 89.818, 89.668, 89.888, 89.768, 89.796, 89.79, 89.78, 89.82, 89.79, 89.676, 89.894, 89.726, 89.898, 89.72, 89.774, 89.944, 90.014, 89.684, 89.902, 89.86, 89.91, 89.954, 89.822, 89.988, 89.806, 89.87, 89.672, 89.878, 89.738, 89.882, 89.814, 89.67, 90.072, 89.962, 89.83, 89.856, 89.878, 89.766, 89.746, 89.696, 89.626, 89.728, 89.76, 89.798, 89.744, 89.73, 89.806, 89.796, 89.686, 89.956, 89.82, 89.846, 89.838], "train_loss_v": [2.02581349067688, 1.4728944050216675, 1.271387990837097, 1.1391763718414307, 1.034601763534546, 0.9743414566230774, 0.9016614052009583, 0.8490925716018677, 0.8076517402458191, 0.7745941229438782, 0.7456609696388244, 0.7095033316802979, 0.6868194266319275, 0.6600361944198608, 0.6381301313591003, 0.6237789328575134, 0.6054802833938598, 0.5926367835044861, 0.5754079675102234, 0.5616952380180359, 0.548798416481018, 0.5371099182510376, 0.4345928725337982, 0.3988856735801697, 0.3886490483379364, 0.3736365333843231, 0.369477880525589, 0.36112268175125123, 0.3559524251461029, 0.3481672829246521, 0.3427808009147644, 0.33898465288162233, 0.3352681198978424, 0.3305810605812073, 0.3215475971221924, 0.3188081712627411, 0.31672533763885496, 0.3032192423629761, 0.2979420853805542, 0.2976237886810303, 0.29148486975669863, 0.2928361854362488, 0.2912121310520172, 0.29316651297569274, 0.2896506207752228, 0.2906580194568634, 0.28673711196899415, 0.2902536054611206, 0.28977949553489685, 0.28873979286193846, 0.2913862848949432, 0.2915960288143158, 0.2931110477256775, 0.28943257184028626, 0.2874695409488678, 0.28697949132442474, 0.2923386351585388, 0.2903490506458282, 0.2927256658744812, 0.29444953434944154, 0.2914970290374756, 0.2910226296901703, 0.289750377779007, 0.2897904497241974, 0.2900313626098633, 0.2897512868499756, 0.2872803522205353, 0.2906642195796967, 0.29350206195831297, 0.28958647517204283, 0.2901251288032532, 0.291858968296051, 0.2919763044023514, 0.28822662717819214, 0.28868274698257446, 0.2914013729286194, 0.2915902251625061, 0.29276093846321105, 0.29096419061660767, 0.28951950134277343, 0.29408823334693907, 0.28443705271720887, 0.2876015822029114, 0.2912777378082275, 0.2911986414718628, 0.2886964113712311, 0.28962208262443545, 0.2926509362411499, 0.28923670858383177, 0.2893174743938446, 0.29009040374755857, 0.2871478792476654, 0.2895517735671997, 0.29209796879768374, 0.2889155278396606, 0.29403675430297854, 0.29134630212783813, 0.29112577492713926, 0.2900118368244171, 0.291490721950531, 0.29106548027992246, 0.2897364178466797, 0.288461385679245, 0.2909695791244507, 0.2912251193523407, 0.2921437570142746, 0.2923131071662903, 0.2897318491744995, 0.2963808387947083, 0.2871613581466675, 0.2920651118755341, 0.2888541487979889, 0.28855900853157046, 0.2925589644193649, 0.289985282869339, 0.29020773565292357, 0.29002775323867797, 0.28756073011398314, 0.2931623129653931, 0.2904064531135559, 0.2908267078304291, 0.291418351354599, 0.2880012468147278, 0.2897002159309387, 0.29148486532211304, 0.2910101616573334, 0.2909531898498535, 0.2939240170621872, 0.2874335351753235, 0.2894224342918396, 0.289078093957901, 0.2870931024646759, 0.2893106424808502, 0.29273522654533385, 0.2886076834964752, 0.28967833456039427, 0.2919142432022095, 0.2886248080253601, 0.29282667342185975, 0.2884141249370575, 0.2861154398059845, 0.28786545511245726, 0.287609797706604, 0.28720723026275635, 0.2881151109886169, 0.2924494915485382, 0.2898361053943634, 0.2923065767002106, 0.2872652914142609, 0.2902092371463776, 0.29194200253486635, 0.2897391984653473, 0.29150758858680725, 0.29058401407241824, 0.2894653478193283, 0.29385370771884917, 0.2891779909706116, 0.2906545846652985, 0.2884637672138214, 0.28914479754447936], "test_acc_v": [44.49, 48.3, 57.78, 62.47, 65.59, 66.91, 71.53, 71.87, 71.48, 74.05, 73.78, 74.45, 73.29, 74.97, 77.21, 76.73, 76.99, 78.66, 77.95, 76.46, 78.26, 78.91, 82.0, 82.47, 82.78, 82.69, 83.08, 82.73, 83.07, 83.08, 83.12, 83.09, 83.15, 83.09, 83.15, 83.29, 83.35, 83.35, 83.62, 83.45, 83.74, 83.72, 83.65, 83.76, 83.64, 83.88, 83.69, 83.8, 83.66, 83.61, 83.55, 83.71, 83.66, 83.57, 83.68, 83.69, 83.83, 83.76, 83.75, 83.65, 83.65, 83.66, 83.75, 83.69, 83.79, 83.53, 83.7, 83.62, 83.66, 83.68, 83.66, 83.66, 83.73, 83.7, 83.66, 83.64, 83.59, 83.57, 83.65, 83.73, 83.73, 83.69, 83.56, 83.64, 83.7, 83.67, 83.72, 83.64, 83.55, 83.74, 83.67, 83.76, 83.68, 83.78, 83.65, 83.69, 83.77, 83.66, 83.68, 83.75, 83.73, 83.82, 83.63, 83.71, 83.63, 83.66, 83.63, 83.7, 83.68, 83.79, 83.67, 83.65, 83.66, 83.68, 83.84, 83.72, 83.57, 83.72, 83.69, 83.71, 83.81, 83.79, 83.64, 83.68, 83.61, 83.72, 83.76, 83.54, 83.64, 83.59, 83.65, 83.77, 83.66, 83.63, 83.62, 83.87, 83.69, 83.73, 83.61, 83.62, 83.69, 83.66, 83.65, 83.53, 83.65, 83.74, 83.62, 83.62, 83.72, 83.77, 83.72, 83.73, 83.75, 83.66, 83.7, 83.71, 83.63, 83.6, 83.66, 83.75],