{"train_acc_v": [10.316, 9.858, 9.838, 9.87, 9.834, 9.976, 10.02, 9.96, 10.068, 9.774, 9.89, 9.666, 9.93, 10.0, 10.0, 10.0, 9.874, 10.0, 10.0, 10.0, 10.0, 10.0, 10.0, 10.0, 10.0, 10.0, 10.0, 10.0, 10.0, 10.0, 10.0, 10.0, 10.0, 10.0, 10.0, 10.0, 10.0, 10.0, 10.0, 10.0, 10.0, 10.0, 10.0, 10.0, 10.0, 10.0, 10.0, 10.0, 10.0, 10.0, 10.0, 10.0, 10.0, 10.0, 10.0, 10.0, 10.0, 10.0, 10.0, 10.0, 10.0, 10.0, 10.0, 10.0, 10.0, 10.0, 10.0, 10.0, 10.0, 10.0, 10.0, 10.0, 10.0, 10.0, 10.0, 10.0, 10.0, 10.0, 10.0, 10.0, 10.0, 10.0, 10.0, 10.0, 10.0, 10.0, 10.0, 10.0, 10.0, 10.0, 10.0, 10.0, 10.0, 10.0, 10.0, 10.0, 10.0, 10.0, 10.0, 10.0, 10.0, 10.0, 10.0, 10.0, 10.0, 10.0, 10.0, 10.0, 10.0, 10.0, 10.0, 10.0, 10.0, 10.0, 10.0, 10.0, 10.0, 10.0, 10.0, 10.0, 10.0, 10.0, 10.0, 10.0, 10.0, 10.0, 10.0, 10.0, 10.0, 10.0, 10.0, 10.0, 10.0, 10.0, 10.0, 10.0, 10.0, 10.0, 10.0, 10.0, 10.0, 10.0, 10.0, 10.0, 10.0, 10.0, 10.0, 10.0, 10.0, 10.0, 10.0, 10.0, 10.0, 10.0, 10.0, 10.0, 10.0, 10.0, 10.0, 10.0], "train_loss_v": [2.335107176361084, 2.3029111585998536, 2.303032380065918, 2.3028765350341796, 2.302953044281006, 2.3026131242370607, 2.3026272092437745, 2.3026537202453614, 2.3026267823791504, 2.302608028411865, 2.3026099211120608, 2.302606139678955, 2.302605309906006, 2.3025888230895997, 2.3025884089660646, 2.3025884886932375, 2.3025886125183104, 2.3025855755615234, 2.3025855281066896, 2.3025855517578124, 2.302585576629639, 2.3025852755737306, 2.3025852403259277, 2.302585275115967, 2.3025852565002443, 2.302585204925537, 2.3025852295684817, 2.3025852281188963, 2.3025852342224122, 2.302585139312744, 2.302585114059448, 2.302585090866089, 2.3025851248168947, 2.3025850954437255, 2.3025850521087645, 2.3025850591278076, 2.3025851084899904, 2.3025850479125975, 2.302585182800293, 2.302585230484009, 2.302585192871094, 2.3025851741027834, 2.302585183792114, 2.3025851889801023, 2.3025851416015626, 2.3025851598358154, 2.302585179595947, 2.302585230255127, 2.3025852300262453, 2.3025852773284914, 2.3025852403259277, 2.302585196151733, 2.302585204925537, 2.3025852077484132, 2.302585159454346, 2.3025851677703857, 2.3025851958465577, 2.3025851862335207, 2.302585167236328, 2.3025851650238036, 2.302585153656006, 2.302585128707886, 2.3025851412963867, 2.3025851527404786, 2.3025851694488524, 2.3025851753234865, 2.302585227813721, 2.3025852123260497, 2.302585211868286, 2.302585191345215, 2.3025851765441896, 2.302585143203735, 2.302585114593506, 2.302585114364624, 2.3025851596832276, 2.3025851876831056, 2.302585220184326, 2.3025853065490725, 2.3025852519226073, 2.3025852610778808, 2.3025852835845946, 2.302585222015381, 2.302585199127197, 2.3025852082824705, 2.302585210342407, 2.302585185012817, 2.30258516166687, 2.3025851261901855, 2.3025850720214844, 2.3025850946044923, 2.3025850774383545, 2.3025852738952635, 2.302585102844238, 2.3025852198791505, 2.3025852474212645, 2.302585237426758, 2.3025851824951173, 2.3025851761627196, 2.3025851680755616, 2.302585142669678, 2.3025851740264893, 2.302585195007324, 2.3025852249908447, 2.3025852812194825, 2.3025853104400635, 2.3025852618408202, 2.3025852281951904, 2.302585252151489, 2.3025852140808105, 2.302585233078003, 2.3025851933288575, 2.3025851390075682, 2.3025851441955565, 2.3025851686096193, 2.3025851273345945, 2.3025851201629637, 2.302585065612793, 2.302585065765381, 2.30258508895874, 2.3025851075744628, 2.3025852436828615, 2.302585228652954, 2.3025852779388427, 2.302585190124512, 2.3025851863098143, 2.3025851511383055, 2.3025851390838623, 2.302585135116577, 2.3025853758239747, 2.30258534866333, 2.302585301818848, 2.3025853474426268, 2.3025852869415284, 2.3025853720092773, 2.302585285949707, 2.3025852658843995, 2.302585238418579, 2.3025851747131347, 2.3025851947021483, 2.3025851804351807, 2.302585165863037, 2.302585118255615, 2.302585126953125, 2.302585111312866, 2.302585091934204, 2.302585092086792, 2.302585066452026, 2.302585043563843, 2.3025850983428957, 2.3025850465393067, 2.3025851930999757, 2.3025851373291015, 2.302585172729492, 2.302585173873901, 2.3025851500701906, 2.3025851319885255, 2.3025851347351076, 2.302585079421997, 2.302585063171387, 2.302585100479126], "test_acc_v": [10.0, 10.0, 10.0, 10.0, 10.0, 10.0, 10.0, 10.0, 10.0, 10.0, 10.0, 10.0, 10.0, 10.0, 10.0, 10.0, 10.0, 10.0, 10.0, 10.0, 10.0, 10.0, 10.0, 10.0, 10.0, 10.0, 10.0, 10.0, 10.0, 10.0, 10.0, 10.0, 10.0, 10.0, 10.0, 10.0, 10.0, 10.0, 10.0, 10.0, 10.0, 10.0, 10.0, 10.0, 10.0, 10.0, 10.0, 10.0, 10.0, 10.0, 10.0, 10.0, 10.0, 10.0, 10.0, 10.0, 10.0, 10.0, 10.0, 10.0, 10.0, 10.0, 10.0, 10.0, 10.0, 10.0, 10.0, 10.0, 10.0, 10.0, 10.0, 10.0, 10.0, 10.0, 10.0, 10.0, 10.0, 10.0, 10.0, 10.0, 10.0, 10.0, 10.0, 10.0, 10.0, 10.0, 10.0, 10.0, 10.0, 10.0, 10.0, 10.0, 10.0, 10.0, 10.0, 10.0, 10.0, 10.0, 10.0, 10.0, 10.0, 10.0, 10.0, 10.0, 10.0, 10.0, 10.0, 10.0, 10.0, 10.0, 10.0, 10.0, 10.0, 10.0, 10.0, 10.0, 10.0, 10.0, 10.0, 10.0, 10.0, 10.0, 10.0, 10.0, 10.0, 10.0, 10.0, 10.0, 10.0, 10.0, 10.0, 10.0, 10.0, 10.0, 10.0, 10.0, 10.0, 10.0, 10.0, 10.0, 10.0, 10.0, 10.0, 10.0, 10.0, 10.0, 10.0, 10.0, 10.0, 10.0, 10.0, 10.0, 10.0, 10.0, 10.0, 10.0, 10.0, 10.0, 10.0, 10.0],