{"train_acc_v": [38.028, 52.144, 59.204, 63.45, 66.588, 69.41, 71.178, 72.64, 73.98, 75.202, 76.426, 77.158, 78.036, 78.752, 79.45, 80.09, 80.462, 81.394, 81.732, 82.09, 82.778, 85.706, 86.674, 87.116, 87.334, 87.482, 87.71, 87.904, 88.016, 88.478, 88.48, 88.54, 88.788, 88.898, 89.04, 89.4, 89.24, 89.206, 89.256, 89.242, 89.31, 89.48, 89.36, 89.65, 89.382, 89.384, 89.286, 89.292, 89.198, 89.318, 89.372, 89.32, 89.29, 89.284, 89.266, 89.284, 89.42, 89.284, 89.208, 89.308, 89.352, 89.252, 89.388, 89.224, 89.158, 89.356, 89.396, 89.57, 89.274, 89.3, 89.21, 89.24, 89.426, 89.262, 89.208, 89.266, 89.084, 89.444, 89.288, 89.19, 89.336, 89.39, 89.24, 89.236, 89.316, 89.378, 89.094, 89.304, 89.338, 89.266, 89.28, 89.382, 89.358, 89.248, 89.25, 89.324, 89.254, 89.338, 89.208, 89.252, 89.488, 89.286, 89.414, 89.316, 89.276, 89.454, 89.352, 89.194, 89.412, 89.358, 89.342, 89.146, 89.344, 89.246, 89.196, 89.248, 89.334, 89.37, 89.376, 89.21, 89.32, 89.064, 89.256, 89.312, 89.454, 89.394, 89.192, 89.042, 89.334, 89.078, 89.164, 89.31, 89.216, 89.216, 89.296, 89.172, 89.222, 89.148, 89.292, 89.336, 89.424, 89.472, 89.486, 89.33, 89.386, 89.224, 89.404, 89.378, 89.2, 89.442, 89.39, 89.316, 89.15, 89.22, 89.338, 89.158, 89.318, 89.266, 89.304, 89.382], "train_loss_v": [1.782861781349182, 1.3398318936538696, 1.1499006790924071, 1.0360160207748412, 0.9433115480232239, 0.8744703855895997, 0.8194786738967895, 0.7782091478347778, 0.7435794829940796, 0.7076773920822144, 0.6743396875190735, 0.6514599940681457, 0.6281148951721192, 0.6041565412330627, 0.5856194149494172, 0.5672396958732605, 0.5532493357276916, 0.5326182082748413, 0.5208785937118531, 0.5089969614028931, 0.49252754150390626, 0.4024595932006836, 0.38167858850479125, 0.3663153254318237, 0.3590535921573639, 0.35494459410667417, 0.34635927797317506, 0.3442384433937073, 0.34031435903549195, 0.3317149516487122, 0.32761779642105104, 0.32448564708709715, 0.31417560523986815, 0.3119697128200531, 0.31208143854141235, 0.3056776059627533, 0.30827737745285033, 0.30793004259109497, 0.3055475330066681, 0.3031503511714935, 0.30196535652160644, 0.2992874782943726, 0.302652987279892, 0.29925098487377166, 0.30134071516036987, 0.3028317598438263, 0.30631937321662905, 0.3046545393371582, 0.303286929769516, 0.30243387038230896, 0.3009471044254303, 0.3035669201660156, 0.3010490431976318, 0.3043031118774414, 0.3022098787021637, 0.30354057077407837, 0.3013070594501495, 0.30226032488822935, 0.30457981714248655, 0.30248359709739686, 0.3029358409023285, 0.30300898774147034, 0.30166960927963254, 0.30403934631347657, 0.3060832435417175, 0.3006369669532776, 0.30298037600517275, 0.29909947233200074, 0.30364901792526244, 0.301260467710495, 0.3018437442731857, 0.30323512495040894, 0.30137429688453676, 0.30471375688552854, 0.3021643765497208, 0.30280448603630067, 0.30538701263427737, 0.2991380944252014, 0.3021109165763855, 0.3060495249080658, 0.3019937223243713, 0.3028703518104553, 0.304632209148407, 0.3027503740024567, 0.30188238822937014, 0.3025837049770355, 0.30333467873573305, 0.30029803785324094, 0.3025001073074341, 0.3033109596157074, 0.3013597618198395, 0.30161851205825807, 0.3032794592285156, 0.30375531592845917, 0.30289727765083313, 0.3033792081451416, 0.3051066070175171, 0.30236444759368897, 0.3057337461519241, 0.3030680807304382, 0.2992049916267395, 0.30443857629776, 0.30141252011299136, 0.300146869096756, 0.3041090932655334, 0.30237821319580077, 0.3014072706317902, 0.3054949123477936, 0.3024442680644989, 0.3018739555740356, 0.30371357031822205, 0.30637327421188354, 0.30131727860450747, 0.3040449051094055, 0.30282572008132935, 0.30475292501449586, 0.30210189118385317, 0.302666388130188, 0.30301036229133604, 0.304139777431488, 0.30282444576740264, 0.306427560338974, 0.3049872974777222, 0.30120042404174807, 0.30151694286346437, 0.30474940308570864, 0.3045736086463928, 0.30667621887683866, 0.30271279150009156, 0.3041262991809845, 0.3058491479969025, 0.30519768434524536, 0.30377703493118285, 0.3031737536811829, 0.3046387053012848, 0.3043230363559723, 0.30314284771919253, 0.3065257340908051, 0.3012395862388611, 0.3014115560245514, 0.3010035457897186, 0.3017648871231079, 0.30018534251213075, 0.3044398199176788, 0.3027209589576721, 0.3032509410476685, 0.3026464433670044, 0.30162102157592774, 0.3045190397453308, 0.3021224279880524, 0.30168149049758913, 0.3026797699546814, 0.3028688736057282, 0.3055808449459076, 0.30185490614891053, 0.30282661479473116, 0.303884357380867, 0.3028189823627472, 0.30396931324481963, 0.3037667684459686], "test_acc_v": [47.62, 58.2, 58.49, 67.52, 67.08, 69.17, 72.32, 73.41, 74.21, 72.26, 72.97, 76.92, 75.79, 77.23, 77.99, 77.93, 79.19, 77.45, 78.35, 77.54, 78.94, 82.45, 82.79, 82.65, 82.91, 83.07, 83.13, 83.2, 83.05, 83.11, 83.33, 83.6, 83.85, 83.81, 83.7, 83.73, 83.71, 83.62, 83.61, 83.56, 83.69, 83.75, 83.8, 83.74, 83.68, 83.75, 83.49, 83.64, 83.92, 83.68, 83.68, 83.86, 83.72, 83.7, 83.62, 83.73, 83.68, 83.78, 83.56, 83.7, 83.77, 83.8, 83.82, 83.74, 83.71, 83.7, 83.61, 83.86, 83.81, 83.61, 83.74, 83.66, 83.8, 83.68, 83.73, 83.73, 83.75, 83.76, 83.85, 83.78, 83.68, 83.72, 83.64, 83.67, 83.76, 83.76, 83.74, 83.63, 83.78, 83.76, 83.7, 83.63, 83.66, 83.75, 83.77, 83.62, 83.72, 83.72, 83.72, 83.53, 83.81, 83.8, 83.65, 83.72, 83.72, 83.64, 83.62, 83.7, 83.69, 83.7, 83.78, 83.82, 83.72, 83.66, 83.62, 83.64, 83.68, 83.7, 83.63, 83.58, 83.68, 83.64, 83.63, 83.64, 83.88, 83.69, 83.58, 83.68, 83.63, 83.71, 83.7, 83.82, 83.8, 83.65, 83.63, 83.73, 83.6, 83.6, 83.68, 83.81, 83.63, 83.71, 83.59, 83.7, 83.67, 83.63, 83.74, 83.79, 83.83, 83.69, 83.64, 83.71, 83.91, 83.82, 83.7, 83.63, 83.77, 83.74, 83.6, 83.83],