{"avg": [0.8234, 0.82234, 0.82036, 0.81624, 0.81654, 0.81304, 0.8119599999999998, 0.8124600000000001, 0.80822, 0.79862, 0.80434], "std": [0.0, 0.002300086954878005, 0.0023200000000000165, 0.0011791522378386912, 0.004404815546648924, 0.0019283153269110235, 0.002139719607799117, 0.0025152335875619834, 0.00398266242606628, 0.010721082034944028, 0.011366019531920587]}