{"avg": [0.8343, 0.80824, 0.75202, 0.7127600000000001, 0.63924, 0.5757, 0.52154, 0.46262, 0.42676, 0.31844, 0.325], "std": [0.0, 0.012570218772956963, 0.018508527764249643, 0.029263328587158355, 0.06449659215803576, 0.03984043172456846, 0.03403707390478798, 0.06398572965904192, 0.03643682752381167, 0.04370879087780855, 0.03796909269392672], "loss_avg": [38.244056075811386, 44.974514824151996, 58.26652920246124, 69.80710563659667, 87.55150010585785, 101.69272276163102, 113.53670003414155, 127.54001030921935, 135.08775267601013, 157.843505191803, 154.3711527109146], "loss_std": [0.0, 2.9685783693654986, 4.435885261438681, 7.299593750648008, 15.979042259709136, 7.583260470771257, 8.0780146198819, 14.096813634125859, 7.406388111630393, 11.545057593032947, 6.209605445067181]}