{"avg": [0.833, 0.82982, 0.8284, 0.8235800000000001, 0.8239599999999999, 0.81646, 0.81708, 0.8160399999999999, 0.8099399999999999, 0.80246, 0.78616], "std": [0.0, 0.0015276125163142854, 0.0011593101396951539, 0.0024185946332529735, 0.0038593263660903227, 0.004088814008976207, 0.0034643325475479324, 0.0026702808841018773, 0.0068107561988372586, 0.0031803144498618505, 0.015360026041644579]}