{"avg": [0.8234, 0.79308, 0.7777200000000001, 0.73954, 0.6675599999999999, 0.61276, 0.6172000000000001, 0.53966, 0.46272, 0.4386, 0.3849], "std": [0.0, 0.01407485701525951, 0.008660346413394797, 0.020796692044649807, 0.03779802111222229, 0.04077791559165331, 0.07446421959572262, 0.04128741212524707, 0.02780269051728627, 0.06199287055783108, 0.06723823317131407]}