{"train_acc_v": [30.034, 44.072, 51.756, 58.028, 61.762, 64.758, 67.25, 68.85, 69.79, 71.358, 71.468, 72.824, 73.248, 73.834, 74.124, 74.888, 74.936, 75.598, 75.774, 76.388, 76.416, 76.672, 77.052, 77.208, 77.426, 77.888, 78.106, 78.356, 78.742, 78.956, 79.22, 79.462, 79.802, 80.068, 80.464, 80.416, 80.716, 81.194, 81.258, 81.688, 82.176, 82.898, 82.562, 83.168, 83.218, 83.548, 84.142, 84.366, 84.686, 84.884, 85.468, 85.746, 86.158, 86.912, 86.904, 87.446, 87.932, 88.48, 88.538, 89.272, 89.648, 90.174, 90.842, 91.366, 91.764, 92.39, 92.636, 93.308, 93.802, 94.382, 94.904, 95.278, 95.488, 95.942, 96.216, 96.372, 96.656, 96.74, 96.916, 96.888, 96.942, 96.866, 96.854, 96.806, 96.834, 96.906, 96.57, 96.466, 96.394, 96.288, 95.806, 95.102, 94.636, 93.936, 92.894, 92.296, 91.824, 90.974, 90.296, 90.02, 89.07, 88.592, 88.4, 87.78, 87.346, 86.98, 86.766, 86.176, 86.174, 85.866, 85.478, 85.23, 85.132, 84.82, 84.554, 84.618, 84.022, 83.786, 83.7, 83.552, 83.34, 83.298, 82.944, 82.736, 82.082, 82.334, 82.084, 81.902, 81.796, 81.234, 81.158, 81.058, 80.874, 80.692, 80.502, 80.526, 80.364, 80.012, 80.288, 79.632, 79.798, 79.586, 79.64, 79.444, 79.416, 79.15, 79.314, 78.934, 78.81, 78.612, 78.992, 78.912, 78.73, 78.452, 78.606, 78.3, 78.44, 78.536, 78.736, 78.444], "train_loss_v": [2.12653650390625, 1.5139403382110597, 1.3303824700546265, 1.177768200302124, 1.0780851225662231, 1.0005565530395508, 0.9408201768493653, 0.8958075381469727, 0.8677472220230102, 0.8321538617706299, 0.8193398936653137, 0.7983321677780152, 0.7792963296890258, 0.7590566649627686, 0.748245665550232, 0.7321354692459107, 0.7262646227073669, 0.7138134968185424, 0.702738315410614, 0.6928188775444031, 0.6884572400474548, 0.6793317024612426, 0.6695752653694153, 0.6652025829696655, 0.653733217010498, 0.6465354309844971, 0.6355669501113892, 0.6296105268478394, 0.6236999834823609, 0.6096765864753723, 0.6084424057388306, 0.5952078820991517, 0.5881641127204895, 0.5801153408241272, 0.5727181562995911, 0.5705738612747192, 0.5617067765808106, 0.548575319480896, 0.5456720505714416, 0.5343113097763061, 0.5202837799263, 0.5016984234809876, 0.5059912743473053, 0.4903241045475006, 0.48591853525161743, 0.4735265777206421, 0.4669699642562866, 0.45345749996185303, 0.4455367188262939, 0.432278653755188, 0.4218806021690369, 0.40777900879859924, 0.3991039543628693, 0.383109158744812, 0.37575230244636537, 0.3653397425842285, 0.3491742701625824, 0.3362420083999634, 0.32675324701309205, 0.31014960732460023, 0.2962826635169983, 0.28045720180511474, 0.26456516620635984, 0.24919208482742308, 0.237177018661499, 0.21884091586112975, 0.21138635469436645, 0.19389177941322328, 0.17938594436645508, 0.1628982142186165, 0.14897560837745666, 0.13806075877189636, 0.13124569586992263, 0.11972346513986587, 0.11274695140838623, 0.10757256421804429, 0.10067234064102173, 0.09484830152511596, 0.09200978462934493, 0.09184733603954315, 0.09320196610450744, 0.0930087627863884, 0.09306976033926011, 0.09352376677751541, 0.09467424573421478, 0.09445526244640351, 0.09902462881565094, 0.10088537438392639, 0.10537494188308716, 0.10821133060932159, 0.12149412475585937, 0.13849627188682556, 0.15348207223892213, 0.17287807420730592, 0.20091813558578492, 0.21866636317253113, 0.2305073617172241, 0.2538550181102753, 0.27304679901123047, 0.28365015342235567, 0.31292932958602904, 0.3250599734783173, 0.3324622373485565, 0.349831155872345, 0.36270291996002196, 0.37128150606155397, 0.38112366225242617, 0.39243328660964966, 0.39707569997787473, 0.4044487596607208, 0.4199594242095947, 0.42624668470382693, 0.42881706369400024, 0.4389865658378601, 0.44561957845687866, 0.44881513255119326, 0.4578420614814758, 0.4674283485603333, 0.47250904916763303, 0.4809244927024841, 0.4821198568725586, 0.48971858543395996, 0.4990668145942688, 0.5087943210411072, 0.5168864744567871, 0.516992123336792, 0.5237100219726563, 0.5330711235809327, 0.5320005741500855, 0.5472761181068421, 0.5481942747306824, 0.5488693082618713, 0.5626335094547271, 0.5660115589523316, 0.567044522304535, 0.573601562614441, 0.5771191347408294, 0.5865940452957153, 0.5809339400005341, 0.5966564065742492, 0.5904566482925415, 0.6006154934501649, 0.5987106695556641, 0.6025181833457947, 0.607859079360962, 0.608128576335907, 0.6112882993888855, 0.6218803708076477, 0.6195170021438599, 0.6268555813407898, 0.620968913230896, 0.6218735257339477, 0.6224081106185914, 0.629535709323883, 0.6291376427459717, 0.6327921574783325, 0.6319241066551209, 0.6267576728439331, 0.6270050955009461, 0.6296549807929993], "test_acc_v": [40.69, 44.94, 54.03, 60.02, 62.82, 64.57, 69.68, 69.03, 68.81, 68.35, 70.02, 70.96, 71.88, 69.26, 70.33, 73.73, 72.18, 73.95, 69.02, 73.38, 74.91, 73.77, 76.34, 73.26, 75.24, 76.46, 76.6, 76.15, 76.39, 76.23, 78.48, 77.99, 75.39, 76.24, 77.61, 78.61, 78.18, 75.66, 78.47, 78.4, 77.95, 80.26, 79.41, 78.88, 80.52, 81.07, 80.9, 82.48, 81.86, 80.2, 80.0, 82.73, 82.71, 82.9, 83.23, 83.32, 83.58, 83.74, 84.95, 84.37, 84.65, 84.14, 84.22, 85.51, 85.81, 85.17, 86.14, 86.09, 86.67, 86.93, 87.31, 87.46, 87.79, 87.69, 87.95, 87.74, 87.93, 87.92, 87.97, 88.02, 87.99, 87.92, 87.9, 88.06, 88.16, 87.79, 87.76, 87.62, 87.63, 87.36, 87.37, 86.48, 86.45, 86.57, 85.51, 84.95, 83.81, 84.88, 84.93, 83.35, 83.61, 82.66, 83.26, 81.36, 82.18, 81.97, 82.52, 82.05, 82.62, 82.17, 81.46, 80.44, 81.39, 80.78, 80.54, 79.05, 80.95, 77.46, 79.14, 80.69, 77.91, 77.72, 78.55, 79.77, 79.12, 79.99, 79.6, 78.9, 77.95, 76.94, 78.42, 74.94, 78.06, 78.66, 79.64, 76.04, 76.13, 76.41, 76.91, 76.3, 78.92, 77.05, 74.01, 74.31, 77.67, 70.97, 78.94, 75.43, 74.82, 73.95, 78.2, 76.43, 72.58, 74.18, 77.73, 74.91, 76.09, 75.67, 74.78, 76.07],