{"train_acc_v": [27.868, 43.328, 52.362, 58.432, 62.41, 65.508, 67.704, 69.25, 70.288, 71.358, 71.734, 72.648, 73.058, 73.476, 73.838, 73.924, 74.538, 81.138, 83.012, 83.852, 84.592, 84.95, 85.316, 85.886, 85.864, 86.382, 86.5, 86.842, 87.078, 87.138, 87.3, 87.606, 89.482, 90.092, 90.546, 90.458, 90.642, 90.886, 90.88, 91.19, 91.076, 91.342, 91.496, 91.458, 91.456, 91.516, 91.752, 91.612, 91.51, 91.666, 91.564, 91.624, 91.656, 91.65, 91.694, 91.672, 91.732, 91.756, 91.532, 91.634, 91.612, 91.61, 91.638, 91.742, 91.462, 91.702, 91.59, 91.574, 91.606, 91.572, 91.692, 91.726, 91.596, 91.622, 91.536, 91.586, 91.646, 91.528, 91.61, 91.532, 91.626, 91.55, 91.74, 91.668, 91.592, 91.74, 91.44, 91.568, 91.384, 91.59, 91.568, 91.674, 91.676, 91.584, 91.582, 91.656, 91.514, 91.544, 91.56, 91.654, 91.626, 91.658, 91.518, 91.586, 91.768, 91.574, 91.638, 91.798, 91.684, 91.666, 91.744, 91.748, 91.562, 91.686, 91.574, 91.496, 91.654, 91.6, 91.638, 91.696, 91.702, 91.6, 91.684, 91.576, 91.57, 91.676, 91.72, 91.716, 91.758, 91.754, 91.65, 91.522, 91.424, 91.456, 91.69, 91.608, 91.684, 91.656, 91.698, 91.686, 91.592, 91.754, 91.68, 91.6, 91.714, 91.822, 91.718, 91.566, 91.674, 91.626, 91.624, 91.708, 91.658, 91.538, 91.642, 91.612, 91.642, 91.66, 91.53, 91.63], "train_loss_v": [2.1439460625839235, 1.5278021450424195, 1.3149514041900634, 1.1660467962265015, 1.0590706641006469, 0.982489319896698, 0.9265348427009582, 0.8849296630859375, 0.8559713397407531, 0.8326087873840332, 0.8158395176315307, 0.78716010181427, 0.7809868718147278, 0.7706183399391174, 0.7577923263549805, 0.7583152793693543, 0.7402538232803345, 0.5505580333328247, 0.49479156468391416, 0.46874998682022095, 0.447370518321991, 0.43618802821159364, 0.4241593864440918, 0.40900137678146364, 0.4050475811290741, 0.39339780691146853, 0.3878550999069214, 0.37943545327186584, 0.3711615822124481, 0.37269364841461183, 0.3598255023193359, 0.3558372084522247, 0.30422171860694885, 0.2871089084625244, 0.2803233350563049, 0.2771639295196533, 0.26804084975242615, 0.26297554242134097, 0.26217607429504397, 0.2525298057937622, 0.25724784711837767, 0.250633051366806, 0.2470462235879898, 0.2479121247291565, 0.24719435129165648, 0.2436716470718384, 0.24299966521263122, 0.2443224166917801, 0.24574075115203858, 0.2420080137348175, 0.24486131961345672, 0.24471977868556977, 0.24470724292755128, 0.2426768660736084, 0.24406028978824615, 0.24324979164600372, 0.24147170380592345, 0.24273154508113862, 0.24525545501232146, 0.24596409554481508, 0.24501350761413573, 0.24647077723503114, 0.24389153383255005, 0.24236352628707886, 0.2436849519443512, 0.2409674446964264, 0.24466548830032347, 0.24396587383270263, 0.24411523895263673, 0.24463287176132203, 0.24280383948326112, 0.24210622272491455, 0.2451621966934204, 0.24066426484107972, 0.24445545548439027, 0.24229881539344789, 0.24357719405174255, 0.24511908459663392, 0.24324426960468293, 0.2443400705718994, 0.24500139220237732, 0.2441007011795044, 0.24297161220550537, 0.24338799976348877, 0.2446944325208664, 0.24209783598899842, 0.24619056725502014, 0.2463047626018524, 0.24694209597587585, 0.24465634308815, 0.24526309752464295, 0.2433005385017395, 0.2427856543636322, 0.2447240751647949, 0.2466104615020752, 0.24468475651741028, 0.24532925853729248, 0.24527710256576538, 0.24411749809265137, 0.24179404786109923, 0.24163437368392945, 0.2423383339214325, 0.2478663591194153, 0.24537199142456054, 0.24124145009994508, 0.24210660493850708, 0.2435181247329712, 0.24054868864059448, 0.24224800810337066, 0.24372459243774414, 0.24172877106666565, 0.2423696486234665, 0.24547288695335387, 0.241015795211792, 0.2433104074192047, 0.24548796000480652, 0.24136852182388305, 0.24551172481536865, 0.24427126780509947, 0.24364861289024353, 0.2427238006401062, 0.24342316696166993, 0.24267638864040375, 0.24444465693950654, 0.24228975057601929, 0.24349892751693725, 0.24298477636814117, 0.2437333762073517, 0.24171508705615996, 0.24198795793056488, 0.24278409658432007, 0.24545718204021455, 0.2452604755973816, 0.24822587750434877, 0.24535910443782807, 0.24329395585536956, 0.2425197089099884, 0.24263736242294312, 0.24366708170890808, 0.24278714082717895, 0.2426225511264801, 0.2437767697906494, 0.24259037967681885, 0.24373056710720062, 0.24304935076236725, 0.24113506628990172, 0.24200263073444367, 0.2451560488653183, 0.2417350287246704, 0.24360133403778075, 0.2461971322631836, 0.2434773473072052, 0.24544785945892333, 0.24656320648193358, 0.24244453353881837, 0.24417451305866242, 0.24182558126449585, 0.2430084413576126, 0.24378453062534333, 0.24256786147594453], "test_acc_v": [41.27, 49.87, 56.22, 62.07, 64.05, 66.31, 68.25, 70.2, 67.9, 67.91, 69.01, 70.9, 72.06, 72.26, 69.66, 71.65, 71.63, 81.8, 81.73, 82.34, 82.82, 82.92, 83.16, 83.29, 83.24, 83.05, 83.1, 83.54, 83.64, 83.21, 83.56, 83.83, 85.12, 85.26, 85.36, 85.27, 85.4, 85.39, 85.51, 85.33, 85.63, 85.82, 85.56, 85.52, 85.58, 85.46, 85.45, 85.55, 85.58, 85.57, 85.63, 85.62, 85.59, 85.56, 85.41, 85.52, 85.64, 85.55, 85.56, 85.6, 85.63, 85.49, 85.42, 85.57, 85.5, 85.59, 85.54, 85.57, 85.44, 85.67, 85.67, 85.61, 85.61, 85.55, 85.44, 85.56, 85.61, 85.65, 85.5, 85.62, 85.55, 85.56, 85.66, 85.38, 85.56, 85.56, 85.54, 85.7, 85.68, 85.52, 85.63, 85.51, 85.63, 85.59, 85.72, 85.6, 85.63, 85.62, 85.42, 85.54, 85.61, 85.61, 85.61, 85.4, 85.66, 85.56, 85.55, 85.65, 85.64, 85.63, 85.73, 85.4, 85.6, 85.48, 85.5, 85.63, 85.66, 85.66, 85.6, 85.64, 85.6, 85.59, 85.51, 85.61, 85.73, 85.62, 85.66, 85.58, 85.63, 85.66, 85.59, 85.62, 85.61, 85.65, 85.58, 85.57, 85.44, 85.69, 85.58, 85.58, 85.78, 85.61, 85.57, 85.51, 85.57, 85.66, 85.56, 85.6, 85.55, 85.56, 85.56, 85.58, 85.54, 85.71, 85.7, 85.57, 85.65, 85.71, 85.65, 85.52],