{"avg": [0.8362999999999999, 0.8102, 0.7618400000000001, 0.7102599999999999, 0.69444, 0.5888599999999999, 0.58432, 0.47844, 0.36011999999999994, 0.39080000000000004, 0.39196], "std": [1.1102230246251565e-16, 0.008308309093913169, 0.024694987345613303, 0.042001314265151274, 0.03413804915340069, 0.054043301157497774, 0.0303623714488839, 0.03724892481669775, 0.06466465495152664, 0.0645968420280744, 0.03766545366778423], "loss_avg": [2], "loss_std": [3]}