{"train_acc_v": [28.172, 42.472, 50.088, 56.304, 60.852, 63.894, 66.634, 68.992, 70.28, 72.274, 73.354, 74.698, 75.682, 76.13, 77.178, 77.82, 78.456, 79.298, 79.792, 80.172, 80.406, 81.14, 81.358, 81.926, 82.368, 82.6, 82.83, 83.416, 83.482, 83.654, 84.222, 87.86, 88.906, 89.272, 89.586, 89.954, 90.052, 90.696, 90.504, 90.768, 90.804, 90.848, 91.01, 90.768, 90.99, 90.902, 90.986, 90.916, 91.006, 90.938, 90.85, 90.836, 90.914, 90.77, 91.086, 91.022, 90.84, 91.046, 90.954, 90.996, 91.112, 91.054, 90.896, 91.0, 90.896, 90.918, 90.98, 90.884, 90.908, 91.156, 91.018, 90.94, 91.002, 91.03, 91.024, 90.934, 90.858, 90.926, 91.018, 90.842, 90.98, 90.9, 90.9, 91.062, 90.888, 90.79, 90.956, 91.046, 90.898, 90.794, 90.872, 90.778, 90.754, 90.936, 90.898, 90.986, 90.776, 90.856, 90.808, 90.862], "train_loss_v": [2.190419801559448, 1.561692177848816, 1.367372593536377, 1.213971615486145, 1.10661445728302, 1.0209404141235352, 0.9414920098114014, 0.8850715970230103, 0.8466276164054871, 0.7957509856033326, 0.7636616699028015, 0.7262717244720459, 0.6993653590393066, 0.6807472527694702, 0.6513574807739257, 0.6344771055984497, 0.6181905181121826, 0.5942143963050842, 0.5823162341690064, 0.5649428041076661, 0.5587197188949585, 0.5446247603225708, 0.5331593625450134, 0.5163904296112061, 0.5041259159851075, 0.4953543067550659, 0.49126065479278563, 0.4808394969367981, 0.4736125346660614, 0.46094840462684633, 0.44971055110931396, 0.3501825925827026, 0.3185248369026184, 0.30859675956726074, 0.29702609643936156, 0.2889112645816803, 0.2836194334077835, 0.268099702334404, 0.26896517195701597, 0.2630379308128357, 0.263651183013916, 0.2642410932254791, 0.25929876650333405, 0.2598895216274261, 0.2564162392234802, 0.25984920366287234, 0.25771086982250213, 0.26151187664031983, 0.25794410577774046, 0.2588694767951965, 0.26052630218505857, 0.2618622136592865, 0.25995928007125857, 0.26267901964187623, 0.25675365763664243, 0.2584194719219208, 0.2604874930953979, 0.2535825041294098, 0.2558350170612335, 0.2551659973669052, 0.25644865973472597, 0.2581504638290405, 0.259074205493927, 0.2583175556278229, 0.26030419082641604, 0.2576088267993927, 0.2565391475868225, 0.259974523897171, 0.25901252175331113, 0.2554590371656418, 0.2582556004810333, 0.2602690296173096, 0.2598596190643311, 0.25604262073993683, 0.25737026203155516, 0.2577802837944031, 0.2609150725698471, 0.2594585980939865, 0.25938368068695067, 0.2607429737663269, 0.2566945535850525, 0.25903985343933106, 0.2568196625423431, 0.2548879174232483, 0.2585012371826172, 0.260960152015686, 0.25980936732292176, 0.25773706401824953, 0.26026699611663817, 0.2597624658870697, 0.25999256644248964, 0.2590594197177887, 0.2623432689809799, 0.2578339514541626, 0.26060659457206725, 0.25773563777923586, 0.2603140226459503, 0.2607949718952179, 0.26022537224769593, 0.2588221064567566], "test_acc_v": [38.16, 48.45, 52.44, 60.4, 62.15, 66.37, 68.18, 68.87, 70.42, 71.53, 74.05, 75.37, 73.58, 75.95, 77.31, 77.46, 76.5, 76.65, 78.06, 76.95, 76.8, 79.1, 76.46, 78.96, 79.04, 80.0, 81.17, 80.57, 80.6, 80.8, 80.65, 83.47, 83.88, 83.65, 83.81, 84.48, 84.14, 84.25, 84.24, 84.16, 84.17, 84.2, 84.35, 84.48, 84.41, 84.45, 84.37, 84.38, 84.53, 84.29, 84.4, 84.42, 84.39, 84.27, 84.31, 84.41, 84.28, 84.41, 84.44, 84.59, 84.56, 84.49, 84.58, 84.35, 84.5, 84.36, 84.45, 84.18, 84.29, 84.51, 84.38, 84.34, 84.33, 84.3, 84.43, 84.55, 84.31, 84.28, 84.42, 84.51, 84.35, 84.35, 84.33, 84.23, 84.5, 84.37, 84.46, 84.47, 84.42, 84.37, 84.36, 84.33, 84.38, 84.28, 84.27, 84.41, 84.32, 84.47, 84.44, 84.31], "test_loss_v": [1.7088378017425536, 1.4506033348083496, 1.3324006601333618, 1.1096653781890868, 1.0733025745391847, 0.9580121590614319, 0.9052255835533142, 0.8966677644729614, 0.8770994584083557, 0.8469781537055969, 0.7672605177879334, 0.6991180616378784, 0.8201078294277191, 0.6928434105873108, 0.665035902929306, 0.6553647892475128, 0.67659605884552, 0.686358976316452, 0.6383192499637603, 0.6885802262306213, 0.6738834883928299, 0.6124719820976258, 0.6926548103332519, 0.6452116287708283, 0.6147043581008911, 0.6045335201501846, 0.564651000213623, 0.5934874563694, 0.5700745971202851, 0.5855407186985015, 0.5918543856143952, 0.5037823883771896, 0.5015307906627655, 0.5060726699709892, 0.5050673602581024, 0.5025121205568314, 0.5039439491987229, 0.5006788855314255, 0.49828969492912295, 0.5012305037260055, 0.4990221764564514, 0.5017436384439469, 0.49989167721271516, 0.5024032866001129, 0.5011983344316483, 0.5028394626140594, 0.5017005489587784, 0.5006725816011429, 0.5009713987112046, 0.5056009640455246, 0.4996336370229721, 0.5010946461200714, 0.5029451167821885, 0.5024995200872421, 0.5035807984113694, 0.5024352965593338, 0.5011925289869309, 0.503210241484642, 0.5024598729610443, 0.5003060307502747, 0.49757462410926817, 0.5033232536315918, 0.5000686419725419, 0.5017092242240906, 0.5016953642368317, 0.507538882637024, 0.5005987082719803, 0.5026343919992446, 0.5019363643646241, 0.5026072804927826, 0.49855011932849885, 0.5006367539167405, 0.5054548796653747, 0.5059568353891373, 0.5035970685243607, 0.5025765183448792, 0.5005352384805679, 0.5014948953866959, 0.500460191321373, 0.5023742978572845, 0.5052396677494049, 0.504129800581932, 0.5023006053447724, 0.4996977544784546, 0.49983702068328856, 0.49922674992084504, 0.4966082200288773, 0.5025299777507782, 0.5031264867067337, 0.5015344445705414, 0.5017404714107513, 0.5033614011287689, 0.5002671181917191, 0.5052362368583679, 0.5036049859523773, 0.5014636090755462, 0.5000891483545303, 0.500882500076294, 0.5038779282569885, 0.502184506225586], "current_lr_v": [0.1, 0.1, 0.1, 0.1, 0.1, 0.1, 0.1, 0.1, 0.1, 0.1, 0.1, 0.1, 0.1, 0.1, 0.1, 0.1, 0.1, 0.1, 0.1, 0.1, 0.1, 0.1, 0.1, 0.1, 0.1, 0.1, 0.1, 0.1, 0.1, 0.1, 0.010000000000000002, 0.010000000000000002, 0.010000000000000002, 0.010000000000000002, 0.010000000000000002, 0.010000000000000002, 0.0010000000000000002, 0.0010000000000000002, 0.0010000000000000002, 0.0010000000000000002, 0.0010000000000000002, 0.0010000000000000002, 0.00010000000000000003, 0.00010000000000000003, 0.00010000000000000003, 0.00010000000000000003, 1.0000000000000004e-05, 1.0000000000000004e-05, 1.0000000000000004e-05, 1.0000000000000004e-05, 1.0000000000000004e-06, 1.0000000000000004e-06, 1.0000000000000004e-06, 1.0000000000000004e-06, 1.0000000000000005e-07, 1.0000000000000005e-07, 1.0000000000000005e-07, 1.0000000000000005e-07, 1.0000000000000005e-08, 1.0000000000000005e-08, 1.0000000000000005e-08, 1.0000000000000005e-08, 1.0000000000000005e-08, 1.0000000000000005e-08, 1.0000000000000005e-08, 1.0000000000000005e-08, 1.0000000000000005e-08, 1.0000000000000005e-08, 1.0000000000000005e-08, 1.0000000000000005e-08, 1.0000000000000005e-08, 1.0000000000000005e-08, 1.0000000000000005e-08, 1.0000000000000005e-08, 1.0000000000000005e-08, 1.0000000000000005e-08, 1.0000000000000005e-08, 1.0000000000000005e-08, 1.0000000000000005e-08, 1.0000000000000005e-08, 1.0000000000000005e-08, 1.0000000000000005e-08, 1.0000000000000005e-08, 1.0000000000000005e-08, 1.0000000000000005e-08, 1.0000000000000005e-08, 1.0000000000000005e-08, 1.0000000000000005e-08, 1.0000000000000005e-08, 1.0000000000000005e-08, 1.0000000000000005e-08, 1.0000000000000005e-08, 1.0000000000000005e-08, 1.0000000000000005e-08, 1.0000000000000005e-08, 1.0000000000000005e-08, 1.0000000000000005e-08, 1.0000000000000005e-08, 1.0000000000000005e-08, 1.0000000000000005e-08],