{"train_acc_v": [28.586, 43.54, 50.95, 56.838, 61.148, 64.5, 66.946, 68.572, 69.656, 70.86, 71.56, 72.312, 72.722, 73.27, 73.506, 73.994, 74.304, 74.694, 74.922, 75.128, 75.16, 75.47, 75.864, 76.132, 75.96, 76.294, 76.436, 76.508, 76.836, 76.886, 77.258, 77.168, 77.444, 77.758, 77.678, 77.66, 77.728, 77.962, 78.288, 78.026, 78.472, 78.386, 78.226, 78.756, 78.806, 78.454, 79.268, 79.046, 79.304, 79.196, 79.562, 79.28, 79.572, 79.902, 79.818, 80.156, 79.938, 80.43, 80.386, 80.72, 80.828, 80.504, 80.94, 80.75, 80.772, 81.378, 81.194, 81.534, 81.692, 81.72, 81.432, 82.128, 81.88, 81.976, 82.448, 82.498, 82.906, 82.818, 82.904, 83.086, 83.272, 83.27, 83.356, 83.768, 83.884, 83.814, 84.116, 84.372, 84.524, 84.63, 84.794, 85.256, 85.288, 85.298, 85.782, 85.78, 85.97, 85.888, 86.532, 86.584, 86.566, 86.918, 87.132, 87.286, 87.254, 87.374, 87.808, 88.14, 88.354, 88.308, 88.922, 89.014, 89.232, 89.628, 89.67, 90.066, 90.408, 90.392, 90.634, 90.85, 91.364, 91.654, 91.728, 92.014, 92.448, 92.668, 92.916, 92.894, 93.484, 93.708, 93.96, 94.208, 94.562, 94.86, 95.154, 95.638, 95.624, 96.118, 96.436, 96.628, 96.884, 96.792, 97.384, 97.39, 97.74, 97.984, 98.176, 98.094, 98.26, 98.434, 98.624, 98.63, 98.722, 98.806, 98.83, 98.786, 98.848, 98.92, 98.866, 98.882], "train_loss_v": [2.1855761626434327, 1.534014248161316, 1.3543518914413453, 1.2046251638031007, 1.0974031018066406, 1.0097050263214111, 0.9503836215019226, 0.9057039512443542, 0.8778719711303711, 0.8410790089607239, 0.821687497882843, 0.8044442197036743, 0.7884927975463867, 0.7739739310836792, 0.7696503645706176, 0.7546239444351196, 0.7479552432632446, 0.7364034711647034, 0.7302841759681702, 0.7212695498085022, 0.7206366569328309, 0.7141831984329223, 0.7019658410644531, 0.6942326441955566, 0.6960082360458374, 0.6888602053070069, 0.6926813682746887, 0.6796221073722839, 0.6778606642150878, 0.6759560512924194, 0.6646211160850525, 0.664168638267517, 0.6585132247924804, 0.6515856045722962, 0.655445821018219, 0.6533784030532837, 0.6535282462692261, 0.6422338747215272, 0.6398052237892151, 0.6445761730766296, 0.6330881221961975, 0.6370817761039734, 0.636258392124176, 0.616551733341217, 0.6187852412605286, 0.6278870258522034, 0.6084764901828766, 0.6100812335777283, 0.604251263961792, 0.6096925257301331, 0.5953510422325134, 0.6027169844055176, 0.5932915571975708, 0.5892892628479004, 0.5916790306472778, 0.584135228805542, 0.5817750246810913, 0.5775249160385132, 0.5749002756309509, 0.5649591743659973, 0.5592585778903961, 0.5632147622489929, 0.5564153683853149, 0.5613840769577026, 0.5595345053863525, 0.5418700889396667, 0.5467366453552246, 0.5407756811618805, 0.53387298204422, 0.5335585358810425, 0.5366523803043366, 0.5196208837032318, 0.52267687707901, 0.5215654321861267, 0.5133037859535218, 0.5095456390190124, 0.5031078157043457, 0.5012821097564697, 0.49659724285125734, 0.4971292618560791, 0.48498687450408934, 0.48380245092391966, 0.48252517914772036, 0.469828804731369, 0.46737896043777466, 0.4683256690597534, 0.4625352018547058, 0.4550720985126495, 0.44967024344444273, 0.4478071643447876, 0.43980477548599245, 0.4340090358161926, 0.42915437829971315, 0.4266445125770569, 0.41500488911628725, 0.414111623210907, 0.40574310762405397, 0.4056314453125, 0.3911788225746155, 0.39066192957878115, 0.3877792187166214, 0.379703117685318, 0.3697199394893646, 0.3720712137889862, 0.3650104658126831, 0.36188459587097166, 0.34972913689613344, 0.34133946828842165, 0.335967154545784, 0.3348815644931793, 0.32225353425979614, 0.31617805770874025, 0.31059737219810485, 0.3018191475391388, 0.29401281688690184, 0.28933561385154727, 0.2789596357536316, 0.27403250609874724, 0.2709362227344513, 0.2619254469680786, 0.2506820372867584, 0.24221771865844727, 0.23710653260231018, 0.22777268510341644, 0.21634960226774216, 0.20996079852581023, 0.20409386087417603, 0.19998463940620423, 0.18743550742149354, 0.18147946944236756, 0.1740666844177246, 0.1630749914741516, 0.15841874267578124, 0.14927569944381713, 0.13957915014266967, 0.1255013428735733, 0.1237613183927536, 0.11269677936553955, 0.10573091305732726, 0.09953711301803589, 0.09236148785114288, 0.09211936428546906, 0.07810649733543396, 0.0756352885878086, 0.06688901935458183, 0.061047973870038984, 0.05705555199861526, 0.05567501237869263, 0.05298228081345558, 0.04759635188937187, 0.044306155346632, 0.04240946472644806, 0.039932360053062436, 0.03847837371945381, 0.03710036968082189, 0.03728881279230118, 0.03650406899094582, 0.034702896034121515, 0.03513960908412933, 0.03515320674359798], "test_acc_v": [41.48, 50.39, 58.03, 60.29, 65.03, 67.04, 67.54, 70.39, 69.35, 67.97, 68.44, 71.1, 70.77, 73.47, 72.3, 73.11, 73.34, 74.94, 72.68, 72.85, 73.91, 72.84, 74.26, 71.5, 74.74, 73.4, 73.63, 77.27, 74.45, 73.13, 75.14, 75.09, 76.62, 76.54, 75.11, 75.53, 74.01, 70.56, 77.28, 76.06, 76.62, 72.93, 73.85, 73.25, 72.44, 75.67, 75.2, 77.4, 77.55, 78.67, 77.67, 77.99, 78.25, 76.4, 77.65, 76.19, 78.34, 79.89, 77.6, 78.62, 76.74, 80.14, 76.38, 77.0, 78.09, 78.52, 77.38, 78.25, 78.45, 75.7, 78.34, 80.43, 79.98, 79.59, 79.7, 79.8, 78.52, 80.1, 78.38, 80.63, 77.77, 80.16, 79.41, 80.32, 81.2, 81.95, 81.08, 81.36, 81.39, 81.33, 80.65, 82.38, 82.36, 80.69, 82.76, 80.92, 81.51, 81.21, 81.62, 82.72, 81.75, 83.69, 81.8, 81.99, 82.79, 81.68, 84.14, 82.37, 83.59, 84.23, 84.72, 83.36, 84.94, 84.96, 83.74, 83.34, 84.04, 84.27, 85.74, 84.63, 83.68, 85.06, 85.21, 85.4, 85.39, 84.36, 86.03, 86.11, 86.68, 86.22, 86.24, 86.22, 86.59, 86.6, 86.71, 86.34, 86.72, 87.65, 87.49, 87.55, 87.38, 87.85, 88.03, 87.71, 87.95, 88.05, 87.95, 88.19, 88.09, 88.18, 88.26, 88.4, 88.41, 88.37, 88.48, 88.53, 88.45, 88.53, 88.61, 88.45],