{"avg": [0.8552, 0.8251, 0.7792, 0.76296, 0.7031000000000001, 0.68502, 0.6483199999999999, 0.52832, 0.43558, 0.42250000000000004, 0.37798], "std": [0.0, 0.013382824813917261, 0.01794692174162465, 0.024987805025651986, 0.03067774437601304, 0.047905298245601156, 0.026543955997552424, 0.07705264174575716, 0.06840451447090318, 0.02768797572954728, 0.026085965575381728], "loss_avg": [35.54125779867172, 42.23341630399227, 52.56650140285492, 55.912122583389284, 69.42971159219742, 74.74614888429642, 83.55387066602707, 113.94038164615631, 135.25360777378083, 132.68177230358123, 146.24565517902374], "loss_std": [0.0, 3.1515210667616764, 4.394883514071139, 6.765382088253956, 7.163321692675116, 11.551693070028275, 6.651781254489972, 21.927709380733198, 17.42131104544444, 5.586130526842795, 6.706028708376174]}