{"avg": [0.8354000000000001, 0.8057000000000001, 0.7679400000000001, 0.7329600000000001, 0.6671400000000001, 0.61706, 0.5562400000000001, 0.44261999999999996, 0.39254, 0.35205999999999993, 0.32866], "std": [1.1102230246251565e-16, 0.0018143869488066904, 0.014294278575709937, 0.02104733712373133, 0.02737243869296267, 0.024317943992040125, 0.05146216474265342, 0.05954478650562113, 0.06758096181618015, 0.05841347789680051, 0.03665861972306104], "loss_avg": [2], "loss_std": [3]}