{"avg": [0.8375, 0.8057599999999999, 0.7777999999999998, 0.7205999999999999, 0.6692199999999999, 0.64556, 0.5316599999999999, 0.4902, 0.46274, 0.42952, 0.3962], "std": [0.0, 0.005861262662600951, 0.019641690354956748, 0.015083235727124365, 0.018273959614708544, 0.029313928430014312, 0.03578589666335048, 0.02849821047013303, 0.041094019029537625, 0.0722021440124876, 0.03913755229954985], "loss_avg": [2], "loss_std": [3]}