{"train_acc_v": [26.754, 42.834, 51.678, 57.772, 61.466, 64.664, 66.852, 68.502, 70.07, 71.362, 72.174, 73.304, 74.164, 74.662, 75.44, 76.204, 77.134, 77.432, 77.986, 78.956, 79.47, 80.534, 80.876, 81.566, 82.218, 83.036, 84.058, 84.712, 85.562, 86.416, 87.05, 88.23, 89.048, 89.97, 90.642, 91.352, 92.152, 92.556, 92.892, 93.06, 93.24, 93.2, 93.332, 92.912, 92.858, 92.4, 91.86, 90.954, 89.888, 88.676, 87.724, 86.514, 85.468, 84.66, 84.026, 83.246, 82.818, 82.07, 81.768, 81.34, 81.27, 80.374, 80.808, 80.28, 80.18, 79.654, 79.546, 79.228, 78.91, 79.04, 78.604, 78.398, 77.902, 78.108, 78.036, 78.058, 78.008, 77.92, 77.9, 77.794, 77.594, 77.746, 77.886, 77.976, 77.632, 78.242, 78.442, 78.312, 78.612, 79.152, 79.394, 79.328, 79.904, 80.262, 80.552, 80.932, 81.118, 81.79, 82.31, 82.868, 83.13, 83.578, 84.354, 85.162, 85.558, 86.086, 87.014, 87.8, 88.396, 89.42, 90.172, 90.78, 91.93, 92.456, 93.296, 93.91, 94.53, 95.07, 95.198, 95.254, 95.544, 95.306, 95.366, 95.314, 95.16, 94.858, 94.168, 93.49, 92.482, 91.276, 90.162, 89.014, 87.702, 86.97, 86.176, 85.08, 84.652, 84.34, 83.646, 83.238, 83.184, 82.41, 81.934, 81.74, 81.488, 81.112, 80.91, 80.7, 80.38, 80.28, 79.702, 79.836, 79.028, 79.128, 79.524, 79.068, 78.77, 79.012, 79.034, 78.648], "train_loss_v": [2.164993658065796, 1.5416765169143676, 1.3349698779678345, 1.1857043983078004, 1.0879848321151733, 1.003487393836975, 0.9495261975097656, 0.9051477502059937, 0.8632891767883301, 0.82689105884552, 0.800932099647522, 0.7724417845535279, 0.7503082750129699, 0.7311519621086121, 0.7161620952987671, 0.6913758696174621, 0.6645651477622986, 0.649318601360321, 0.6396130857086182, 0.608826505393982, 0.5925016376686096, 0.5694013862800598, 0.5559856707954407, 0.5330350448989868, 0.5125171842765808, 0.49281556226730344, 0.4643759871292114, 0.44233668959617617, 0.4197351568031311, 0.3921870265102386, 0.37034917517662047, 0.34161931762695313, 0.3196052255821228, 0.2868362522506714, 0.27028407376289365, 0.24649716327667237, 0.22925509078025819, 0.2148560452270508, 0.20726644029617308, 0.20105477305412292, 0.19736027342796325, 0.1984086292552948, 0.19699007678985594, 0.20320692105293273, 0.20681870389938353, 0.21920358353614808, 0.23391990361213685, 0.2565007896995544, 0.2870634906196594, 0.32238604407310484, 0.35306445727825164, 0.38428100620269773, 0.4135736221265793, 0.44079516030311583, 0.45698847992897035, 0.48002489078521726, 0.49654045320510865, 0.5153901670074463, 0.5239464034175872, 0.5372882808113099, 0.544515103187561, 0.5650904045963288, 0.5591821952629089, 0.5765778583145141, 0.5760091645812988, 0.5924502785682678, 0.5996877259635925, 0.6019196536636352, 0.612040182094574, 0.6146232736301422, 0.6282717538261413, 0.6290659041786194, 0.6423956567001343, 0.6378128330802918, 0.6451459241867066, 0.6413154365921021, 0.6414942822647095, 0.6456599903202057, 0.6477723013877869, 0.651646112575531, 0.6547661487007141, 0.650177366027832, 0.647005562877655, 0.642540283088684, 0.6490605004501343, 0.6393925776481628, 0.6317033585739136, 0.6292022503852844, 0.6279259804725646, 0.6121867141342163, 0.6077272169685364, 0.6068308924865723, 0.5911829258728027, 0.5764716577243805, 0.5715829922866821, 0.5585049322891236, 0.5507394870185852, 0.5331894247245789, 0.5188601438331604, 0.5012488939476013, 0.49050118535995485, 0.4768127437400818, 0.45520801261901855, 0.4340340950012207, 0.4184984042739868, 0.4016751361179352, 0.3784192641067505, 0.3547926726818085, 0.3360394893360138, 0.30808018500328066, 0.2848040336704254, 0.2640991599559784, 0.23409794107437135, 0.2167028364276886, 0.19517732811450958, 0.17687518219947815, 0.15954346271514894, 0.14609028692245482, 0.14010549899101257, 0.13999194615840913, 0.13357187082767485, 0.13731552973747255, 0.13547268394470216, 0.1371015221261978, 0.140110743432045, 0.14744905016422272, 0.16609409955978394, 0.18564023036003113, 0.21621816824913026, 0.2480176327419281, 0.27941582005023957, 0.31629396260261533, 0.3507688380432129, 0.37627341022491456, 0.39778719431877135, 0.42713890787124636, 0.44192721155166625, 0.45195497025489806, 0.4761377513885498, 0.48689225394248964, 0.494509410610199, 0.5059686699295044, 0.5262402117347718, 0.5305833570480347, 0.5391350371360779, 0.5495747999954224, 0.5561431155395508, 0.5647461020088196, 0.576388116607666, 0.5773774651145935, 0.5943262030601502, 0.5938479612350464, 0.6114995407104492, 0.6102732760047913, 0.6053586290359497, 0.6170365037155151, 0.6235274964141846, 0.6148944004440308, 0.6197727525329589, 0.6251373603057861], "test_acc_v": [39.95, 48.67, 54.89, 60.17, 64.84, 66.58, 64.61, 72.05, 68.55, 69.96, 72.43, 71.77, 72.88, 71.73, 71.27, 73.66, 76.26, 75.26, 73.97, 76.46, 77.12, 79.0, 78.8, 80.5, 79.69, 79.58, 81.87, 81.05, 82.16, 82.32, 82.93, 84.2, 84.49, 84.51, 84.82, 85.65, 85.72, 86.01, 86.21, 86.17, 86.13, 86.25, 86.11, 86.1, 85.97, 85.57, 85.26, 84.39, 83.49, 83.64, 82.52, 82.42, 82.13, 80.05, 80.35, 79.21, 79.21, 78.25, 77.78, 78.65, 80.1, 76.62, 78.09, 79.43, 76.02, 77.2, 75.33, 74.97, 71.81, 74.67, 75.93, 77.34, 74.9, 75.1, 75.57, 73.05, 72.07, 71.53, 75.15, 72.09, 77.07, 76.17, 76.74, 75.52, 74.97, 73.79, 75.62, 74.56, 73.88, 75.92, 74.71, 77.42, 77.53, 80.19, 75.84, 76.75, 78.86, 79.41, 80.14, 79.17, 80.49, 81.08, 81.81, 78.82, 81.62, 82.65, 82.71, 84.41, 84.74, 85.44, 84.71, 85.57, 85.89, 86.48, 86.87, 87.04, 87.32, 87.73, 87.7, 87.74, 87.56, 87.63, 87.76, 87.54, 87.52, 87.14, 86.87, 86.47, 85.65, 84.6, 82.81, 83.06, 83.86, 83.59, 81.17, 79.63, 80.39, 80.18, 78.74, 79.83, 79.79, 80.46, 79.91, 77.18, 79.77, 79.36, 78.68, 77.24, 76.09, 76.86, 76.88, 77.54, 77.45, 77.64, 74.37, 77.31, 73.95, 73.24, 73.52, 75.21],