{"train_acc_v": [37.366, 51.198, 58.058, 62.894, 65.788, 67.906, 69.902, 71.35, 72.63, 73.956, 74.82, 76.012, 76.876, 77.436, 78.34, 78.708, 79.368, 80.01, 80.51, 80.974, 81.49, 82.144, 82.42, 85.394, 86.422, 86.638, 86.812, 87.092, 87.324, 87.558, 87.87, 87.82, 87.808, 87.984, 88.23, 87.948, 87.868, 88.024, 87.896, 88.032, 87.884, 88.232, 88.12, 87.848, 87.922, 87.906, 87.9, 88.112, 87.958, 87.93, 87.976, 87.852, 88.18, 88.126, 88.12, 87.944, 88.022, 88.106, 88.104, 88.062, 88.084, 88.196, 88.188, 88.114, 87.88, 88.128, 87.87, 87.812, 88.192, 88.016, 87.984, 88.016, 87.982, 87.834, 87.852, 88.026, 88.028, 88.07, 88.014, 88.012, 87.964, 88.062, 87.86, 88.04, 87.94, 88.154, 88.032, 88.134, 88.198, 88.114, 87.928, 88.166, 87.898, 88.0, 88.158, 88.024, 88.102, 88.21, 87.92, 87.954, 88.22, 88.086, 88.182, 88.036, 88.068, 88.11, 88.228, 88.068, 88.018, 88.096, 87.91, 87.802, 88.076, 87.954, 87.966, 87.904, 87.946, 87.88, 87.966, 88.206, 88.142, 88.028, 88.044, 87.974, 88.03, 88.01, 87.916, 88.062, 88.108, 87.928, 88.168, 88.056, 88.03, 88.088, 87.97, 87.87, 88.182, 88.084, 88.064, 87.928, 87.944, 88.124, 88.006, 88.07, 87.914, 88.176, 87.932, 88.05, 88.028, 88.072, 88.08, 88.056, 87.91, 88.034, 87.952, 87.986, 88.082, 88.096, 88.118, 87.898], "train_loss_v": [1.8022426763534547, 1.3543991050338746, 1.1730471814727783, 1.0467607022857666, 0.9690995677375793, 0.906573692817688, 0.8591074711799621, 0.8113071974563598, 0.7784087194633484, 0.7394719728088379, 0.7153682835578918, 0.6890299351119995, 0.6627431678199768, 0.6433516651916504, 0.6209992963600158, 0.6081980344772339, 0.5860273630523681, 0.569929205493927, 0.5542178375053406, 0.5392676733016968, 0.5263671059417725, 0.5115743723297119, 0.5001721264648438, 0.4170236541080475, 0.3886307149505615, 0.3778286315345764, 0.373533841714859, 0.3673610467147827, 0.35914307195663453, 0.35199593217849734, 0.3465195003223419, 0.3450472711849213, 0.3426606474685669, 0.3422492824745178, 0.3380040130710602, 0.34282644327163697, 0.345682786026001, 0.3418038231563568, 0.3411598643016815, 0.33858350233078005, 0.34096255840301515, 0.33692651968955994, 0.3399241071987152, 0.34443947463989255, 0.3409261385726929, 0.3401667290306091, 0.34347657711982726, 0.33761331983566284, 0.34173690546989444, 0.3418709095954895, 0.3399587922477722, 0.3411948758125305, 0.3355191018486023, 0.3366871332454681, 0.3358771303892136, 0.34061054549217223, 0.3389416796207428, 0.33912147435188295, 0.3367675561141968, 0.3405475817489624, 0.33525328254699704, 0.3392300737571716, 0.33815491399765013, 0.33963367889404295, 0.3418230342102051, 0.3375957514190674, 0.3424665267276764, 0.34250730442047117, 0.33932747507095334, 0.34089917589187624, 0.34337400539398194, 0.3401760380458832, 0.3415202443504334, 0.345776057472229, 0.3432618064975739, 0.33924082572937014, 0.3384094808959961, 0.3408055892753601, 0.33807860068321227, 0.340812961063385, 0.33920919805526734, 0.34123476732254027, 0.3407210812854767, 0.34063583869934083, 0.3433067616844177, 0.3382108531856537, 0.34022862352371214, 0.34068847681045533, 0.33834724655151366, 0.3376559157562256, 0.34069946362495424, 0.3371895788669586, 0.34089627634048464, 0.3421687007141113, 0.3396666910362244, 0.3387004512500763, 0.33917835598945617, 0.33629460763931274, 0.3436552976417542, 0.33893401916503907, 0.3375538555955887, 0.3399070148181915, 0.34098657775878904, 0.3387283276748657, 0.33960268838882446, 0.33698661900520327, 0.33599400664329526, 0.33812099791526795, 0.3394343346977234, 0.33971966871261594, 0.3445431907081604, 0.3440365900039673, 0.3411077438545227, 0.33920735383987427, 0.3429212971496582, 0.3441351012992859, 0.34019415132522585, 0.3417931955432892, 0.34295589597702025, 0.33972646209716795, 0.3369690516662598, 0.34123236051559447, 0.3399646845149994, 0.3407112620639801, 0.34222853422164917, 0.33930550605773924, 0.3403402671098709, 0.3422377261257172, 0.3399992222690582, 0.3424583972167969, 0.33838558662414553, 0.33980669759750365, 0.3412407330989838, 0.3384727819442749, 0.3423904133033752, 0.34193279086112977, 0.3397573225593567, 0.339449483089447, 0.3378953867816925, 0.3413937306785583, 0.3396957828140259, 0.33856194004058837, 0.3428981821727753, 0.34018952507972716, 0.3410767146253586, 0.3394186477279663, 0.340230500535965, 0.3384822923851013, 0.3390661991405487, 0.34151357988357545, 0.3386545301246643, 0.3390831432723999, 0.3427201777076721, 0.34127123801231385, 0.3397437505149841, 0.34205676971435545, 0.3390750646972656, 0.33892906182289123, 0.33794208439826967, 0.34137417835235595], "test_acc_v": [39.89, 51.48, 59.81, 63.16, 67.26, 69.32, 69.74, 68.52, 70.84, 69.28, 71.0, 70.56, 74.44, 75.62, 75.52, 74.88, 76.81, 76.16, 78.61, 75.42, 77.18, 78.78, 78.71, 82.08, 81.87, 82.04, 81.97, 82.29, 82.29, 82.42, 82.46, 82.4, 82.27, 82.53, 82.43, 82.59, 82.44, 82.39, 82.4, 82.49, 82.55, 82.51, 82.41, 82.56, 82.34, 82.65, 82.47, 82.53, 82.61, 82.51, 82.67, 82.5, 82.4, 82.56, 82.39, 82.48, 82.55, 82.48, 82.33, 82.49, 82.46, 82.34, 82.54, 82.42, 82.45, 82.47, 82.5, 82.61, 82.47, 82.52, 82.46, 82.42, 82.54, 82.57, 82.41, 82.59, 82.57, 82.5, 82.51, 82.54, 82.47, 82.6, 82.5, 82.52, 82.45, 82.33, 82.42, 82.54, 82.47, 82.51, 82.59, 82.65, 82.38, 82.53, 82.44, 82.6, 82.3, 82.49, 82.36, 82.44, 82.45, 82.45, 82.6, 82.52, 82.58, 82.41, 82.52, 82.46, 82.68, 82.47, 82.49, 82.52, 82.44, 82.5, 82.53, 82.41, 82.47, 82.5, 82.6, 82.44, 82.47, 82.56, 82.44, 82.49, 82.55, 82.53, 82.55, 82.41, 82.54, 82.44, 82.49, 82.61, 82.52, 82.54, 82.33, 82.23, 82.39, 82.45, 82.43, 82.54, 82.54, 82.38, 82.54, 82.5, 82.52, 82.51, 82.62, 82.45, 82.49, 82.57, 82.41, 82.37, 82.53, 82.52, 82.46, 82.42, 82.49, 82.53, 82.42, 82.41],