{"avg": [0.8562, 0.8265800000000001, 0.7796199999999999, 0.7462799999999999, 0.6856599999999999, 0.62778, 0.59988, 0.59416, 0.51468, 0.44014, 0.40456000000000003], "std": [0.0, 0.004411076966002742, 0.02982236744458761, 0.02445889613208249, 0.02018837289134516, 0.0540818786655937, 0.07706349070733819, 0.03405681135984403, 0.06875357154359331, 0.035215655609401916, 0.031139081553571864], "loss_avg": [2], "loss_std": [3]}