{"avg": [0.8411, 0.8116199999999999, 0.78064, 0.71168, 0.6902, 0.63676, 0.57662, 0.53814, 0.48124, 0.41988000000000003, 0.33008000000000004], "std": [0.0, 0.005706277245279961, 0.010620470799357259, 0.018923572601387925, 0.02816742799760034, 0.04270075409170195, 0.04151151165640682, 0.03992596147871706, 0.02486512417021078, 0.04619360994769731, 0.056478859761861344], "loss_avg": [42.73868149518967, 48.21917016506195, 53.53688862025738, 71.1446530520916, 75.13279147744178, 85.92714163064957, 99.90243319272994, 108.69317553043365, 122.71638588905334, 142.74628002643584, 161.2741306066513], "loss_std": [0.0, 1.597374817193463, 2.8818946474894034, 5.912423045952023, 8.751830469216896, 10.86998286903758, 8.427433296161258, 10.45102290738811, 6.430535620479702, 15.89950980112571, 16.791473945960174]}