{"train_acc_v": [29.816, 43.838, 51.012, 56.976, 61.182, 64.864, 67.272, 69.63, 71.168, 72.44, 73.754, 74.878, 75.89, 77.024, 77.814, 78.308, 79.348, 79.212, 80.24, 80.864, 81.242, 81.916, 82.328, 82.79, 82.846, 83.728, 83.842, 84.23, 87.186, 88.01, 88.356, 88.724, 88.946, 89.256, 89.516, 89.626, 89.586, 89.61, 89.824, 89.952, 89.668, 89.668, 89.61, 89.738, 89.704, 89.784, 89.788, 89.978, 89.952, 89.916, 89.634, 89.79, 89.774, 89.728, 89.932, 89.678, 89.762, 89.588, 89.864, 89.844, 89.68, 89.792, 89.622, 89.724, 89.712, 89.744, 89.64, 89.8, 89.822, 89.764, 89.778, 89.602, 89.95, 89.714, 89.922, 89.768, 89.728, 89.866, 89.728, 89.568, 89.692, 89.772, 89.718, 89.714, 89.802, 89.59, 89.756, 89.662, 89.94, 89.742, 89.724, 89.662, 89.722, 89.786, 89.858, 89.602, 89.796, 89.738, 89.764, 89.8, 89.858, 89.736, 89.714, 89.822, 89.698, 89.788, 89.734, 89.606, 89.758, 89.834, 89.726, 89.712, 89.748, 89.83, 89.776, 89.886, 89.746, 89.896, 89.774, 89.694, 89.896, 89.812, 89.754, 89.802, 89.87, 89.706, 90.034, 89.618, 89.636, 89.654, 89.852, 89.894, 89.974, 89.766, 89.632, 89.718, 89.73, 89.694, 89.898, 89.84, 89.632, 89.732, 89.622, 89.562, 89.74, 89.844, 89.674, 89.684, 89.684, 89.668, 89.926, 89.72, 89.722, 89.874, 89.656, 89.918, 89.798, 89.554, 89.786, 89.782], "train_loss_v": [2.096935376625061, 1.535536156349182, 1.3525988438415528, 1.1972613290786742, 1.0935257808303833, 0.9917606982803344, 0.9246557715606689, 0.8605192471122741, 0.8226097593498229, 0.7931711926651, 0.7477923253250122, 0.7150524014186859, 0.6902299108695984, 0.6564784762001038, 0.6357752418708801, 0.6184825205039978, 0.5943928222084045, 0.5949566742610931, 0.5684469819831848, 0.5489948770904541, 0.5342090586853028, 0.517964481716156, 0.5047004959964753, 0.4932750220489502, 0.48901830023765563, 0.470527321395874, 0.45811093084335325, 0.44992311599731444, 0.36518372694015505, 0.3423062397432327, 0.32604308572769164, 0.3172895802116394, 0.30977900237083433, 0.3073364193534851, 0.2962773298740387, 0.2959545122909546, 0.2938866722249985, 0.2939384369087219, 0.29147798683166504, 0.28839251775741576, 0.29320283939361574, 0.29149838100910186, 0.2912141413164139, 0.29129479035377503, 0.28873642473220823, 0.2911143703651428, 0.28881380655288696, 0.286727396736145, 0.2892900047159195, 0.28912021530628207, 0.2959034108829498, 0.29001078941345215, 0.2906799994850159, 0.29083837637901305, 0.2875338010120392, 0.29167955868721007, 0.2923264480113983, 0.2894371311855316, 0.29090600004196165, 0.28715577732086184, 0.29049367228507994, 0.29144550771713257, 0.29162981486320494, 0.2922659293651581, 0.29238608015060424, 0.2908295485639572, 0.2933263579750061, 0.292988028383255, 0.2884605530500412, 0.2928966061115265, 0.28992618847846985, 0.2957529092979431, 0.2880690333366394, 0.29471866020202636, 0.287948635969162, 0.2898141683769226, 0.2909322681617737, 0.2905303147983551, 0.289111716299057, 0.29107239077568053, 0.2906047253036499, 0.2892245436811447, 0.2907403495979309, 0.2935270847606659, 0.2905437874126434, 0.2943796493244171, 0.2898734736204147, 0.29327526795387265, 0.2885136155128479, 0.2912493894290924, 0.29098173813819883, 0.29060793292045595, 0.2948109453392029, 0.28866209091186523, 0.2890423785877228, 0.29296167664527895, 0.29036561245918274, 0.29125434368133546, 0.2912984051704407, 0.2899549768829346, 0.28879947061538697, 0.29110148878097536, 0.2949108277416229, 0.29032571491241455, 0.2924123045349121, 0.28988605009078977, 0.29131722198486326, 0.29298109969139097, 0.2907302498149872, 0.2908471146297455, 0.29080547450065614, 0.29254037677288053, 0.28978930190086366, 0.2887776320648193, 0.29090354404449464, 0.2876814503288269, 0.2910330310869217, 0.2890762762737274, 0.28896446945667265, 0.2920100529193878, 0.28779748519897463, 0.2895164495849609, 0.2921181813812256, 0.2929227669620514, 0.29000963830947873, 0.29320183303356173, 0.2866647342634201, 0.29281499029159547, 0.29212891704559324, 0.29507718410491945, 0.28836469249725344, 0.2883282704734802, 0.2895564277505875, 0.2903836000156403, 0.29168925703048704, 0.28945849938392637, 0.293651997013092, 0.29106164816856384, 0.2880431335449219, 0.2896402677345276, 0.2900090454769135, 0.2921919610977173, 0.2896830913686752, 0.29184640808105466, 0.2920460873222351, 0.2896675344371796, 0.29011189435005186, 0.2901905937957764, 0.29371670303344727, 0.2913866854953766, 0.2877209264421463, 0.2895937693977356, 0.2924185612010956, 0.2870815349292755, 0.2926212592601776, 0.286934045419693, 0.28933562321662903, 0.29296777739524843, 0.2901511239051819, 0.2900574954938889], "test_acc_v": [41.78, 50.01, 54.93, 60.14, 64.02, 68.45, 62.08, 72.43, 72.61, 72.16, 72.97, 74.62, 76.36, 77.29, 77.48, 78.07, 78.06, 77.76, 78.37, 78.4, 79.03, 79.7, 79.72, 80.52, 79.37, 80.44, 80.37, 79.67, 82.6, 83.22, 83.26, 83.21, 83.24, 83.52, 83.49, 83.53, 83.56, 83.5, 83.52, 83.64, 83.59, 83.6, 83.57, 83.53, 83.47, 83.51, 83.35, 83.67, 83.46, 83.58, 83.51, 83.53, 83.56, 83.59, 83.56, 83.52, 83.47, 83.52, 83.55, 83.52, 83.74, 83.49, 83.64, 83.54, 83.51, 83.59, 83.64, 83.62, 83.47, 83.52, 83.57, 83.57, 83.61, 83.49, 83.68, 83.39, 83.56, 83.58, 83.54, 83.55, 83.62, 83.72, 83.57, 83.57, 83.58, 83.51, 83.45, 83.5, 83.63, 83.55, 83.62, 83.6, 83.5, 83.44, 83.66, 83.56, 83.5, 83.49, 83.53, 83.66, 83.47, 83.42, 83.54, 83.63, 83.54, 83.44, 83.6, 83.55, 83.52, 83.53, 83.54, 83.67, 83.59, 83.55, 83.46, 83.55, 83.56, 83.51, 83.48, 83.66, 83.65, 83.54, 83.67, 83.55, 83.59, 83.7, 83.63, 83.59, 83.46, 83.48, 83.64, 83.51, 83.54, 83.49, 83.53, 83.53, 83.61, 83.55, 83.59, 83.57, 83.67, 83.55, 83.62, 83.62, 83.53, 83.59, 83.49, 83.59, 83.6, 83.65, 83.63, 83.52, 83.37, 83.65, 83.47, 83.55, 83.55, 83.44, 83.68, 83.54],