{"train_acc_v": [31.184, 43.326, 47.372, 49.102, 49.914, 50.748, 50.606, 50.572, 50.146, 61.992, 65.274, 66.76, 67.63, 68.696, 69.088, 69.954, 70.902, 70.924, 71.356, 71.896, 72.142, 77.446, 79.442, 80.03, 80.648, 81.034, 81.366, 82.028, 82.146, 82.302, 82.674, 82.762, 83.012, 83.218, 83.392, 83.478, 83.556, 83.504, 84.034, 84.074, 84.03, 84.436, 86.224, 86.618, 87.094, 87.336, 87.512, 87.68, 87.774, 87.886, 87.94, 88.08, 88.256, 88.3, 88.502, 88.508, 88.452, 88.596, 88.628, 88.666, 88.434, 88.52, 88.52, 88.648, 88.626, 88.466, 88.684, 88.58, 88.684, 88.52, 88.59, 88.498, 88.54, 88.744, 88.782, 88.618, 88.54, 88.462, 88.558, 88.632, 88.62, 88.486, 88.446, 88.572, 88.722, 88.378, 88.648, 88.414, 88.558, 88.606, 88.586, 88.514, 88.412, 88.758, 88.496, 88.54, 88.536, 88.762, 88.506, 88.548, 88.678, 88.572, 88.582, 88.51, 88.574, 88.576, 88.674, 88.45, 88.634, 88.694, 88.554, 88.54, 88.57, 88.454, 88.57, 88.678, 88.688, 88.506, 88.572, 88.46, 88.62, 88.518, 88.524, 88.49, 88.54, 88.498, 88.526, 88.578, 88.572, 88.636, 88.504, 88.476, 88.684, 88.408, 88.554, 88.49, 88.43, 88.5, 88.554, 88.504, 88.44, 88.462, 88.632, 88.624, 88.522, 88.724, 88.634, 88.578, 88.514, 88.77, 88.514, 88.58, 88.63, 88.542, 88.586, 88.574, 88.612, 88.48, 88.678, 88.664], "train_loss_v": [2.0093106964492797, 1.543619352760315, 1.4572780364990234, 1.4251003805160523, 1.4076707287979127, 1.3897160117721559, 1.3938079935455323, 1.3944775173187256, 1.3968728071212768, 1.0794106888580322, 0.9851128263473511, 0.9487646029853821, 0.924637737159729, 0.9012958665847778, 0.8909494860839844, 0.8694767042541504, 0.8475575394821167, 0.8418275901031494, 0.8293495472335816, 0.8161396248817444, 0.8097296732902527, 0.662906052570343, 0.6066256813812256, 0.5848411458015442, 0.5685433709716797, 0.5555408587455749, 0.5490039911079406, 0.5329870570755005, 0.5276819042396546, 0.5187014831352234, 0.5123431197166443, 0.5079944522857666, 0.5044888914299012, 0.4947796245765686, 0.4884371712589264, 0.48527852893829343, 0.4854241423130035, 0.4819951437950134, 0.47244483406066895, 0.47250076433181765, 0.4716193667221069, 0.4635352657699585, 0.4113906892681122, 0.3976687177562714, 0.3882986545276642, 0.3816974353122711, 0.3789073654174805, 0.3725885154914856, 0.36773374765396116, 0.3652746018695831, 0.3646179656600952, 0.3618433190345764, 0.3574523984527588, 0.3530569467926025, 0.34800774079322816, 0.34894273153305055, 0.3501701807975769, 0.34606950777053835, 0.34760159786224365, 0.3469220227241516, 0.3494368470954895, 0.3466484042930603, 0.3498248867797852, 0.34823386823654173, 0.34791523222923276, 0.34939299294471743, 0.3465339590454102, 0.34905009400367737, 0.3457073035621643, 0.3467630936717987, 0.34748098856925963, 0.3489692384529114, 0.34853400876045226, 0.3454826906108856, 0.3446734285020828, 0.34670332818984984, 0.34514013162612917, 0.34751540605545045, 0.3504337642288208, 0.3451936127758026, 0.34864603819847106, 0.34755219257354736, 0.3474543239212036, 0.3474080279922485, 0.3467213632488251, 0.3484156839466095, 0.3443051035118103, 0.3472387798500061, 0.3469865382194519, 0.3455745400810242, 0.34632219007492065, 0.3465642940711975, 0.34984626255989076, 0.3460742740154266, 0.35119390913963316, 0.34694599005699156, 0.34562674050331116, 0.34453850811958314, 0.3470819964981079, 0.35014237031936646, 0.3466624023151398, 0.34784687854766844, 0.34890375604629514, 0.3473262609291077, 0.348749300327301, 0.34755452518463137, 0.3489961102294922, 0.35007484701156616, 0.34477278940200806, 0.3458367961597443, 0.35035329023361206, 0.34848970843315125, 0.3476698290061951, 0.349069867143631, 0.3436329443645477, 0.3445886391639709, 0.34757692351818087, 0.35045935176849363, 0.34557701782226563, 0.3502291565132141, 0.34789190815925597, 0.34737391901016235, 0.346532834482193, 0.34731965131759646, 0.347422134141922, 0.34880776339530944, 0.34830226461410524, 0.34793817675590516, 0.34784095467567444, 0.3487966387081146, 0.3478301777076721, 0.3478814235687256, 0.34744683468818666, 0.34717906408309934, 0.34680907958984375, 0.34801424595832825, 0.3515356119346619, 0.34758240708351135, 0.3508439398574829, 0.3493386302089691, 0.34937332363128665, 0.3474957486438751, 0.34722088627815245, 0.34462647005081176, 0.3464474144411087, 0.3450196557331085, 0.3472473289871216, 0.34806440190315246, 0.3453567394065857, 0.3440879651260376, 0.34852525381088256, 0.3476665236854553, 0.34604114073753356, 0.34933246845245364, 0.34861305461883546, 0.34843874537467956, 0.34755644804000857, 0.3504858988380432, 0.3472559401035309, 0.34868500618934634], "test_acc_v": [41.96, 39.53, 46.26, 44.81, 49.52, 47.83, 43.19, 45.49, 47.44, 64.73, 68.63, 68.04, 69.66, 68.57, 68.23, 69.27, 71.66, 71.16, 68.68, 70.03, 67.68, 78.96, 79.85, 80.21, 80.21, 81.07, 80.29, 80.65, 80.91, 81.0, 81.22, 80.85, 81.17, 81.31, 81.39, 81.36, 81.11, 81.56, 81.32, 81.67, 81.2, 81.74, 82.95, 83.12, 83.21, 83.32, 83.12, 83.42, 83.28, 83.36, 83.4, 83.48, 83.4, 83.61, 83.5, 83.44, 83.46, 83.35, 83.54, 83.36, 83.52, 83.41, 83.32, 83.5, 83.34, 83.46, 83.42, 83.51, 83.4, 83.53, 83.6, 83.53, 83.37, 83.36, 83.41, 83.41, 83.26, 83.35, 83.4, 83.43, 83.41, 83.47, 83.46, 83.51, 83.51, 83.37, 83.41, 83.43, 83.35, 83.42, 83.47, 83.38, 83.4, 83.44, 83.57, 83.48, 83.35, 83.33, 83.38, 83.44, 83.38, 83.34, 83.43, 83.49, 83.4, 83.45, 83.39, 83.41, 83.32, 83.43, 83.45, 83.53, 83.6, 83.48, 83.46, 83.62, 83.51, 83.32, 83.43, 83.45, 83.4, 83.42, 83.26, 83.3, 83.44, 83.34, 83.52, 83.31, 83.64, 83.26, 83.43, 83.58, 83.51, 83.4, 83.55, 83.64, 83.6, 83.41, 83.55, 83.47, 83.54, 83.4, 83.53, 83.47, 83.46, 83.48, 83.54, 83.44, 83.38, 83.38, 83.46, 83.5, 83.49, 83.32, 83.34, 83.4, 83.55, 83.32, 83.48, 83.38],