{"avg": [0.844, 0.8129000000000002, 0.76692, 0.71788, 0.69708, 0.62842, 0.5318400000000001, 0.53542, 0.45998, 0.35778, 0.34536000000000006], "std": [0.0, 0.00662570750939097, 0.020612850360879238, 0.0025701361831622772, 0.010258927819221624, 0.03301753473534935, 0.07500761561334957, 0.047905089499968606, 0.01711261522970701, 0.02088917422972961, 0.04177260346207787], "loss_avg": [2], "loss_std": [3]}