{"avg": [0.8373000000000002, 0.80786, 0.76216, 0.74572, 0.66688, 0.6034200000000001, 0.58606, 0.48511999999999994, 0.48962000000000006, 0.38961999999999997, 0.39516], "std": [1.1102230246251565e-16, 0.006634033463889073, 0.021587459322486294, 0.02104313664832312, 0.046473708696423185, 0.04023289201635896, 0.06689103377882569, 0.04405484763337627, 0.03376817436581373, 0.052120606289643254, 0.06448415619359534], "loss_avg": [41.05713193118572, 46.61914969086647, 56.48509024977684, 59.548252913355824, 78.72936074733734, 94.96974430084228, 98.29031261205674, 124.62992073297501, 118.25631637573242, 140.54102861881256, 139.62500326633455], "loss_std": [0.0, 1.6715444709879403, 6.552874331849409, 6.386625455475071, 12.017217607710567, 12.751092105790178, 17.73647851061276, 15.14913903638972, 7.592211921293045, 13.460894367037461, 15.001281532820451]}