{"avg": [0.844, 0.83978, 0.8356199999999999, 0.83172, 0.83334, 0.8263200000000002, 0.82058, 0.8176400000000001, 0.81068, 0.8093999999999999, 0.80076], "std": [0.0, 0.0020390193721492728, 0.0016042443704124454, 0.0027418242102658676, 0.005304564072569951, 0.004881557128621966, 0.009133323600968059, 0.006761242489365387, 0.012146999629538134, 0.010439348638684324, 0.010948716819792174], "loss_avg": [41.57536977529526, 41.64158062338829, 42.93060792088509, 43.274266225099566, 43.29731708467007, 44.69957941174507, 45.871486046910285, 46.481693929433824, 48.263049367070195, 48.23937031626701, 49.919854265451434], "loss_std": [0.0, 0.22196704767805367, 0.6355843781771007, 0.44538886063355904, 1.8517328244124784, 1.1512684751978, 2.613370306569931, 1.8765792814300928, 3.6045116636275525, 3.8962089633860364, 2.5910822962120954]}