{"train_acc_v": [30.404, 44.004, 51.254, 57.108, 61.326, 64.192, 66.992, 69.098, 70.542, 72.13, 73.584, 74.72, 75.426, 76.536, 77.444, 77.79, 78.632, 79.378, 79.702, 80.622, 81.146, 81.704, 81.92, 82.356, 83.1, 83.67, 83.788, 83.93, 84.704, 84.636, 84.852, 85.366, 85.466, 85.972, 86.15, 86.434, 89.224, 90.134, 90.396, 90.95, 91.136, 91.14, 91.548, 91.482, 91.596, 91.58, 91.712, 91.568, 91.788, 91.754, 91.594, 91.558, 91.678, 91.666, 91.87, 91.768, 91.74, 91.586, 91.578, 91.7, 91.612, 91.64, 91.702, 91.708, 91.568, 91.518, 91.616, 91.436, 91.558, 91.538, 91.642, 91.734, 91.872, 91.588, 91.684, 91.616, 91.712, 91.712, 91.682, 91.782, 91.686, 91.57, 91.666, 91.564, 91.57, 91.598, 91.628, 91.576, 91.628, 91.768, 91.804, 91.67, 91.526, 91.748, 91.71, 91.792, 91.646, 91.76, 91.52, 91.604, 91.602, 91.812, 91.512, 91.696, 91.678, 91.784, 91.896, 91.91, 91.706, 91.534, 91.554, 91.66, 91.634, 91.76, 91.79, 91.618, 91.73, 91.572, 91.814, 91.666, 91.706, 91.654, 91.556, 91.864, 91.736, 91.686, 91.834, 91.678, 91.726, 91.638, 91.82, 91.808, 91.722, 91.92, 91.736, 91.766, 91.624, 91.542, 91.872, 91.63, 91.724, 91.496, 91.606, 91.636, 91.748, 91.708, 91.766, 91.656, 91.588, 91.81, 91.642, 91.576, 91.67, 91.73, 91.636, 91.572, 91.504, 91.666, 91.54, 91.604], "train_loss_v": [2.1514453286743165, 1.5307991444015503, 1.341032706565857, 1.199318175086975, 1.0862048259162902, 1.0072567461395263, 0.9306230007934571, 0.8768601861572266, 0.8346299029731751, 0.7969790875053405, 0.7583447720718384, 0.7219967270278931, 0.7002877061462403, 0.6761041045188904, 0.6448096301937103, 0.6331705602645874, 0.6106741075706482, 0.5868033892059327, 0.5793312941741944, 0.5558940381622315, 0.5397187630653382, 0.5267157596302032, 0.518515263223648, 0.5040544041824341, 0.48938814224243166, 0.4702404687309265, 0.4620630895423889, 0.4556507865142822, 0.4388266214942932, 0.43831845561027527, 0.42936348223686216, 0.4175806540489197, 0.41079667219161986, 0.3996354100227356, 0.39392516090393065, 0.38590337990760804, 0.3079016518497467, 0.28122419465065, 0.27103780935287475, 0.25956148740291596, 0.2566210437297821, 0.2534753637123108, 0.24223606231689454, 0.24073176424980164, 0.23717879766464234, 0.23878461186408997, 0.2345526835155487, 0.23870415813446044, 0.23488211518287658, 0.23461111318588257, 0.23477276482582093, 0.23386726240158082, 0.23867995212554932, 0.23322873999595642, 0.23257267840385437, 0.23530653222560882, 0.2331977265071869, 0.2385871584844589, 0.23776722878456116, 0.23385839198112487, 0.2397883891582489, 0.2359487862968445, 0.23573901799201966, 0.23472154326438904, 0.23827095130443574, 0.23625917713165284, 0.23681309965133668, 0.2397335891342163, 0.23709552867889405, 0.23753264877319336, 0.2380084319496155, 0.23583822714805602, 0.23135920019626618, 0.23576651013374328, 0.23393289043426513, 0.23731574939727784, 0.23620113978385926, 0.23198437180042267, 0.23235875500679015, 0.23480190457344055, 0.23599470795154573, 0.23596139584064485, 0.23464601724624634, 0.2367285629081726, 0.2389796587562561, 0.23708004548072814, 0.23447157757759093, 0.2400443787240982, 0.23546611389636993, 0.23383094800949097, 0.23374871706008912, 0.234413175573349, 0.23666365880489348, 0.23330893177986145, 0.2365915756702423, 0.23503009813308715, 0.23699057443618773, 0.2361286865901947, 0.23925908988952638, 0.23622614047527313, 0.23802389474868774, 0.2365697544193268, 0.2388384695529938, 0.23516444375038148, 0.23513536906242372, 0.23386603220939636, 0.23526750635623933, 0.23309237329006194, 0.23599885072231291, 0.23699840708732606, 0.23514627136230468, 0.23628021580696107, 0.23891514261245728, 0.23267655557632447, 0.2379295995235443, 0.23377416296958922, 0.23552578788757325, 0.2356516845035553, 0.23222593188762664, 0.23668283978462218, 0.2352829210948944, 0.23535651372909547, 0.23558424960136415, 0.23161392619132995, 0.23587195112228393, 0.23457991134166717, 0.23010062027454375, 0.23493798122406007, 0.23407712791442872, 0.23589549265861512, 0.23139950711250304, 0.23365825737953186, 0.23239275065422058, 0.23243441801071166, 0.23539272034168243, 0.23579193370819093, 0.23404489500045778, 0.23789842402458192, 0.23290851157188416, 0.2363539678478241, 0.234751241312027, 0.23799323841094971, 0.23760374249458313, 0.2364251331138611, 0.23606881104946137, 0.23413030285835265, 0.23359527022361756, 0.2387319475412369, 0.2381559635734558, 0.2361222445678711, 0.23658554540634155, 0.23896314428329468, 0.23477169964790345, 0.23400413765907288, 0.23829650979042052, 0.236559340634346, 0.23719209259033203, 0.2381386948490143, 0.23618325475215912, 0.23683940027236938], "test_acc_v": [42.49, 49.66, 54.63, 61.73, 64.66, 67.47, 67.97, 70.04, 69.14, 74.65, 74.97, 74.55, 75.64, 75.73, 77.09, 76.69, 77.52, 78.74, 76.85, 78.91, 79.65, 80.22, 78.76, 79.25, 79.6, 80.54, 79.62, 79.74, 80.08, 81.07, 81.03, 82.18, 81.01, 81.21, 81.52, 81.09, 83.54, 83.84, 84.23, 84.19, 83.99, 84.19, 84.26, 84.27, 84.31, 84.37, 84.32, 84.37, 84.29, 84.02, 84.36, 84.18, 84.24, 84.27, 84.43, 84.25, 84.26, 84.3, 84.29, 84.14, 84.35, 84.38, 84.07, 84.37, 84.21, 84.28, 84.24, 84.41, 84.45, 84.28, 84.27, 84.29, 84.33, 84.27, 84.23, 84.3, 84.1, 84.31, 84.28, 84.11, 84.17, 84.4, 84.22, 84.34, 84.2, 84.23, 84.27, 84.27, 84.11, 84.35, 84.28, 84.37, 84.18, 84.26, 84.4, 84.18, 84.23, 84.24, 84.35, 84.42, 84.2, 84.25, 84.36, 84.32, 84.44, 84.25, 84.22, 84.4, 84.35, 84.1, 84.32, 84.47, 84.36, 84.24, 84.25, 84.18, 84.21, 84.46, 84.29, 84.35, 84.32, 84.39, 84.33, 84.43, 84.44, 84.51, 84.2, 84.39, 84.29, 84.37, 84.41, 84.34, 84.39, 84.12, 84.31, 84.38, 84.52, 84.32, 84.38, 84.4, 84.22, 84.12, 84.39, 84.21, 84.3, 84.33, 84.42, 84.4, 84.28, 84.22, 84.26, 84.33, 84.39, 84.29, 84.4, 84.18, 84.33, 84.38, 84.27, 84.4],