{"avg": [0.8337999999999999, 0.8324400000000001, 0.82996, 0.8239000000000001, 0.8258000000000001, 0.8150600000000001, 0.8099399999999999, 0.80962, 0.8103400000000001, 0.8080400000000001, 0.79776], "std": [1.1102230246251565e-16, 0.0005607138307550531, 0.0017624982269494598, 0.004200952272997142, 0.0035765905552634695, 0.004437386618269821, 0.012206162378077725, 0.009260539941061756, 0.00431953701222709, 0.004258920050904934, 0.010962955805803495], "loss_avg": [38.39697763323784, 38.95648422241211, 39.63111538887024, 40.83407717347145, 40.21721931695938, 43.17365808486939, 44.76644477248192, 44.784879052639006, 44.48563541769981, 44.91776740550995, 47.656237280368806], "loss_std": [0.0, 0.1735227542596755, 0.5099638115430709, 1.0910796732826311, 0.8792719972570509, 1.2840634162144735, 2.928239236453008, 2.0142740296262565, 0.8835288143863169, 0.9420571743643251, 2.587590227972361]}