{"avg": [0.8552, 0.8287000000000001, 0.79124, 0.7477199999999999, 0.7108000000000001, 0.6627799999999999, 0.58232, 0.5355399999999999, 0.5099, 0.41547999999999996, 0.36344000000000004], "std": [0.0, 0.003054832237619617, 0.02359911862760982, 0.033540089445319, 0.012231925441237771, 0.03938697246552469, 0.03229404898739087, 0.05686983734810572, 0.08987807296554592, 0.045562282646943855, 0.025201158703519962], "loss_avg": [2], "loss_std": [3]}