{"avg": [0.8482, 0.81936, 0.79428, 0.75866, 0.6405000000000001, 0.63026, 0.5343600000000001, 0.51398, 0.44104, 0.42069999999999996, 0.43634000000000006], "std": [0.0, 0.015155936130770667, 0.010341837360933507, 0.01602755127896962, 0.025502078346675977, 0.0203253142657131, 0.0385745304572849, 0.04906552353740862, 0.05764951344113844, 0.06489212587055536, 0.08063712792504456]}