{"avg": [0.8474, 0.8172600000000001, 0.7843, 0.74622, 0.6756800000000001, 0.61008, 0.57108, 0.51362, 0.5063, 0.42797999999999997, 0.37242000000000003], "std": [0.0, 0.007956531907810094, 0.016510239247206564, 0.012807872579003904, 0.02613529414412626, 0.07699377637186011, 0.05536581616846263, 0.093563975973662, 0.07742919346086459, 0.07154750589643219, 0.023817506166683367], "loss_avg": [2], "loss_std": [3]}