{"avg": [0.8482, 0.82696, 0.7787000000000001, 0.7458, 0.68226, 0.6220000000000001, 0.59022, 0.55984, 0.48794000000000004, 0.42502000000000006, 0.38828], "std": [0.0, 0.005954695626142437, 0.017577371817197235, 0.019370906019079256, 0.055421569808153215, 0.03659633861467565, 0.03027146511155352, 0.06084503595199859, 0.04050612793146241, 0.054335417546937104, 0.051094320623724904], "loss_avg": [2], "loss_std": [3]}