{"avg": [0.7945, 0.75386, 0.6979, 0.68658, 0.5937199999999999, 0.5358799999999999, 0.44331999999999994, 0.35972, 0.32766, 0.33796, 0.25646], "std": [0.0, 0.008542271360709636, 0.02543745270265872, 0.008011092310041153, 0.01960259166538956, 0.07122054198052694, 0.045085625203605637, 0.08855914182059355, 0.08447258963711246, 0.07973570342073868, 0.050217909155997324], "loss_avg": [2], "loss_std": [3]}