{"avg": [0.8482, 0.8462400000000001, 0.8412600000000001, 0.83988, 0.83826, 0.83484, 0.83088, 0.82746, 0.82386, 0.8239599999999999, 0.81644], "std": [0.0, 0.001690680336432662, 0.003624693090456074, 0.0026430285658690694, 0.002344866733953125, 0.001914784583184232, 0.004487493732586161, 0.00516472651744505, 0.0049906312226009825, 0.008626146300637384, 0.014300013986007158]}