{"train_acc_v": [24.61, 39.188, 46.35, 53.372, 59.42, 62.784, 66.32, 68.056, 70.044, 71.508, 72.392, 73.392, 74.444, 75.134, 75.704, 76.066, 76.494, 76.768, 77.56, 77.736, 77.976, 83.002, 84.912, 85.666, 85.884, 86.684, 86.866, 87.178, 87.416, 87.882, 88.032, 88.906, 89.3, 89.47, 89.296, 89.454, 89.586, 89.836, 89.754, 89.842, 89.736, 89.774, 89.798, 89.762, 89.722, 89.946, 89.708, 89.882, 89.71, 90.0, 89.916, 89.8, 89.858, 89.938, 89.844, 89.866, 89.774, 89.874, 89.76, 89.766, 89.76, 89.76, 89.752, 89.814, 89.856, 89.898, 89.744, 89.834, 89.756, 89.684, 90.0, 89.874, 89.656, 89.886, 89.858, 89.638, 89.794, 89.93, 89.712, 89.746, 89.806, 89.872, 89.89, 89.768, 89.758, 89.722, 89.92, 89.67, 89.726, 90.034, 89.784, 89.766, 89.77, 89.844, 89.758, 90.01, 89.796, 89.734, 89.712, 89.908, 89.772, 89.714, 89.746, 89.736, 89.786, 89.772, 89.932, 89.818, 89.74, 89.886, 89.784, 89.782, 89.866, 89.804, 89.774, 89.926, 89.774, 89.82, 89.962, 89.97, 89.726, 89.786, 89.798, 89.788, 89.846, 89.698, 89.948, 89.882, 89.874, 90.132, 89.81, 89.788, 89.66, 89.852, 89.802, 89.724, 89.812, 89.694, 89.868, 89.606, 89.976, 89.682, 89.836, 89.806, 89.8, 89.752, 89.816, 89.764, 89.882, 89.826, 89.852, 89.842, 89.64, 89.886, 89.98, 89.876, 89.8, 89.756, 89.84, 90.046], "train_loss_v": [2.3835261764526368, 1.6578547016143799, 1.475744439353943, 1.2860105966949462, 1.1396437561798096, 1.0465863718986512, 0.9551640063095093, 0.9051330892181396, 0.8585038920783996, 0.8123143472099305, 0.7892240754318237, 0.7623209127616882, 0.7372997648620605, 0.7167893812370301, 0.6991339383506775, 0.6930412083053589, 0.6755669698905945, 0.669817717590332, 0.6486435120391846, 0.641287366027832, 0.6360215786743164, 0.4919291810321808, 0.4364259487724304, 0.4129557653236389, 0.4025943441390991, 0.3887563560295105, 0.379650161819458, 0.3694249067974091, 0.36450108911514284, 0.3516191475105286, 0.34733898105621336, 0.3177230364274979, 0.31113774943351746, 0.30746576927661895, 0.3059752561378479, 0.3028870558738708, 0.3035522413301468, 0.2978048445510864, 0.29743149883270265, 0.2925797557926178, 0.29745846189498903, 0.2949326030158997, 0.2953964307022095, 0.29646473450660704, 0.29633276052474977, 0.29387862280845645, 0.29410602516174317, 0.29281037123680115, 0.2942829050445557, 0.29363027215957643, 0.2930145033836365, 0.29500310987472533, 0.29243516142845155, 0.29215207253456116, 0.2945280744075775, 0.2933836075782776, 0.2939111555671692, 0.2952020639896393, 0.29475947019577026, 0.2946713006401062, 0.2955357459449768, 0.2950526098060608, 0.2945093368530273, 0.2973109518623352, 0.29239411650657654, 0.2937686673736572, 0.294972779045105, 0.2938466024875641, 0.29366603532791136, 0.29410527831077576, 0.29054834060668944, 0.2944042931938171, 0.2958522808647156, 0.295882236366272, 0.2930399785232544, 0.2961630268764496, 0.2965094578361511, 0.29507906911849974, 0.2977048546695709, 0.29537604190826416, 0.29634914279937746, 0.2923017874717712, 0.29114654064655304, 0.2950982740211487, 0.29508836462020877, 0.29489254616737365, 0.2941889083003998, 0.2965107301235199, 0.29449545669555666, 0.2894313043022156, 0.2928839046001434, 0.29446905935287476, 0.2953088146877289, 0.29424152450561525, 0.29471150423049924, 0.2895233207988739, 0.2938472973823547, 0.2925216303443909, 0.2953610615444183, 0.2943371737480164, 0.2956788504219055, 0.296142561006546, 0.29561471759796143, 0.29663700224876405, 0.2931213139247894, 0.2934446407365799, 0.29090265130996706, 0.2945620720291138, 0.29509888257026673, 0.29420244121551514, 0.2954734084701538, 0.29525165191650393, 0.29253682497024536, 0.2958200591754913, 0.2935671843624115, 0.2945415461397171, 0.29550769700050356, 0.29257266520500186, 0.2920264502239227, 0.2923202843666077, 0.2951802086639404, 0.2973366599178314, 0.2935587496852875, 0.29492524188518526, 0.29343596819877626, 0.2938365649604797, 0.29176347871780395, 0.29510863924980163, 0.2932993121910095, 0.29050077427864074, 0.2929095697784424, 0.2930510139417648, 0.2990590248394012, 0.29694800176620484, 0.2956211401939392, 0.2952855648803711, 0.29358396535873416, 0.29504775999069216, 0.2950044929456711, 0.2998530008220673, 0.2925683020782471, 0.29429189148902896, 0.294164237537384, 0.29371276100158694, 0.29406658309936523, 0.29675284821510317, 0.2936851628732681, 0.2922296562576294, 0.2925487535095215, 0.29424228152275084, 0.2927762838363647, 0.29339232818603517, 0.2953754945373535, 0.29364817302703855, 0.29257259803771973, 0.2946471511268616, 0.2951981281852722, 0.2939016054677963, 0.2950067104434967, 0.2916360702133179], "test_acc_v": [34.55, 44.25, 51.67, 58.64, 54.11, 66.24, 62.61, 62.79, 68.97, 69.87, 68.26, 73.21, 72.43, 74.15, 73.34, 72.17, 76.26, 74.74, 71.22, 74.83, 76.4, 82.34, 82.48, 83.16, 83.14, 83.55, 83.57, 83.66, 83.9, 83.94, 83.79, 84.56, 84.7, 84.7, 84.82, 84.66, 84.77, 84.96, 84.78, 84.93, 84.86, 84.91, 84.88, 84.92, 84.72, 84.93, 84.94, 84.74, 84.82, 84.79, 84.95, 84.84, 84.94, 84.91, 84.94, 84.87, 84.96, 84.95, 84.66, 84.8, 84.77, 84.87, 84.88, 84.87, 84.78, 84.88, 84.93, 84.82, 84.91, 84.84, 84.86, 84.92, 84.88, 84.79, 84.93, 84.81, 84.91, 84.97, 84.64, 84.74, 84.9, 84.96, 84.78, 84.96, 84.89, 84.81, 84.92, 84.76, 84.87, 84.82, 84.9, 84.82, 84.93, 84.78, 84.9, 84.83, 85.0, 84.87, 84.72, 84.79, 84.99, 84.94, 84.85, 84.82, 84.88, 84.88, 84.93, 84.67, 84.95, 84.68, 84.87, 84.91, 84.78, 84.92, 84.83, 84.93, 84.76, 84.85, 84.98, 84.56, 84.88, 84.98, 84.76, 84.75, 84.76, 84.94, 84.97, 84.89, 84.96, 84.83, 84.93, 84.8, 84.8, 84.93, 84.74, 84.87, 84.78, 84.83, 84.86, 84.85, 84.94, 84.75, 84.79, 84.82, 84.87, 84.83, 84.73, 84.86, 84.76, 84.93, 84.88, 84.88, 84.89, 85.03, 84.89, 84.96, 84.74, 84.81, 84.85, 84.82],