{"avg": [0.7941, 0.7588800000000001, 0.7029400000000001, 0.68132, 0.5843200000000001, 0.5290000000000001, 0.47485999999999995, 0.40488, 0.37154, 0.31606, 0.28141999999999995], "std": [0.0, 0.0044866022778936145, 0.020928124617366005, 0.014585252826056867, 0.05923841321304954, 0.0500635196525374, 0.05399835553051592, 0.03110635947840891, 0.07001821477301459, 0.04993702434066331, 0.04317709578005449], "loss_avg": [2], "loss_std": [3]}