{"avg": [0.8482, 0.8456300000000001, 0.84297, 0.83879, 0.83798, 0.8339599999999999, 0.8305300000000001, 0.82942, 0.8279299999999999, 0.8269200000000001, 0.82132], "std": [0.0, 0.0014085808461000672, 0.002504016773106767, 0.0028367058360006334, 0.0021976350925483495, 0.005191570090059441, 0.00591084596314267, 0.0036060504710832796, 0.005685252852776216, 0.007924367482644901, 0.014546325996621961], "min": [0.8482, 0.8435, 0.837, 0.8328, 0.8352, 0.8201, 0.8209, 0.8227, 0.8194, 0.8073, 0.7919], "max": [0.8482, 0.8477, 0.8461, 0.8425, 0.8435, 0.8386, 0.8389, 0.8351, 0.8357, 0.837, 0.8366], "all_values": [[0.8482, 0.8482, 0.8482, 0.8482, 0.8482, 0.8482, 0.8482, 0.8482, 0.8482, 0.8482], [0.8435, 0.8444, 0.8437, 0.8462, 0.8452, 0.8473, 0.8472, 0.8456, 0.8455, 0.8477], [0.8461, 0.8454, 0.843, 0.844, 0.8451, 0.8412, 0.8424, 0.8417, 0.8438, 0.837], [0.8372, 0.8412, 0.8328, 0.8425, 0.836, 0.8398, 0.8414, 0.8403, 0.8398, 0.8369], [0.8369, 0.8376, 0.8389, 0.8357, 0.8381, 0.8367, 0.839, 0.8382, 0.8435, 0.8352], [0.8321, 0.8314, 0.8349, 0.8341, 0.8353, 0.8382, 0.8386, 0.8201, 0.8381, 0.8368], [0.8349, 0.8389, 0.8376, 0.8361, 0.8293, 0.8261, 0.8313, 0.8268, 0.8209, 0.8234], [0.8292, 0.8291, 0.8351, 0.8327, 0.8293, 0.8299, 0.8339, 0.8227, 0.8261, 0.8262], [0.8357, 0.8307, 0.8194, 0.8289, 0.8219, 0.8209, 0.8357, 0.8268, 0.8259, 0.8334], [0.8351, 0.837, 0.8073, 0.8295, 0.8239, 0.8306, 0.8312, 0.8279, 0.8238, 0.8229], [0.7965, 0.8244, 0.8158, 0.8269, 0.7919, 0.8319, 0.8282, 0.8315, 0.8295, 0.8366]], "loss_all_values": [[36.37961646914482, 36.37961646914482, 36.37961646914482, 36.37961646914482, 36.37961646914482, 36.37961646914482, 36.37961646914482, 36.37961646914482, 36.37961646914482, 36.37961646914482], [36.9923807233572, 37.38618677854538, 37.078105464577675, 37.1551528275013, 36.66159701347351, 36.41612412035465, 36.58735153079033, 36.633409678936005, 37.14077526330948, 36.77998277544975], [36.765857100486755, 37.117455154657364, 37.434967905282974, 37.56651221215725, 36.80985999107361, 37.869199365377426, 37.458506777882576, 37.90919476747513, 37.45401634275913, 38.81698676943779], [37.95672971010208, 38.433263033628464, 40.23406586050987, 37.03162661194801, 39.46191194653511, 36.99393577873707, 37.79393455386162, 38.18322566151619, 38.017246782779694, 39.20890575647354], [39.02304250001907, 38.34878131747246, 38.27173611521721, 39.325477570295334, 39.319301038980484, 38.710520416498184, 39.24417722225189, 38.56368562579155, 37.07678160071373, 38.44218710064888], [39.24158988893032, 41.2248794734478, 39.42187562584877, 39.26483553647995, 39.566486954689026, 38.68838679790497, 37.8673951625824, 43.94774040579796, 38.55713891983032, 39.755549877882004], [40.1760647892952, 38.49884045124054, 39.074469953775406, 39.166491121053696, 40.68223062157631, 40.70332756638527, 39.689666002988815, 41.03996667265892, 41.307472199201584, 42.14930713176727], [40.20882159471512, 41.60952877998352, 38.549589455127716, 39.69571051001549, 39.870299339294434, 39.31771394610405, 39.52678972482681, 42.31412300467491, 41.50670850276947, 42.13143864274025], [38.29644596576691, 39.366270929574966, 42.85410091280937, 40.08560699224472, 42.15844067931175, 42.81413006782532, 38.950090527534485, 41.71459808945656, 41.48365184664726, 39.43966892361641], [39.238607466220856, 37.83158829808235, 46.53008458018303, 39.920428574085236, 41.313999712467194, 39.88921070098877, 39.758355766534805, 40.866682797670364, 42.6159003674984, 42.39094194769859], [47.7531456053257, 41.295237362384796, 43.551712572574615, 41.226494908332825, 50.3095323741436, 39.569508373737335, 40.525172889232635, 40.202179461717606, 40.5487254858017, 39.1806126087904]]}