{"train_acc_v": [26.834, 39.148, 45.748, 50.182, 52.974], "train_loss_v": [2.081530390701294, 1.6506324787521363, 1.502618635559082, 1.4076037490463258, 1.3449976330947877], "test_acc_v": [35.58, 41.01, 52.19, 46.33, 59.28], "test_loss_v": [1.6559625637054443, 1.7563215824127196, 1.3847225469589233, 1.563722972869873, 1.1608369918823243], "current_lr_v": [0.1, 0.1, 0.1, 0.1, 0.1], "parameters": "{'current_function': 'progressive_train_4', 'batch_size': 1024, 'n_workers': 2, 'optimizer': {'class': <class 'torch.optim.sgd.SGD'>, 'dict': {'lr': 0.1, 'momentum': 0.9, 'dampening': 0, 'weight_decay': 0.0005, 'nesterov': False}}, 'scheduler': {'class': <class 'torch.optim.lr_scheduler.ReduceLROnPlateau'>, 'dict': {'factor': 0.1, 'optimizer': SGD (\nParameter Group 0\n    dampening: 0\n    lr: 0.1\n    momentum: 0.9\n    nesterov: False\n    weight_decay: 0.0005\n), 'min_lrs': [0], 'patience': 3, 'verbose': False, 'cooldown': 0, 'cooldown_counter': 0, 'mode': 'min', 'threshold': 0.001, 'threshold_mode': 'rel', 'best': 1.1608369918823243, 'num_bad_epochs': 0, 'mode_worse': inf, 'eps': 1e-08, 'last_epoch': 5, '_last_lr': [0.1]}}}", "tot_time": 490.265625}