{"train_acc_v": [29.016, 41.732, 48.726, 52.47, 54.692, 56.114, 56.708, 57.384, 58.106, 58.566, 58.744, 59.504, 70.826, 73.66, 75.408, 76.244, 76.194, 76.908, 77.426, 77.638, 77.602, 78.162, 78.57, 78.71, 78.624, 79.092, 79.206, 79.394, 79.578, 79.782, 80.022, 80.25, 84.578, 86.226, 86.788, 87.19, 87.796, 87.922, 88.214, 88.588, 88.626, 89.022, 89.14, 89.348, 90.2, 90.322, 90.52, 90.688, 90.56, 90.682, 90.992, 90.85, 90.986, 90.884, 91.112, 90.92, 91.082, 91.244, 91.246, 91.182, 91.338, 91.392, 91.222, 91.204, 91.106, 91.202, 91.328, 91.296, 91.102, 91.196, 91.222, 91.214, 91.11, 91.186, 90.99, 91.194, 91.266, 90.938, 91.1, 91.194, 91.116, 91.326, 91.068, 91.1, 91.076, 91.308, 91.214, 91.092, 91.094, 91.272, 91.24, 91.258, 91.184, 91.084, 91.32, 91.19, 91.248, 91.294, 91.108, 91.404, 91.21, 91.236, 91.208, 91.08, 91.096, 91.134, 91.238, 91.212, 91.116, 91.262, 91.362, 91.138, 91.184, 91.25, 91.148, 91.32, 91.146, 91.346, 91.146, 91.166, 91.082, 91.31, 91.154, 91.196, 91.294, 91.096, 91.114, 91.324, 91.128, 91.27, 91.274, 91.13, 91.162, 91.374, 91.244, 91.306, 91.23, 91.162, 91.044, 91.168, 91.234, 91.24, 91.124, 91.158, 91.092, 91.248, 91.162, 91.062, 91.144, 91.094, 91.132, 91.234, 91.128, 91.152, 91.124, 91.144, 91.176, 91.132, 91.19, 91.072], "train_loss_v": [2.033420916938782, 1.5976659339141845, 1.4367131447601318, 1.3593108290481568, 1.3040375175094605, 1.2722652081680297, 1.2556382217788695, 1.2366685279083252, 1.2225224054336548, 1.2092094326400757, 1.2025465493392944, 1.1901828692245484, 0.8492054599952698, 0.7574573557853699, 0.7208946065807342, 0.6970092944335937, 0.6836420031166076, 0.6728143032073974, 0.6581641460990906, 0.6509370654678345, 0.6484571064376831, 0.6392055510807038, 0.6261195016956329, 0.6201443762397766, 0.619599738817215, 0.6125647709465026, 0.6077149667263031, 0.6046814269924163, 0.591288085823059, 0.5914902760887146, 0.5821083370399475, 0.5778811025619507, 0.4485799259376526, 0.40475675498723984, 0.3827710771083832, 0.37232591717243196, 0.359557573223114, 0.35196356808185575, 0.3450955669331551, 0.3358313310670853, 0.3289165730714798, 0.32016471477508546, 0.3168063659286499, 0.306699805226326, 0.28486952352762224, 0.28194555522203446, 0.2762337139713764, 0.2739181570029259, 0.27465305003404616, 0.2781274724209309, 0.2656607878041267, 0.26897503291368485, 0.26518204457163813, 0.2670974638819695, 0.26358193925261497, 0.2628021202814579, 0.25991510216712954, 0.2566711065673828, 0.25755647112846375, 0.2585766869008541, 0.256573337341547, 0.2530671833729744, 0.2569593624866009, 0.258274405939579, 0.2575582968735695, 0.2566682030248642, 0.25498870005369184, 0.2534736678862572, 0.25899509482502936, 0.25521580070853234, 0.257054964812994, 0.25612726288795473, 0.2591405663311481, 0.25541390587568286, 0.2594999031186104, 0.2578624301052094, 0.2569169554567337, 0.2627406823348999, 0.25661940880298617, 0.25591529515743255, 0.2567385188508034, 0.25400534138679504, 0.25889258293151857, 0.2569060427367687, 0.2587651647770405, 0.2530991417706013, 0.256893252491951, 0.25634181258916855, 0.2582854779362678, 0.25525551045656203, 0.2548019335865974, 0.2562782811498642, 0.25716955940127373, 0.26002293319821357, 0.25617619372487066, 0.25955872952222825, 0.25356314106702804, 0.2581907646226883, 0.25650250054121015, 0.2536017407679558, 0.2581584720349312, 0.2560931229817867, 0.25564296058535574, 0.2590388245284557, 0.25887130340099335, 0.25539755279779436, 0.25343297986269, 0.25501847935676575, 0.2596821632885933, 0.25824978589177133, 0.2541634377217293, 0.26193518900871277, 0.2558469841146469, 0.2550970839381218, 0.25571368033885955, 0.255919496781826, 0.25749431154489516, 0.2546828831005096, 0.2565382740807533, 0.25826235742092135, 0.2601502236485481, 0.25539360332608224, 0.2596180633616447, 0.2560742954027653, 0.25536591273903847, 0.26084231772184374, 0.2553413099133968, 0.25333327677726747, 0.2563424294960499, 0.25507218665480613, 0.25408003338456153, 0.25929039984464647, 0.2576418327331543, 0.25522204113483427, 0.2558640631866455, 0.2562617557489872, 0.25783488257408144, 0.2553740442085266, 0.25944858761548995, 0.2583699679684639, 0.25678950494647024, 0.2574983107829094, 0.25725764230012893, 0.2571005246090889, 0.25783171003103256, 0.25430235290050507, 0.25646459597468374, 0.25908221107959745, 0.2571117801040411, 0.2585908903002739, 0.25854020988583565, 0.2554118807554245, 0.2588065272140503, 0.25875730065464975, 0.25574652148723603, 0.25763125333666803, 0.25544118798971177, 0.25769984627485276, 0.2580421145319939, 0.25709764124155043], "test_acc_v": [38.32, 41.13, 49.53, 52.04, 53.35, 54.09, 59.84, 61.29, 57.82, 59.88, 62.25, 59.19, 75.44, 77.13, 76.43, 77.08, 76.51, 77.64, 77.05, 78.26, 78.7, 78.29, 79.21, 78.91, 78.17, 79.97, 75.95, 80.03, 79.89, 79.52, 80.18, 78.0, 84.31, 84.65, 84.93, 85.22, 84.96, 85.36, 85.41, 85.67, 85.33, 85.98, 85.66, 85.85, 86.1, 86.06, 86.23, 86.24, 85.94, 86.16, 86.2, 86.2, 86.36, 86.14, 86.2, 86.3, 86.26, 86.39, 86.46, 86.55, 86.26, 86.45, 86.16, 86.37, 86.37, 86.37, 86.36, 86.39, 86.44, 86.45, 86.37, 86.26, 86.32, 86.4, 86.31, 86.33, 86.26, 86.31, 86.21, 86.41, 86.43, 86.2, 86.37, 86.4, 86.28, 86.21, 86.38, 86.25, 86.38, 86.21, 86.39, 86.38, 86.27, 86.27, 86.45, 86.37, 86.3, 86.36, 86.4, 86.39, 86.46, 86.34, 86.2, 86.45, 86.36, 86.31, 86.3, 86.16, 86.36, 86.45, 86.5, 86.33, 86.41, 86.29, 86.46, 86.32, 86.33, 86.41, 86.31, 86.53, 86.37, 86.33, 86.44, 86.36, 86.25, 86.37, 86.35, 86.32, 86.42, 86.5, 86.3, 86.46, 86.15, 86.51, 86.29, 86.45, 86.24, 86.28, 86.41, 86.32, 86.44, 86.42, 86.46, 86.37, 86.37, 86.34, 86.51, 86.28, 86.34, 86.25, 86.43, 86.54, 86.3, 86.22, 86.42, 86.42, 86.28, 86.41, 86.31, 86.43],