{"train_acc_v": [26.874, 40.364, 46.346, 50.486, 52.804], "train_loss_v": [2.0653801999664307, 1.6315745343399048, 1.487591869659424, 1.4061021913528442, 1.3450922407913208], "test_acc_v": [40.16, 45.49, 52.61, 53.39, 56.28], "test_loss_v": [1.6360612482070922, 1.5172759008407593, 1.3519433435440062, 1.3342926809310913, 1.2738500549316407], "current_lr_v": [0.1, 0.1, 0.1, 0.1, 0.1], "parameters": "{'current_function': 'progressive_train_4', 'batch_size': 1024, 'n_workers': 6, 'optimizer': {'class': <class 'torch.optim.sgd.SGD'>, 'dict': {'lr': 0.1, 'momentum': 0.9, 'dampening': 0, 'weight_decay': 0.0005, 'nesterov': False}}, 'scheduler': {'class': <class 'torch.optim.lr_scheduler.ReduceLROnPlateau'>, 'dict': {'factor': 0.1, 'optimizer': SGD (\nParameter Group 0\n    dampening: 0\n    lr: 0.1\n    momentum: 0.9\n    nesterov: False\n    weight_decay: 0.0005\n), 'min_lrs': [0], 'patience': 3, 'verbose': False, 'cooldown': 0, 'cooldown_counter': 0, 'mode': 'min', 'threshold': 0.001, 'threshold_mode': 'rel', 'best': 1.2738500549316407, 'num_bad_epochs': 0, 'mode_worse': inf, 'eps': 1e-08, 'last_epoch': 5, '_last_lr': [0.1]}}}", "tot_time": 261.379796204}