{"avg": [0.8642999999999998, 0.8384199999999999, 0.77934, 0.72136, 0.69608, 0.63434, 0.54694, 0.5234, 0.39615999999999996, 0.33714, 0.35856], "std": [1.1102230246251565e-16, 0.003156833856888883, 0.02342388524562055, 0.03350209545685165, 0.024031179746321223, 0.03595211259439425, 0.036554266508849555, 0.038010419624097805, 0.05464227667292056, 0.05683560855660824, 0.04097792576497742], "loss_avg": [2], "loss_std": [3]}