{"avg": [0.8440999999999999, 0.8252200000000001, 0.79, 0.73652, 0.72, 0.65434, 0.58572, 0.56196, 0.46259999999999996, 0.4683999999999999, 0.40012], "std": [1.1102230246251565e-16, 0.008029296357714051, 0.019174253570869444, 0.021659122789254436, 0.020432033672642586, 0.051919499227168965, 0.05237481837677341, 0.029850601333976514, 0.03883003991756898, 0.13086588554699807, 0.04286412952574681], "loss_avg": [2], "loss_std": [3]}