{"avg": [0.8440999999999999, 0.8422499999999999, 0.8407500000000001, 0.8382399999999999, 0.8344199999999999, 0.8301999999999999, 0.8291700000000001, 0.82294, 0.82735, 0.81921, 0.8232200000000001], "std": [1.1102230246251565e-16, 0.0017693219040073043, 0.0018467539088898614, 0.0027096863287103734, 0.005806858014451513, 0.004331974145813893, 0.005619973309545166, 0.01351319355296888, 0.005984187497062575, 0.0054459985310317555, 0.007614433662459733], "min": [0.8441, 0.8388, 0.8374, 0.8346, 0.8202, 0.8232, 0.818, 0.7925, 0.8116, 0.8093, 0.804], "max": [0.8441, 0.8451, 0.8441, 0.8422, 0.8395, 0.8356, 0.8374, 0.8369, 0.8333, 0.8304, 0.8332], "all_values": [[0.8441, 0.8441, 0.8441, 0.8441, 0.8441, 0.8441, 0.8441, 0.8441, 0.8441, 0.8441], [0.8436, 0.8388, 0.8427, 0.8421, 0.8411, 0.8438, 0.8451, 0.8418, 0.8402, 0.8433], [0.8392, 0.8374, 0.8398, 0.8391, 0.8422, 0.8407, 0.8441, 0.8423, 0.8418, 0.8409], [0.8358, 0.8402, 0.8391, 0.8372, 0.8422, 0.8346, 0.8418, 0.8405, 0.8357, 0.8353], [0.8274, 0.8361, 0.8389, 0.8358, 0.8202, 0.8366, 0.8392, 0.8335, 0.837, 0.8395], [0.8356, 0.8349, 0.8232, 0.8333, 0.8265, 0.8328, 0.8305, 0.834, 0.8251, 0.8261], [0.8271, 0.8374, 0.8242, 0.8331, 0.818, 0.8271, 0.8248, 0.8341, 0.8318, 0.8341], [0.8309, 0.8283, 0.7925, 0.8369, 0.8361, 0.8158, 0.8348, 0.809, 0.8174, 0.8277], [0.8329, 0.8116, 0.8243, 0.8294, 0.829, 0.8264, 0.8333, 0.8271, 0.8325, 0.827], [0.8304, 0.8188, 0.8206, 0.8232, 0.8135, 0.8214, 0.8093, 0.8192, 0.8205, 0.8152], [0.8215, 0.804, 0.8283, 0.8332, 0.821, 0.8298, 0.8196, 0.8277, 0.8231, 0.824]], "loss_all_values": [[38.49313494563103, 38.49313494563103, 38.49313494563103, 38.49313494563103, 38.49313494563103, 38.49313494563103, 38.49313494563103, 38.49313494563103, 38.49313494563103, 38.49313494563103], [38.89484064280987, 39.79646775126457, 39.344151228666306, 38.79792794585228, 39.09640942513943, 38.9139030277729, 38.602449133992195, 39.2759158462286, 40.06696820259094, 38.61804075539112], [40.069639921188354, 39.644635915756226, 39.81272420287132, 39.83333578705788, 38.500925824046135, 39.37318402528763, 38.61133398115635, 39.067762076854706, 39.47958666086197, 39.43711359798908], [40.25413781404495, 40.098104655742645, 39.36734493076801, 39.88887137174606, 39.02514196932316, 40.90155893564224, 39.405741304159164, 38.9479141831398, 41.147027015686035, 40.82555913925171], [42.446425050497055, 39.71657703816891, 39.21445190906525, 39.894232004880905, 45.79833269119263, 39.49014952778816, 39.53471112251282, 41.15033093094826, 39.814526334404945, 39.10119740664959], [38.994622111320496, 40.60415655374527, 43.070282340049744, 40.22269034385681, 42.65802404284477, 40.82726866006851, 41.8312403857708, 40.614479303359985, 41.931107461452484, 43.32198965549469], [41.91177490353584, 39.87800179421902, 43.351163163781166, 40.21886307001114, 43.75219264626503, 41.30738890171051, 42.610694855451584, 39.78054367005825, 41.86016711592674, 40.478820115327835], [40.55138683319092, 41.22950464487076, 51.206342339515686, 39.54577386379242, 39.727295383811, 45.317399084568024, 40.35328450798988, 46.721057772636414, 45.038914173841476, 41.75472837686539], [40.40756270289421, 45.651113003492355, 42.87241834402084, 41.88666719198227, 42.26980638504028, 42.89126121997833, 40.24775978922844, 41.49053794145584, 40.89997732639313, 41.36077082157135], [41.23347669839859, 44.10403797030449, 43.1818987429142, 42.816651076078415, 45.85137355327606, 42.86640863120556, 45.297331765294075, 43.53579929471016, 43.22370368242264, 44.975704312324524], [42.494988203048706, 48.24841286242008, 41.07334202528, 40.12430375814438, 43.881423622369766, 41.727265164256096, 44.205616146326065, 41.32826429605484, 43.77669158577919, 43.014652252197266]]}