{"train_acc_v": [26.494, 40.258, 43.52, 51.326, 55.714, 59.652, 62.922, 65.748, 68.002, 69.916, 70.966, 72.364, 73.722, 74.746, 75.86, 76.39, 77.43, 78.002, 78.66, 79.004, 79.71, 79.86, 80.536, 80.706, 80.918, 81.446, 81.528, 85.412, 86.816, 87.662, 88.09, 88.414, 88.83, 89.134, 89.316, 89.464, 89.696, 90.156, 90.188, 90.75, 91.112, 91.228, 91.25, 91.296, 91.354, 91.488, 91.548, 91.458, 91.546, 91.394, 91.346, 91.498, 91.514, 91.3, 91.704, 91.454, 91.592, 91.47, 91.428, 91.368, 91.53, 91.37, 91.536, 91.412, 91.386, 91.556, 91.486, 91.6, 91.502, 91.31, 91.588, 91.388, 91.562, 91.526, 91.322, 91.286, 91.514, 91.624, 91.31, 91.8, 91.478, 91.524, 91.39, 91.666, 91.438, 91.268, 91.532, 91.452, 91.448, 91.508, 91.598, 91.396, 91.536, 91.41, 91.566, 91.506, 91.464, 91.632, 91.388, 91.442, 91.544, 91.452, 91.568, 91.548, 91.6, 91.486, 91.382, 91.244, 91.378, 91.668, 91.448, 91.558, 91.378, 91.438, 91.554, 91.538, 91.392, 91.476, 91.41, 91.454, 91.438, 91.384, 91.508, 91.434, 91.622, 91.344, 91.594, 91.426, 91.432, 91.398, 91.5, 91.464, 91.604, 91.378, 91.528, 91.638, 91.524, 91.498, 91.362, 91.436, 91.502, 91.524, 91.556, 91.392, 91.488, 91.522, 91.424, 91.53, 91.416, 91.49, 91.422, 91.63, 91.426, 91.68, 91.496, 91.47, 91.408, 91.626, 91.528, 91.474], "train_loss_v": [2.3745135485458375, 1.7044471725082397, 1.608761710548401, 1.3624079292678832, 1.2516183366394042, 1.1330011668395996, 1.047265149230957, 0.9666213655281067, 0.9071720184135437, 0.8533750754928588, 0.8166455810165405, 0.7822744337844849, 0.7491849580955505, 0.721329698677063, 0.687563011302948, 0.6725945272064209, 0.6460552146530152, 0.6307491877937317, 0.6105096701812744, 0.599893704662323, 0.5884491768074036, 0.5759781649017334, 0.5615587034416198, 0.5523769976234436, 0.549223071346283, 0.5320959492492676, 0.53136325173378, 0.4193830153560638, 0.37208871086120604, 0.3515378413391113, 0.3386451940250397, 0.33055575554847716, 0.32080813381195067, 0.3106003915977478, 0.30621421109199526, 0.29864025575637815, 0.29122952947616576, 0.2828409337615967, 0.2778567531776428, 0.26118971709251404, 0.25363558104515077, 0.2497633982372284, 0.25137596033096316, 0.24769114105701445, 0.24586124179840088, 0.24373786957740784, 0.24295110351085664, 0.24351737676620483, 0.24224458818912506, 0.24659241574287413, 0.24342769640922546, 0.2431272312259674, 0.24103525181293486, 0.24380515811920167, 0.2398612364387512, 0.24311497572422028, 0.2404603033733368, 0.24257834974765777, 0.24254346660137177, 0.24387164204597472, 0.2416014045715332, 0.24293160711288453, 0.24025975964069365, 0.2443863581418991, 0.2441801310157776, 0.2442233119392395, 0.24230697567939757, 0.24394358834266663, 0.24155608667373657, 0.2443447212600708, 0.2421360796070099, 0.24367120595932007, 0.24115424837112426, 0.24430949100971222, 0.2442678930902481, 0.24665510974407195, 0.24206374677658082, 0.24165979140281676, 0.2461336672782898, 0.23742147369384767, 0.24273507563591004, 0.24267264150619508, 0.24273534207344055, 0.2395527827167511, 0.24359307462692262, 0.2472991563796997, 0.24314867971420287, 0.2425307663154602, 0.2435854255437851, 0.24096604820251466, 0.2407165733909607, 0.24486104328155517, 0.24046919476509093, 0.24265758179664612, 0.24121358765125275, 0.24248038134098052, 0.2458304440641403, 0.2393654298210144, 0.2424882005214691, 0.241191476688385, 0.24251259019374846, 0.24290031336784362, 0.24151307067394256, 0.24372199978351594, 0.24304934689998628, 0.24185512014389038, 0.24476634210586548, 0.24635054408073426, 0.24617703828334808, 0.23783773949623108, 0.24361348914146425, 0.2423276825094223, 0.24500656895160675, 0.24227963336467742, 0.24170778332710266, 0.24168969465732573, 0.2450043816280365, 0.24188117476940155, 0.243244614944458, 0.24081758284568786, 0.24279099301338194, 0.24196324675559996, 0.2421922498035431, 0.24116047993659973, 0.2415327141571045, 0.24631031743049622, 0.23869357357025148, 0.24318031804084778, 0.24268605167865753, 0.24427996233940125, 0.2439378062438965, 0.24092575770378113, 0.23847318925380706, 0.2432355998468399, 0.24359230892658235, 0.2400435252380371, 0.2427495202636719, 0.24296009510040284, 0.24171894274711608, 0.2437682942390442, 0.24090779052734376, 0.24115331025600434, 0.23965394196033477, 0.24445654441833495, 0.24266170417785646, 0.2421885768699646, 0.24300989461898803, 0.24295578132629395, 0.24302129643440246, 0.24030546736717223, 0.24343601072311402, 0.24012973450660705, 0.24475618579864503, 0.2398652738571167, 0.2446075541305542, 0.24346764048576355, 0.24215447231769563, 0.2403274592399597, 0.24047288481712342, 0.2418460043478012], "test_acc_v": [38.18, 28.41, 49.38, 50.98, 55.73, 60.89, 61.21, 65.85, 69.46, 69.17, 69.23, 70.99, 73.45, 75.03, 71.97, 74.54, 75.97, 73.18, 75.07, 72.13, 77.31, 76.3, 77.65, 76.71, 75.87, 77.59, 78.0, 83.12, 83.31, 83.38, 83.93, 83.44, 83.99, 83.64, 84.44, 83.99, 84.06, 83.91, 84.24, 84.51, 84.44, 84.46, 84.5, 84.46, 84.44, 84.37, 84.48, 84.43, 84.45, 84.43, 84.48, 84.43, 84.48, 84.48, 84.47, 84.43, 84.38, 84.4, 84.45, 84.47, 84.53, 84.44, 84.43, 84.38, 84.55, 84.46, 84.38, 84.42, 84.5, 84.44, 84.47, 84.45, 84.4, 84.48, 84.3, 84.41, 84.35, 84.35, 84.36, 84.45, 84.42, 84.37, 84.49, 84.47, 84.48, 84.44, 84.31, 84.44, 84.5, 84.4, 84.45, 84.52, 84.49, 84.42, 84.33, 84.45, 84.44, 84.41, 84.49, 84.38, 84.54, 84.42, 84.39, 84.43, 84.4, 84.3, 84.5, 84.47, 84.45, 84.44, 84.4, 84.44, 84.46, 84.54, 84.47, 84.46, 84.41, 84.5, 84.34, 84.38, 84.36, 84.36, 84.45, 84.54, 84.61, 84.44, 84.47, 84.45, 84.42, 84.37, 84.35, 84.47, 84.34, 84.45, 84.41, 84.47, 84.51, 84.41, 84.44, 84.42, 84.4, 84.51, 84.47, 84.35, 84.44, 84.44, 84.54, 84.48, 84.44, 84.42, 84.39, 84.45, 84.44, 84.38, 84.45, 84.49, 84.32, 84.52, 84.49, 84.41],