{"avg": [0.8451000000000001, 0.84322, 0.83998, 0.83872, 0.8363400000000001, 0.83606, 0.83002, 0.8266, 0.8277599999999999, 0.8200199999999999, 0.81836], "std": [1.1102230246251565e-16, 0.0032658230203120252, 0.0019281078807992069, 0.0016166632302369035, 0.0027745990701360666, 0.0012289833196589691, 0.006595574273708102, 0.007233533023357235, 0.005209452946327472, 0.008517135668756243, 0.008104221122353471]}