{"avg": [0.8445, 0.81296, 0.78676, 0.73936, 0.72282, 0.65284, 0.57076, 0.5538399999999999, 0.42905999999999994, 0.48228, 0.38418], "std": [0.0, 0.013664933223400667, 0.018054428819544527, 0.04249040362246516, 0.02366680375547148, 0.014798729675211987, 0.05873048952630993, 0.036669693208424864, 0.07618484363703847, 0.06288648185421093, 0.04716716654623212], "loss_avg": [2], "loss_std": [3]}