{"avg": [0.8451000000000001, 0.8253, 0.79192, 0.7609600000000001, 0.7103200000000001, 0.6476000000000001, 0.6021599999999999, 0.51664, 0.50828, 0.46704, 0.43588000000000005], "std": [1.1102230246251565e-16, 0.003253920712002671, 0.02145631841672748, 0.024121160834420903, 0.036313710909241965, 0.025281139214837618, 0.05954664054335893, 0.03397820477894616, 0.06591340986476121, 0.03717448587405077, 0.029265365195056074]}