{"avg": [0.857, 0.83266, 0.79918, 0.75268, 0.68094, 0.64132, 0.60658, 0.52616, 0.51252, 0.43872, 0.35856000000000005], "std": [0.0, 0.006578024019414937, 0.016663661062323615, 0.025519043869236147, 0.018496118511731056, 0.04092174971821219, 0.04572803953812148, 0.03568123316254639, 0.03826493956613548, 0.03016908351276188, 0.06688804377465378], "loss_avg": [2], "loss_std": [3]}