{"avg": [0.8583999999999999, 0.85564, 0.8516999999999999, 0.8502599999999999, 0.8484400000000001, 0.8477600000000001, 0.83916, 0.84206, 0.83794, 0.8354800000000001, 0.8283799999999999], "std": [1.1102230246251565e-16, 0.0015447977213862202, 0.0036704223190254398, 0.0037749701985578723, 0.004902489163680041, 0.0028723509534874002, 0.008344483207485034, 0.0039912905181156534, 0.008211357987568186, 0.002389476930208788, 0.004370995309995181]}