{"train_acc_v": [26.274, 40.406, 48.708, 55.09, 59.28, 61.658, 63.11, 64.624, 65.508, 66.634, 67.178, 67.786, 68.06, 68.286, 68.606, 69.004, 69.152, 69.334, 77.586, 80.114, 81.114, 81.782, 82.128, 82.588, 83.066, 83.24, 83.49, 83.654, 83.88, 83.96, 84.218, 84.516, 87.272, 88.342, 88.644, 88.95, 89.218, 89.368, 89.826, 89.922, 90.318, 90.426, 90.48, 90.482, 90.694, 90.488, 90.614, 90.434, 90.58, 90.586, 90.84, 90.504, 90.444, 90.65, 90.522, 90.66, 90.56, 90.398, 90.574, 90.74, 90.582, 90.494, 90.718, 90.662, 90.682, 90.444, 90.636, 90.648, 90.852, 90.606, 90.772, 90.46, 90.642, 90.562, 90.564, 90.704, 90.724, 90.676, 90.504, 90.654, 90.658, 90.612, 90.728, 90.608, 90.566, 90.726, 90.44, 90.682, 90.704, 90.67, 90.644, 90.666, 90.644, 90.774, 90.56, 90.792, 90.53, 90.642, 90.598, 90.51, 90.596, 90.618, 90.504, 90.85, 90.56, 90.586, 90.678, 90.746, 90.796, 90.574, 90.704, 90.448, 90.726, 90.672, 90.592, 90.594, 90.582, 90.702, 90.768, 90.68, 90.648, 90.584, 90.58, 90.5, 90.768, 90.59, 90.67, 90.44, 90.558, 90.6, 90.698, 90.68, 90.674, 90.538, 90.608, 90.482, 90.71, 90.622, 90.572, 90.644, 90.642, 90.698, 90.588, 90.364, 90.562, 90.646, 90.542, 90.702, 90.586, 90.686, 90.606, 90.62, 90.464, 90.522, 90.64, 90.658, 90.664, 90.626, 90.632, 90.676], "train_loss_v": [2.1287349491500853, 1.606750684967041, 1.413271883163452, 1.261270631828308, 1.1642512475967408, 1.099543724899292, 1.0642221849822997, 1.016508653678894, 0.997895336303711, 0.9737097367858887, 0.9569788265991211, 0.9422172277832032, 0.937875447883606, 0.9256714356613159, 0.9190730825424195, 0.9108674488449097, 0.9032252890014648, 0.9020246141815186, 0.6517194437980652, 0.5820414384269714, 0.5485610646247864, 0.5259547661972046, 0.5140236654281616, 0.5026683649539948, 0.49317895776748655, 0.4815398019218445, 0.4784462713050842, 0.47144094604492187, 0.46399318046569826, 0.4645634023475647, 0.45753061729431155, 0.4501826477432251, 0.370644126663208, 0.3426879749107361, 0.32890243772506716, 0.31919572165489196, 0.3126851082611084, 0.3080737315559387, 0.29748037259101867, 0.29094281229019164, 0.28314253108501436, 0.27735919867992403, 0.27692461296081544, 0.2779176023864746, 0.27306010511398315, 0.2764083029079437, 0.27307028012275697, 0.2760932659769058, 0.2764869047880173, 0.2745671233510971, 0.2715291279125214, 0.2752733700275421, 0.2736539874720573, 0.2745442535305023, 0.27561525732517245, 0.27606627345085144, 0.27489850597381593, 0.27701311462402345, 0.27264626469612124, 0.27190363525390626, 0.2743967657899857, 0.2743881745147705, 0.2716374176979065, 0.2713206233787537, 0.2732684003353119, 0.2762280106163025, 0.27262718418598175, 0.27196548563480377, 0.268111089553833, 0.27418320875167845, 0.2729354448413849, 0.2762389640235901, 0.2691682931137085, 0.2720252469205856, 0.2736219115328789, 0.2717338871717453, 0.26979751022338866, 0.2722501282024384, 0.27554585256576536, 0.27306084924697877, 0.27222487758636477, 0.27328295404434205, 0.2744277386665344, 0.2743485722160339, 0.275660251455307, 0.2688097715187073, 0.2772593368911743, 0.27226840236186983, 0.27459514389038087, 0.2729808037233353, 0.27282362968444823, 0.2751477162361145, 0.2728652552509308, 0.272852622423172, 0.27618508129119873, 0.27001421187877656, 0.27406373406410217, 0.27540300898075104, 0.27632215271949767, 0.2753662996101379, 0.27394697127342227, 0.2771219282245636, 0.27305871048927305, 0.2690116125106812, 0.2751117706680298, 0.2753063665485382, 0.2727556687259674, 0.2701759904909134, 0.2711286140036583, 0.2772530853486061, 0.2737542984676361, 0.2762494035625458, 0.2690772181224823, 0.27297239344596863, 0.27351445395469665, 0.2730274465751648, 0.27309451318740846, 0.27018228640556335, 0.27154956175088885, 0.27413725847244264, 0.2723327935886383, 0.27203149847745894, 0.2772180187034607, 0.27541936800003053, 0.2721694377040863, 0.2728484670352936, 0.27065378974437715, 0.274590893907547, 0.27462837978363036, 0.27611217270851135, 0.27457999044418335, 0.27071098226070406, 0.2726373723220825, 0.27334934294700625, 0.27490966508865355, 0.27327946590423585, 0.271845964012146, 0.27519661644935606, 0.27472673510551454, 0.27448823724031446, 0.27265320593833925, 0.2719252588939667, 0.274542283847332, 0.2767937868499756, 0.274625763425827, 0.2723226746034622, 0.27502485622882844, 0.2731031202697754, 0.27412057770729065, 0.2731847104549408, 0.27232354040145873, 0.27219389230728147, 0.2776152942252159, 0.27481201563835145, 0.27344059280395505, 0.2720792527008057, 0.27510685522556305, 0.2704780840539932, 0.2715497011756897, 0.2742911407375336], "test_acc_v": [38.69, 44.76, 52.19, 55.83, 62.28, 57.63, 63.29, 63.66, 64.97, 68.83, 70.41, 70.01, 68.19, 70.44, 68.69, 67.44, 65.65, 69.66, 80.08, 80.52, 81.43, 81.52, 81.65, 80.55, 81.55, 82.17, 81.8, 82.66, 82.61, 82.11, 82.35, 82.61, 85.24, 85.23, 85.3, 85.55, 85.2, 85.5, 85.35, 85.38, 85.65, 85.55, 85.6, 85.64, 85.83, 85.68, 85.66, 85.59, 85.59, 85.72, 85.54, 85.57, 85.71, 85.5, 85.7, 85.61, 85.66, 85.77, 85.69, 85.84, 85.67, 85.71, 85.57, 85.53, 85.78, 85.67, 85.81, 85.71, 85.77, 85.72, 85.7, 85.57, 85.72, 85.68, 85.58, 85.66, 85.81, 85.8, 85.84, 85.7, 85.52, 85.71, 85.7, 85.66, 85.6, 85.74, 85.73, 85.7, 85.53, 85.75, 85.78, 85.7, 85.73, 85.72, 85.7, 85.73, 85.57, 85.77, 85.75, 85.6, 85.8, 85.47, 85.57, 85.6, 85.51, 85.51, 85.77, 85.65, 85.71, 85.64, 85.59, 85.68, 85.6, 85.71, 85.58, 85.63, 85.74, 85.6, 85.69, 85.52, 85.62, 85.61, 85.7, 85.66, 85.85, 85.59, 85.79, 85.78, 85.72, 85.59, 85.64, 85.67, 85.64, 85.6, 85.69, 85.58, 85.77, 85.44, 85.79, 85.61, 85.68, 85.73, 85.74, 85.75, 85.55, 85.63, 85.61, 85.75, 85.5, 85.79, 85.58, 85.78, 85.68, 85.68, 85.62, 85.92, 85.62, 85.51, 85.65, 85.72],