{"avg": [0.8572, 0.8360200000000001, 0.7944000000000001, 0.74058, 0.7108, 0.68848, 0.5513999999999999, 0.5319200000000001, 0.43712, 0.42713999999999996, 0.37229999999999996], "std": [0.0, 0.006383228023500315, 0.010593205369480944, 0.03165497749169947, 0.04162609758312687, 0.016308942332352527, 0.0543979043714002, 0.05274760278913158, 0.03665828146544789, 0.06978703604538597, 0.09275841740780186], "loss_avg": [2], "loss_std": [3]}