{"avg": [0.8572, 0.8543499999999999, 0.8536800000000001, 0.85046, 0.85031, 0.8484999999999999, 0.8415000000000001, 0.84142, 0.8369899999999999, 0.83635, 0.83342], "std": [0.0, 0.0018304371062672462, 0.001660602300371765, 0.0025004799539288408, 0.00216492494096214, 0.0018449932249197992, 0.00603854287059387, 0.005459816846744958, 0.007785685583171207, 0.007433471598116192, 0.008466498685997643], "min": [0.8572, 0.8514, 0.8508, 0.8458, 0.8465, 0.8449, 0.8308, 0.8283, 0.8232, 0.82, 0.8151], "max": [0.8572, 0.8577, 0.8566, 0.8539, 0.8539, 0.8513, 0.8508, 0.8486, 0.8484, 0.8437, 0.8455], "all_values": [[0.8572, 0.8572, 0.8572, 0.8572, 0.8572, 0.8572, 0.8572, 0.8572, 0.8572, 0.8572], [0.8547, 0.8514, 0.8527, 0.8546, 0.8529, 0.8538, 0.8533, 0.8566, 0.8558, 0.8577], [0.8531, 0.8537, 0.8522, 0.8566, 0.8562, 0.8524, 0.8539, 0.8538, 0.8508, 0.8541], [0.8458, 0.8483, 0.853, 0.8513, 0.8539, 0.8478, 0.8506, 0.8536, 0.8502, 0.8501], [0.8522, 0.8493, 0.8513, 0.8517, 0.8487, 0.8521, 0.8494, 0.8465, 0.848, 0.8539], [0.8468, 0.8497, 0.8471, 0.8513, 0.8449, 0.8477, 0.8488, 0.8503, 0.8482, 0.8502], [0.8462, 0.8398, 0.8508, 0.8418, 0.8308, 0.8406, 0.8388, 0.8473, 0.8328, 0.8461], [0.8283, 0.8466, 0.8391, 0.8423, 0.8381, 0.8465, 0.8406, 0.8486, 0.8408, 0.8433], [0.8448, 0.8365, 0.8321, 0.838, 0.8288, 0.8391, 0.8484, 0.8232, 0.8471, 0.8319], [0.8404, 0.8371, 0.8382, 0.8395, 0.8348, 0.8252, 0.841, 0.82, 0.8436, 0.8437], [0.8302, 0.8409, 0.8151, 0.8305, 0.8418, 0.8339, 0.8317, 0.8388, 0.8455, 0.8258]], "loss_all_values": [[33.776951134204865, 33.776951134204865, 33.776951134204865, 33.776951134204865, 33.776951134204865, 33.776951134204865, 33.776951134204865, 33.776951134204865, 33.776951134204865, 33.776951134204865], [34.49640201032162, 34.57136933505535, 34.337747767567635, 34.01446796953678, 34.26533751189709, 34.34690445661545, 34.63029269874096, 33.735648810863495, 33.99290092289448, 33.829361245036125], [34.54848735034466, 34.51659873127937, 34.452087104320526, 34.011652410030365, 34.31315828859806, 34.57259055972099, 34.2616952508688, 34.692704036831856, 34.73947148025036, 34.14398546516895], [36.53344179689884, 35.665056720376015, 34.69234012067318, 35.06991343200207, 34.72796691954136, 35.31552956998348, 34.94344952702522, 34.379590809345245, 35.09388871490955, 35.29212436079979], [35.06987535953522, 35.74608653783798, 35.279781714081764, 34.82989013195038, 35.421102702617645, 35.29464673995972, 35.42756034433842, 36.54578724503517, 35.75139620900154, 34.466167628765106], [35.512153163552284, 36.1155057400465, 35.7468553930521, 35.10758289694786, 36.64693143963814, 35.24541473388672, 35.77697420120239, 35.65320247411728, 35.981279507279396, 35.766775816679], [36.03811137378216, 37.80659073591232, 34.787137880921364, 37.131145626306534, 40.271243527531624, 36.967005252838135, 37.98627829551697, 36.33788764476776, 39.07701674103737, 36.67282649874687], [40.72764840722084, 35.841048553586006, 38.46124395728111, 36.74353586137295, 38.032038658857346, 35.65557733178139, 37.64314207434654, 35.29829902946949, 37.180281564593315, 36.50765596330166], [36.55422021448612, 38.302627593278885, 40.15533144772053, 38.41707096993923, 41.31517721712589, 37.451027631759644, 36.541581839323044, 41.3462179005146, 37.44777315855026, 39.58960548043251], [38.0131593644619, 38.78945726156235, 37.73739796876907, 37.830762818455696, 38.919412195682526, 41.53154617547989, 37.74466013908386, 42.654422372579575, 37.011146917939186, 36.59021472930908], [41.01760774850845, 37.27639198303223, 44.36500580608845, 39.805430978536606, 37.20799036324024, 39.2858222424984, 39.201732099056244, 37.862577468156815, 36.34526415169239, 41.030033737421036]]}