{"avg": [0.7109, 0.71092, 0.71084], "std": [0.0, 0.00019390719429666385, 0.00011999999999998679]}