{"avg": [0.8583999999999999, 0.8302799999999999, 0.81006, 0.73356, 0.7185600000000001, 0.63408, 0.59082, 0.52012, 0.45352000000000003, 0.40212000000000003, 0.36968], "std": [1.1102230246251565e-16, 0.006791583026069842, 0.013427523971306102, 0.07066975590731865, 0.019428700419739865, 0.030492320344637606, 0.03464288671574587, 0.05129816370982495, 0.055700894068228396, 0.05831426583607137, 0.08971266131377444]}