{"train_acc_v": [28.848, 43.272, 51.276, 57.846, 62.47], "train_loss_v": [2.1743610248565672, 1.5336330249786376, 1.336983455619812, 1.1743416023635864, 1.057869733734131], "test_acc_v": [42.3, 50.83, 54.66, 63.51, 65.03], "test_loss_v": [1.5993618285655975, 1.3400212264060973, 1.2407279926538468, 1.0468151944875717, 1.0216755259037018], "current_lr_v": [0.1, 0.1, 0.1, 0.1, 0.1], "parameters": "{'batch_size': 128, 'n_workers': 2, 'optimizer': {'class': <class 'torch.optim.sgd.SGD'>, 'dict': {'lr': 0.1, 'momentum': 0.9, 'dampening': 0, 'weight_decay': 0, 'nesterov': False}}, 'scheduler': {'class': <class 'torch.optim.lr_scheduler.ReduceLROnPlateau'>, 'dict': {'factor': 0.1, 'optimizer': SGD (\nParameter Group 0\n    dampening: 0\n    lr: 0.1\n    momentum: 0.9\n    nesterov: False\n    weight_decay: 0\n), 'min_lrs': [0], 'patience': 3, 'verbose': False, 'cooldown': 0, 'cooldown_counter': 0, 'mode': 'min', 'threshold': 0.001, 'threshold_mode': 'rel', 'best': 1.0216755259037018, 'num_bad_epochs': 0, 'mode_worse': inf, 'eps': 1e-08, 'last_epoch': 5, '_last_lr': [0.1]}}}"}