{"train_acc_v": [29.908, 44.308, 51.56, 58.018, 61.682, 64.57, 66.758, 68.256, 69.672, 70.394, 71.374, 72.192, 72.646, 73.018, 73.312, 74.288, 74.244, 74.596, 74.694, 74.906, 75.132, 75.222, 75.32, 75.534, 75.902, 75.73, 75.77, 76.186, 76.15, 76.342, 76.276, 76.716, 76.54, 76.75, 76.726, 76.84, 77.048, 77.06, 76.972, 77.306, 77.018, 76.886, 76.92, 77.254, 77.32, 77.698, 77.382, 77.358, 77.564, 77.488, 77.43, 77.458, 77.66, 77.754, 78.096, 77.56, 77.958, 77.712, 77.718, 78.012, 77.76, 77.648, 77.454, 78.018, 78.116, 77.844, 77.634, 77.78, 78.104, 78.408, 77.842, 78.002, 78.09, 78.168, 78.274, 78.13, 78.556, 77.894, 78.278, 78.326, 78.368, 78.068, 78.122, 78.076, 78.348, 78.156, 78.288, 78.398, 78.258, 78.282, 78.21, 78.126, 77.908, 78.474, 78.366, 78.07, 78.478, 78.16, 78.45, 78.22, 78.216, 78.282, 78.136, 78.136, 78.402, 78.582, 78.398, 78.186, 78.146, 78.26, 78.578, 78.382, 78.342, 78.72, 78.59, 78.362, 78.95, 78.796, 78.732, 78.494, 78.496, 78.256, 78.63, 78.488, 78.546, 78.49, 78.542, 78.426, 78.7, 78.33, 78.582, 78.432, 78.414, 78.802, 78.57, 78.628, 78.782, 78.556, 78.846, 78.778, 78.634, 78.476, 78.448, 78.572, 78.558, 78.46, 78.642, 78.38, 78.56, 78.892, 78.858, 78.63, 78.824, 78.714, 78.596, 78.538, 78.394, 78.718, 78.92, 78.93, 78.866, 78.578, 78.482, 78.6, 78.502, 78.392, 78.726, 78.376, 78.702, 78.568, 78.62, 78.82, 78.672, 78.752, 78.846, 78.726, 78.742, 78.746, 78.906, 78.624, 79.15, 78.68, 78.882, 78.938, 78.716, 78.85, 78.584, 78.62, 78.536, 78.722, 78.744, 78.572, 78.7, 78.924, 78.966, 78.944, 79.164, 78.746, 78.906, 79.084, 78.454, 78.492, 78.476, 78.476, 79.026, 78.632, 78.712, 78.634, 78.806, 78.926, 78.722, 78.774, 78.816, 78.658, 78.852, 78.738, 78.94, 78.832, 79.138, 78.95, 78.846, 78.932, 78.87, 78.818, 78.81, 78.638, 78.834, 79.074, 78.722, 79.01, 79.0, 78.742, 78.844, 78.6, 78.86, 78.902, 79.096, 79.418, 78.624, 79.052, 78.94, 78.262, 78.736, 78.728, 78.912, 78.766, 79.004, 78.702, 78.998, 79.07, 78.81, 78.802, 78.836, 78.78, 79.002, 79.058, 78.8, 78.98, 78.98, 78.874, 78.872, 78.726, 78.778, 78.614, 78.59, 78.652, 78.294, 79.066, 78.68, 78.652, 78.784, 78.786, 79.034, 78.678, 78.514, 79.008, 78.92, 78.91, 79.096, 78.852, 79.038, 78.876, 78.594, 78.882, 79.094, 78.812, 79.096, 78.658, 78.778, 79.052, 78.65, 78.938, 78.668, 79.012, 78.924, 78.978, 79.062, 79.24, 78.986, 78.944], "train_loss_v": [6.627996277995408, 4.647954096086323, 4.08533644862473, 3.59148110775277, 3.2845826535485685, 3.0736336107365787, 2.9033901444636285, 2.775246518664062, 2.6673747249878943, 2.6057521873153746, 2.5233395528048277, 2.459927503950894, 2.424262029584497, 2.3888690411113203, 2.358671292895451, 2.2902266341261566, 2.290592664387077, 2.2547953973989934, 2.245321735739708, 2.22194587578997, 2.210941174067557, 2.2068955583963543, 2.203269657678902, 2.1891350720543414, 2.1634962735697627, 2.16202156431973, 2.145640846574679, 2.1448415257036686, 2.1258273436687887, 2.1040382713545114, 2.1125510211568326, 2.0750734535977244, 2.0864172007422894, 2.084219101816416, 2.0782037873286754, 2.0689461487345397, 2.0572248762473464, 2.048591526923701, 2.051009595859796, 2.0257243337109685, 2.0427965603303164, 2.0695107928477228, 2.061111757531762, 2.040559697896242, 2.024667964084074, 2.0042748618870974, 2.0119239937048405, 2.0227866580244154, 2.0149849343579262, 1.9971000351943076, 2.0307550318539143, 2.0219915395136923, 1.9923327926080674, 2.001760071842, 1.9657419717404991, 2.010891201440245, 1.9732586098834872, 1.9875761514995247, 1.9903201411943883, 1.97264816891402, 1.9901817701756954, 2.0022788266651332, 1.9993592705577612, 1.9726237987633795, 1.960404415614903, 1.9872804146725684, 1.9876749312970787, 1.9833176820538938, 1.9620915832929313, 1.9482289897277951, 1.9809768276754767, 1.972632302204147, 1.950831709196791, 1.9625267437659204, 1.9438767870888114, 1.9660864118486643, 1.9412988845724612, 1.9816168611869216, 1.9575593527406454, 1.9435246179345995, 1.9513497569132596, 1.9644443015567958, 1.950833740644157, 1.962719465373084, 1.9542270130477846, 1.9520582968834788, 1.9412827349733561, 1.9448593244887888, 1.9438717958983034, 1.9577631566207856, 1.9460394806228578, 1.9561603849288076, 1.9604103937745094, 1.9297231959644705, 1.9384369428735226, 1.9560340493917465, 1.9297255284618586, 1.9355208119377494, 1.9311572432052344, 1.9545056694187224, 1.9339105724357069, 1.9412750292103738, 1.955030285520479, 1.9367439989000559, 1.947680854704231, 1.9165923572145402, 1.936111862771213, 1.9451216706074774, 1.9565769461914897, 1.9391264345031232, 1.9159223078750074, 1.9396180009935051, 1.9432798128109425, 1.9217976001091301, 1.9309333737473935, 1.930994329508394, 1.9127252981998026, 1.9057220905087888, 1.9061781577765942, 1.9192007414530963, 1.9200312322936952, 1.9501650515012443, 1.910516313277185, 1.9387688918504864, 1.9312016544863582, 1.925331826787442, 1.9170881907921284, 1.9097282770089805, 1.910134837962687, 1.9348409280646592, 1.909932061797008, 1.9350425517186522, 1.9264245086815208, 1.9049113104119897, 1.9214932119939476, 1.929110893746838, 1.905522748362273, 1.917053942102939, 1.8993134307675064, 1.8979717169422656, 1.9180549995508045, 1.9189276180695742, 1.9398860931396484, 1.9228684606496245, 1.9343093859497458, 1.931447606999427, 1.9174615351948887, 1.9307210685219616, 1.9197771907784045, 1.90688785770908, 1.9090043969918042, 1.9302180241793394, 1.9057533035520464, 1.9157488003838807, 1.9299040918704122, 1.9101020926609635, 1.9196407631970942, 1.9077114067040384, 1.8991718252655119, 1.8900755147915334, 1.9074292925652117, 1.90784071222879, 1.9242460227105767, 1.914864629972726, 1.9210878920275718, 1.938659013947472, 1.9037339624483138, 1.9275777721777558, 1.9045260669663548, 1.918787530856207, 1.9113579178228974, 1.8924135128036141, 1.916231052018702, 1.8987885932438076, 1.8960190685465932, 1.8990426389500499, 1.9116065793205053, 1.9116028025746346, 1.8957398380152881, 1.9085203751455992, 1.8884139843285084, 1.9119357962626964, 1.9017615339253098, 1.9033175967633724, 1.922667714068666, 1.8978410479612648, 1.9104052023030818, 1.919887765077874, 1.9186714885290712, 1.904579671099782, 1.8997356514446437, 1.9106209992896765, 1.9118917777668685, 1.8897171537391841, 1.8957786234095693, 1.8899648254737258, 1.8755961316637695, 1.8960982591379434, 1.896459483774379, 1.8835345790721476, 1.8978426228277385, 1.9380387519486248, 1.9071729206480086, 1.91361243580468, 1.8894261363893747, 1.9014533429872245, 1.9066942988429219, 1.919834515079856, 1.885599208297208, 1.8903568405658007, 1.9002399824094027, 1.902901068329811, 1.9024799787439406, 1.909257494378835, 1.8992313505150378, 1.9120139344595373, 1.8896860335953534, 1.8972855783067644, 1.874773307936266, 1.890747229102999, 1.8966785734519362, 1.877322749234736, 1.9039844595827162, 1.9061093819327652, 1.892628779867664, 1.900417253607884, 1.900597011204809, 1.888389749219641, 1.9090113979764283, 1.8958904100582004, 1.8888183853123337, 1.9050186665263027, 1.9053077984135598, 1.9111329952720553, 1.8999059316702187, 1.8879184923134744, 1.8928313644137233, 1.863981903763488, 1.9221793212927878, 1.881676472723484, 1.8936510346829891, 1.941895483294502, 1.9161546197719872, 1.8945192047394812, 1.8938116861972958, 1.899366002297029, 1.873573873192072, 1.912902303505689, 1.8900542862247676, 1.8931056428700686, 1.8973291849251837, 1.904922527493909, 1.894226421834901, 1.8994165847543627, 1.883185150101781, 1.8867522599175572, 1.9042881354689598, 1.8851705412380397, 1.8946286425925791, 1.8921161165926605, 1.8907811841927469, 1.9139079134911299, 1.905100028961897, 1.918201506137848, 1.9108079536817968, 1.9094754811376333, 1.9206983300391585, 1.887726807501167, 1.907481312053278, 1.9168718785513192, 1.9040970846544951, 1.8943030452355742, 1.873477742774412, 1.907538945786655, 1.9140493876766413, 1.889476376818493, 1.8875744631513953, 1.9024292656686157, 1.8775127751287073, 1.9024410187266767, 1.8966026061680168, 1.915527431992814, 1.9020335495006293, 1.8948570690117776, 1.88372528902255, 1.9172417831141502, 