{"train_acc_v": [30.16, 44.972, 53.426, 58.97, 63.35, 65.726, 67.418, 68.84, 70.158, 71.142, 71.654, 72.62, 73.07, 73.276, 73.848, 74.056, 74.352, 74.576, 75.106, 75.238, 75.488, 75.624, 75.812, 76.312, 76.198, 76.314, 76.382, 76.512, 76.558, 76.728, 76.892, 77.018, 77.262, 77.208, 77.37, 77.47, 77.628, 77.758, 77.796, 77.622, 77.674, 78.206, 78.34, 78.178, 78.472, 78.222, 78.496, 78.518, 78.786, 78.662, 78.57, 78.892, 79.07, 78.916, 79.166, 79.294, 79.086, 79.35, 79.444, 79.208, 79.782, 79.52, 79.806, 80.078, 79.874, 80.094, 80.278, 79.938, 80.084, 80.44, 80.436, 80.372, 80.518, 80.734, 80.51, 81.24, 81.008, 81.154, 81.01, 81.322, 81.514, 81.26, 81.75, 81.632, 81.796, 81.97, 81.994, 81.974, 81.962, 82.21, 82.426, 82.71, 82.612, 82.614, 82.692, 82.916, 83.186, 83.272, 83.506, 83.378, 83.272, 83.554, 83.672, 83.75, 84.188, 84.274, 84.38, 84.452, 84.926, 84.49, 84.714, 84.52, 84.974, 85.202, 85.496, 85.322, 85.614, 85.51, 86.09, 86.082, 86.018, 86.302, 86.244, 86.722, 86.62, 87.136, 87.164, 87.302, 87.228, 87.53, 87.652, 87.732, 88.026, 88.18, 88.254, 88.488, 88.922, 88.758, 89.116, 89.294, 89.55, 89.752, 89.978, 90.204, 90.124, 90.344, 90.644, 90.94, 91.232, 91.132, 91.584, 91.628, 91.94, 92.008, 92.444, 92.502, 92.536, 92.96, 93.222, 93.588, 93.704, 93.928, 94.394, 94.114, 94.832, 94.864, 95.198, 95.508, 95.428, 95.848, 95.954, 96.342, 96.35, 96.71, 96.81, 97.132, 97.384, 97.5, 97.79, 97.964, 97.996, 98.134, 98.292, 98.434, 98.538, 98.596, 98.754, 98.908, 98.888, 98.994, 99.008, 99.116, 99.088, 99.14, 99.192, 99.158, 99.12, 99.166, 99.21, 99.108, 99.214, 99.196, 99.25, 99.248, 99.098, 99.182, 99.226, 99.202, 99.23, 99.194, 99.232, 99.144, 99.148, 99.088, 99.13, 99.054, 98.992, 98.926, 98.862, 98.642, 98.508, 98.328, 98.026, 97.798, 97.604, 97.06, 96.898, 96.562, 96.266, 95.904, 95.754, 95.238, 94.814, 94.534, 94.24, 93.832, 93.376, 93.408, 93.096, 92.566, 92.62, 92.386, 92.076, 92.076, 91.702, 91.56, 91.402, 91.018, 91.184, 91.012, 90.628, 90.802, 90.478, 90.328, 90.132, 90.078, 90.102, 90.122, 89.556, 89.63, 89.668, 89.322, 89.114, 88.94, 88.874, 88.698, 88.642, 88.464, 88.48, 88.17, 88.116, 88.068, 88.14, 87.818, 87.696, 87.36, 87.55, 87.376, 87.038, 86.954, 86.624, 86.72, 86.702, 86.522, 86.464, 86.43, 86.17, 86.042, 85.902, 85.732, 85.822, 85.71, 85.638, 85.65, 84.83, 85.226, 85.012, 85.026, 84.732, 84.528], "train_loss_v": [6.500712755136192, 4.581140265800059, 3.9509114623069763, 3.5088781542144716, 3.1801740839146078, 2.9913764698430896, 2.8393366266973317, 2.7256475733593106, 2.628116438165307, 2.564954780973494, 2.494185966439545, 2.429247963242233, 2.3892253413796425, 2.370499032083899, 2.3277491200715303, 2.3021667785942554, 2.2808195769321173, 2.2557314643636346, 2.2237098086625338, 2.208062954712659, 2.1940723538864404, 2.1730108773335814, 2.163755963789299, 2.126965359551832, 2.123280756175518, 2.1119485148228705, 2.0973230528179556, 2.087073131231591, 2.0999135600868613, 2.0562408342957497, 2.0614220313727856, 2.047048273263499, 2.0263595327269286, 2.018188943620771, 2.016579447546974, 2.008089243900031, 2.011764680966735, 1.9853804006706923, 1.979783194605261, 1.969229988520965, 1.98115101037547, 1.9568774078506976, 1.9479534132406116, 1.9505371178966016, 1.925353778526187, 1.950441483175382, 1.929357387823984, 1.9081557444296777, 1.9030233633238822, 1.897629803745076, 1.9066678639501333, 1.8795411475002766, 1.8668875969015062, 1.8761442138347775, 1.8674900294281542, 1.854234492406249, 1.8576133409515023, 1.8369532260112464, 1.8381539923138916, 1.8549956602510065, 1.8100555583368987, 1.8264052509330213, 1.815339534310624, 1.7838427661918104, 1.7888834576588124, 1.780494101345539, 1.764689585659653, 1.7868845041375607, 1.7598457783460617, 1.7518496934790164, 1.7412803303450346, 1.7517392542213202, 1.7334752497263253, 1.7200944575015455, 1.7229621552396566, 1.6886251156684011, 1.7044542361982167, 1.6936686760745943, 1.6856160606257617, 1.6742697816807777, 1.6508888008538634, 1.668231790419668, 1.6385953619610518, 1.6319751299452037, 1.6303860598709434, 1.6096331917215139, 1.5996315700467676, 1.600203871494159, 1.6054900628514588, 1.5814488509204239, 1.5668725206051022, 1.5475810084026307, 1.5542717578355223, 1.5402096009347588, 1.5321246818639338, 1.510450249304995, 1.5074016188737005, 1.4874866949394345, 1.4800218255259097, 1.4912114290054888, 1.4860911055002362, 1.4551869840361178, 1.4448692745063454, 1.443166476674378, 1.4173235154012218, 1.395945234457031, 1.3890454098582268, 1.3877758695743978, 1.3533768370980397, 1.3772468245588243, 1.3450455295387655, 1.3618584105279297, 1.334585314965807, 1.3096046363934875, 1.2940575435059145, 1.3016868853010237, 1.2810848938534036, 1.2768892283784226, 1.2462389327120036, 1.2360006858361885, 1.2310993613209575, 1.2112789064412937, 1.2132360856048763, 1.1800398881314322, 1.1764073917875066, 1.1482700610067695, 1.1316126553574577, 1.1166915649082512, 1.1290339697152376, 1.1039935754379258, 1.084085593582131, 1.0834373669931665, 1.0433254060335457, 1.054347345721908, 1.0307817813009024, 1.0077855937415734, 0.9767531411489472, 0.992655606707558, 0.9648225969867781, 0.9344278943026438, 0.9249348451849073, 0.9084948165109381, 0.8919299328699708, 0.8687961644609459, 0.8745362987974659, 0.8423837668960914, 0.820379197713919, 0.8078707397216931, 0.7723007695167325, 0.7777936033671722, 0.7389218378812075, 0.7330954848439433, 0.7069449845585041, 0.706841413571965, 0.6659730566898361, 0.6492385593010113, 0.6442240880569443, 0.6191423243726604, 0.5861853673122823, 0.5636651221429929, 0.5575729904812761, 0.5380234369658865, 0.4917885590111837, 0.5086061999900267, 0.45079025279846974, 0.4451914269302506, 0.427073453203775, 0.40001743505126797, 0.3974917136656586, 0.35908039755304344, 0.353376316052163, 0.32529980754770804, 0.31630516282166354, 0.2920493584970245, 0.2742372246721061, 0.2563924139540177, 0.2309690494730603, 0.22522937296889722, 0.1997637005188153, 0.18335892535105813, 0.18046519995550625, 0.16691616763637285, 0.15431187876674812, 0.14289930929953698, 0.1350470938887156, 0.12956340906384867, 0.11983810797391925, 0.10803874788689427, 0.10599676771016675, 0.10043617447809083, 0.0955961812978785, 0.09070175230772293, 0.09176836204278516, 0.08440561033421545, 0.08341945244501403, 0.08161188023768773, 0.08606888454596628, 0.08226167549764796, 0.08449643615676905, 0.08412654489075067, 0.07822018065053271, 0.08206105279896292, 0.07827888290375995, 0.07934522679533984, 0.0824315519839729, 0.07923027273682237, 0.082005717091306, 0.07870066751092963, 0.07586795683710079, 0.08007919754345494, 0.08163284030888462, 0.08497201874706661, 0.08448661369584443, 0.08715219337318558, 0.08355711867261562, 0.08889639188055298, 0.09438872177997837, 0.0991370133797318, 0.10713744387612678, 0.12477312543342123, 0.1339303288350493, 0.14906316021006205, 0.17426311687449925, 0.19043097068060888, 0.21981424750993028, 0.2537892082109465, 0.2696533883281518, 0.29862007063638885, 0.3305525499890791, 0.3639493148366455, 0.37834761847625487, 0.40835411894659046, 0.4504216033674311, 0.47153832647018135, 0.4950627920916304, 0.5384299737634137, 0.5723881940357387, 0.5737281069159508, 0.5938148506684229, 0.6462756980326958, 0.6409554299898446, 0.6682025716290809, 0.6871371256420389, 0.6855250222724862, 0.7205817882786505, 0.7299664918682538, 0.741546574048698, 0.7670281214523129, 0.7763700866489671, 0.7823467616108246, 0.812047693412751, 0.8101379389408976, 0.8304036081535742, 0.8503404107759707, 0.8566365064471029, 0.8652159860939719, 0.8714967925334349, 0.8761546042514965, 0.9041086360812187, 0.9166443843278103, 0.913879509549588, 0.930011602700688, 0.9530276425648481, 0.963218882563524, 0.9694779376732185, 0.9890651021851227, 0.983976700110361, 1.018368185381405, 1.0115431792801246, 1.0342037043301389, 1.0420240733074024, 1.049791205325164, 1.0488229024922475, 1.0676328315166757, 1.0792697760043666, 1.10582369111944, 1.1021341173909605, 1.1164101300528273, 1.1310089302714914, 1.1423676058184355, 1.17027076438535, 