{"train_acc_v": [31.508, 45.33], "train_loss_v": [6.174800424836576, 4.570594395510852], "test_acc_v": [42.85, 51.1], "test_loss_v": [1.5844397485256194, 1.3295320928096772]}