{"train_acc_v": [32.276, 45.67, 53.054, 58.564], "train_loss_v": [6.392556440085173, 4.5322931203991175, 3.9584564035758376, 3.537166875321418], "test_acc_v": [42.05, 49.27, 57.82, 61.02], "test_loss_v": [1.5763447320461272, 1.3924460470676423, 1.207791411280632, 1.0960950094461441]}