{"train_acc_v": [10.048, 9.868, 9.586, 9.754, 10.33, 9.996, 9.96, 10.018, 10.044, 10.02, 9.978, 9.822, 9.856, 9.89, 9.89, 9.88, 9.898, 9.982, 9.898, 9.792, 9.838, 9.936, 10.0, 10.0, 10.0, 9.916, 10.0, 10.0, 10.0, 10.0, 10.0, 10.0, 10.0, 10.0, 10.0, 10.0, 10.0, 10.0, 10.0, 10.0, 10.0, 10.0, 10.0, 10.0, 10.0, 10.0, 10.0, 10.0, 10.0, 10.0, 10.0, 10.0, 10.0, 10.0, 10.0, 10.0, 10.0, 10.0, 10.0, 10.0, 10.0, 10.0, 10.0, 10.0, 10.0, 10.0, 10.0, 10.0, 10.0, 10.0, 10.0, 10.0, 10.0, 10.0, 10.0, 10.0, 10.0, 10.0, 10.0, 10.0, 10.0, 10.0, 10.0, 10.0, 10.0, 10.0, 10.0, 10.0, 10.0, 10.0, 10.0, 10.0, 10.0, 10.0, 10.0, 10.0, 10.0, 10.0, 10.0, 10.0], "train_loss_v": [3.864407254333496, 2.3443153590393067, 2.3508797898101808, 2.3467266104125977, 2.348205454940796, 2.3027039164733885, 2.3027408543395995, 2.3026816661071776, 2.3027744396972656, 2.3026327086639404, 2.302636253051758, 2.3026409452819823, 2.302625195159912, 2.3026088449096678, 2.3025959549713133, 2.3025951570892333, 2.302595110626221, 2.302594209213257, 2.302586510620117, 2.3025865418243407, 2.302586543121338, 2.30258642326355, 2.3025853247833252, 2.302585291671753, 2.3025852878570556, 2.3025853031921386, 2.3025851891326905, 2.3025851946258546, 2.3025851936340334, 2.302585190811157, 2.302585149230957, 2.3025851095581054, 2.3025851261901855, 2.302585128707886, 2.302585159072876, 2.3025851570892333, 2.3025852180480957, 2.302585192337036, 2.3025851177978516, 2.3025851566314697, 2.302585092010498, 2.3025851373291015, 2.30258516746521, 2.302585162734985, 2.3025851737976075, 2.3025852484130858, 2.302585245437622, 2.302585182342529, 2.3025851499938965, 2.3025850816345215, 2.3025850611877443, 2.30258509475708, 2.3025851264953614, 2.3025851146698, 2.3025851280212404, 2.302585153121948, 2.302585111541748, 2.3025851812744142, 2.3025851291656494, 2.302585128326416, 2.3025851457214355, 2.3025851750183106, 2.3025851668548585, 2.302585213470459, 2.302585207977295, 2.3025851541900635, 2.302585116958618, 2.3025851650238036, 2.302585096130371, 2.302585060043335, 2.3025851192474365, 2.302585140838623, 2.302585115814209, 2.3025851902770995, 2.30258513381958, 2.302585164794922, 2.302585154953003, 2.3025851581573487, 2.3025851467132568, 2.3025851121520997, 2.302585185317993, 2.30258518447876, 2.3025851488494875, 2.3025851482391357, 2.3025852490997316, 2.302585151672363, 2.3025851653289795, 2.302585164871216, 2.302585116119385, 2.302585107040405, 2.302585137176514, 2.302585140457153, 2.3025851289367676, 2.302585189743042, 2.3025851406860354, 2.3025851713562013, 2.3025851461029054, 2.302585165710449, 2.302585177459717, 2.3025852038574217], "test_acc_v": [10.0, 10.0, 10.0, 10.0, 10.0, 10.0, 10.0, 10.0, 10.0, 10.0, 10.0, 10.0, 10.0, 10.0, 10.0, 10.0, 10.0, 10.0, 10.0, 10.0, 10.0, 10.0, 10.0, 10.0, 10.0, 10.0, 10.0, 10.0, 10.0, 10.0, 10.0, 10.0, 10.0, 10.0, 10.0, 10.0, 10.0, 10.0, 10.0, 10.0, 10.0, 10.0, 10.0, 10.0, 10.0, 10.0, 10.0, 10.0, 10.0, 10.0, 10.0, 10.0, 10.0, 10.0, 10.0, 10.0, 10.0, 10.0, 10.0, 10.0, 10.0, 10.0, 10.0, 10.0, 10.0, 10.0, 10.0, 10.0, 10.0, 10.0, 10.0, 10.0, 10.0, 10.0, 10.0, 10.0, 10.0, 10.0, 10.0, 10.0, 10.0, 10.0, 10.0, 10.0, 10.0, 10.0, 10.0, 10.0, 10.0, 10.0, 10.0, 10.0, 10.0, 10.0, 10.0, 10.0, 10.0, 10.0, 10.0, 10.0], "test_loss_v": [2.304938259124756, 2.3038655178070067, 2.3050149227142334, 2.3054455101013183, 2.303981456375122, 2.3026924114227296, 2.302763565826416, 2.3027939441680907, 2.302702663040161, 2.302592749404907, 2.302589279174805, 2.3025914199829103, 2.302594971847534, 2.3025934349060058, 2.30258630027771, 2.3025853950500488, 2.3025853370666503, 2.3025851364135743, 2.3025852722167968, 2.3025851375579833, 2.3025849994659424, 2.3025850708007813, 2.3025852111816407, 2.3025852115631102, 2.302585123062134, 2.30258525428772, 2.302585132598877, 2.3025852890014646, 2.3025852493286134, 2.3025851936340334, 2.302585074234009, 2.302585230255127, 2.3025852088928223, 2.3025851020812986, 2.302585053253174, 2.302585291290283, 2.30258518447876, 2.3025851692199706, 2.3025851417541503, 2.302585071563721, 2.302585028839111, 2.3025852088928223, 2.302585163116455, 2.302585095977783, 2.3025850776672363, 2.3025853160858154, 2.302585227203369, 2.3025851448059083, 2.30258511428833, 2.3025850868225097, 2.3025850257873537, 2.3025849555969238, 2.3025851448059083, 2.302585068511963, 2.3025850563049315, 2.3025850563049315, 2.30258521194458, 2.302585163116455, 2.302585099029541, 2.302585325241089, 2.302585224151611, 2.3025851570129396, 2.3025851264953614, 2.302585092926025, 2.3025853130340574, 2.302585258102417, 2.3025852306365966, 2.3025851512908937, 2.3025851051330566, 2.3025850410461426, 2.302585227584839, 2.3025851818084715, 2.302585157394409, 2.3025850868225097, 2.3025850135803223, 2.302585248565674, 2.3025852088928223, 2.3025851234436034, 2.302585099029541, 2.302585050201416, 2.302585263824463, 2.3025851448059083, 2.302585132598877, 2.3025853317260743, 2.3025852546691894, 2.302585230255127, 2.302585178375244, 2.3025851295471194, 2.3025850196838378, 2.302585227584839, 2.3025851512908937, 2.3025850776672363, 2.3025852489471434, 2.3025852489471434, 2.302585242843628, 2.3025851207733155, 2.302585322570801, 2.302585279846191, 2.3025851818084715, 2.3025851390838623], "current_lr_v": [0.1, 0.1, 0.1, 0.1, 0.010000000000000002, 0.010000000000000002, 0.010000000000000002, 0.010000000000000002, 0.0010000000000000002, 0.0010000000000000002, 0.0010000000000000002, 0.0010000000000000002, 0.0010000000000000002, 0.00010000000000000003, 0.00010000000000000003, 0.00010000000000000003, 0.00010000000000000003, 1.0000000000000004e-05, 1.0000000000000004e-05, 1.0000000000000004e-05, 1.0000000000000004e-05, 1.0000000000000004e-06, 1.0000000000000004e-06, 1.0000000000000004e-06, 1.0000000000000004e-06, 1.0000000000000005e-07, 1.0000000000000005e-07, 1.0000000000000005e-07, 1.0000000000000005e-07, 1.0000000000000005e-08, 1.0000000000000005e-08, 1.0000000000000005e-08, 1.0000000000000005e-08, 1.0000000000000005e-08, 1.0000000000000005e-08, 1.0000000000000005e-08, 1.0000000000000005e-08, 1.0000000000000005e-08, 1.0000000000000005e-08, 1.0000000000000005e-08, 1.0000000000000005e-08, 1.0000000000000005e-08, 1.0000000000000005e-08, 1.0000000000000005e-08, 1.0000000000000005e-08, 1.0000000000000005e-08, 1.0000000000000005e-08, 1.0000000000000005e-08, 1.0000000000000005e-08, 1.0000000000000005e-08, 1.0000000000000005e-08, 1.0000000000000005e-08, 1.0000000000000005e-08, 1.0000000000000005e-08, 1.0000000000000005e-08, 1.0000000000000005e-08, 1.0000000000000005e-08, 1.0000000000000005e-08, 1.0000000000000005e-08, 1.0000000000000005e-08, 1.0000000000000005e-08, 1.0000000000000005e-08, 1.0000000000000005e-08, 1.0000000000000005e-08, 1.0000000000000005e-08, 1.0000000000000005e-08, 1.0000000000000005e-08, 1.0000000000000005e-08, 1.0000000000000005e-08, 1.0000000000000005e-08, 1.0000000000000005e-08, 1.0000000000000005e-08, 1.0000000000000005e-08, 1.0000000000000005e-08, 1.0000000000000005e-08, 1.0000000000000005e-08, 1.0000000000000005e-08, 1.0000000000000005e-08, 1.0000000000000005e-08, 1.0000000000000005e-08, 1.0000000000000005e-08, 1.0000000000000005e-08, 1.0000000000000005e-08, 1.0000000000000005e-08, 1.0000000000000005e-08, 1.0000000000000005e-08, 1.0000000000000005e-08, 1.0000000000000005e-08, 1.0000000000000005e-08, 1.0000000000000005e-08, 1.0000000000000005e-08, 1.0000000000000005e-08, 1.0000000000000005e-08, 1.0000000000000005e-08, 1.0000000000000005e-08, 1.0000000000000005e-08, 1.0000000000000005e-08, 1.0000000000000005e-08, 1.0000000000000005e-08, 1.0000000000000005e-08],