{"train_acc_v": [10.428, 10.612, 10.292, 19.348, 24.634, 25.772, 18.8, 20.32, 20.416, 22.404, 23.45, 32.158, 35.554, 36.246, 40.186, 41.672, 44.908, 46.896, 49.898, 52.53, 53.624, 55.976, 56.54, 57.118, 59.602, 60.448, 60.518, 61.074, 61.052, 62.81, 62.82, 66.614, 67.372, 67.59, 67.862, 68.194, 68.526, 68.12, 68.566, 68.614, 68.754, 68.812, 69.26, 69.098, 69.254, 69.102, 69.334, 69.498, 69.432, 69.654, 69.632, 69.984, 69.692, 69.87, 69.876, 70.062, 70.364, 70.556, 70.408, 70.548, 70.598, 70.662, 70.372, 70.838, 70.472, 70.578, 70.726, 70.718, 70.954, 70.782, 70.98, 70.728, 70.84, 70.568, 71.11, 70.702, 70.616, 70.79, 70.696, 70.806, 70.898, 70.678, 70.904, 70.808, 70.482, 70.712, 70.982, 70.508, 70.804, 70.832, 70.43, 70.798, 70.77, 70.58, 70.728, 70.778, 70.6, 70.72, 70.844, 70.652], "train_loss_v": [5.389611717681885, 2.3185804343414307, 3.454709542236328, 2.1259435527038573, 1.959535576400757, 2.1178038567352293, 1.9943386879730225, 1.9582039331817627, 1.920432826271057, 1.9054772454833984, 1.8880277133560182, 1.7383774786758424, 1.6843952397537232, 1.6993505730819702, 1.5878198903274536, 1.5739835370254516, 1.4889354764175415, 1.425834621963501, 1.3745791088104249, 1.3247456187820434, 1.3086044576263427, 1.225251570930481, 1.2566534268951417, 1.2035491305160522, 1.1456412226104737, 1.1346074671936035, 1.1288916682624817, 1.1181364365386963, 1.112795225944519, 1.0631437468147278, 1.0614542317581177, 0.955532047290802, 0.9291144473457337, 0.9200382420539855, 0.9117482198333741, 0.9042363776397705, 0.9001540348052979, 0.9044668669128418, 0.8956757769203186, 0.8965247803878784, 0.8941122946548462, 0.8897980338096618, 0.8816864384841919, 0.8827871521186829, 0.8773394523239135, 0.8775836901855468, 0.8753746959114075, 0.8727465471076965, 0.8733952572631836, 0.8657671111679077, 0.8639187022590638, 0.8585072930908203, 0.8641258229064941, 0.858877344493866, 0.8597444368743896, 0.8550379371833802, 0.8484629970932007, 0.8411498309135437, 0.8421856772994996, 0.8381868753433227, 0.8397412242889404, 0.8380723585128784, 0.8401599816703796, 0.8319470753479004, 0.837498105506897, 0.8353729131507873, 0.8380328883361816, 0.838381110534668, 0.8359665798568725, 0.835354648551941, 0.8364651585960389, 0.8361096003341675, 0.8328447586250305, 0.835820203666687, 0.8356391646575928, 0.8305148612213135, 0.840254917011261, 0.8334020874404907, 0.8342864826202393, 0.836308193359375, 0.8321773402404785, 0.8362322177696228, 0.8344569101715088, 0.8359475522232056, 0.8369155896759033, 0.8415952241706848, 0.8342054815292358, 0.8401988900184632, 0.8327532603454589, 0.8386205864334106, 0.8414790628242492, 0.8346894413566589, 0.8334506980895996, 0.8367523500442505, 0.8374156642150878, 0.8355937659835816, 0.8384119683456421, 0.8336512291145325, 0.8312613295364379, 0.8403095737075805], "test_acc_v": [10.43, 10.29, 13.65, 20.83, 25.73, 16.12, 20.23, 18.47, 21.53, 25.74, 27.78, 35.9, 40.89, 39.27, 38.53, 37.95, 37.44, 51.21, 49.54, 45.99, 55.16, 58.73, 53.11, 58.41, 62.64, 47.9, 62.48, 60.87, 62.34, 58.64, 59.82, 68.09, 68.05, 68.92, 68.85, 68.86, 69.2, 69.29, 69.83, 70.15, 69.7, 69.9, 70.04, 69.72, 70.03, 70.53, 70.35, 68.53, 69.99, 70.29, 71.29, 70.96, 70.51, 70.84, 70.73, 70.93, 71.12, 71.27, 71.5, 71.46, 71.55, 71.6, 71.24, 71.49, 71.77, 71.35, 71.27, 71.55, 71.53, 71.55, 71.68, 71.78, 71.66, 71.83, 71.78, 71.54, 71.23, 71.73, 71.55, 71.82, 71.39, 71.31, 71.5, 71.63, 71.74, 71.78, 71.2, 71.62, 71.32, 71.83, 71.54, 71.58, 71.31, 71.54, 71.35, 71.37, 71.65, 71.54, 71.62, 71.4], "test_loss_v": [2.428433971786499, 2.326141812515259, 4.337995079040527, 9.559993952178955, 4.493816229629517, 2.2429906787872316, 2.107902735900879, 2.445859738922119, 2.7286949613571165, 1.9051093109130859, 1.8423316299438477, 2.09992452583313, 4.043026930427551, 2.969402886390686, 1.6713919792175294, 1.8612288953781129, 2.8719411804199217, 1.3856398319244385, 1.4619792264938354, 1.6379242204666138, 1.339100735092163, 1.3232507450103759, 2.3865650817871096, 1.8707206253051758, 1.0858346580505371, 2.0621871604919435, 1.0827580654144286, 1.162796880722046, 1.114766824913025, 1.2904506101608277, 1.2449437660217286, 0.9657154932022095, 1.3970861459732056, 0.924358744430542, 0.9163968900680542, 0.8949674144744874, 0.8938342472076416, 0.8878575407028199, 0.8944101970672608, 0.880041915512085, 1.1881081964492797, 0.8731408298492431, 0.9219345628738403, 0.9437807369232177, 0.8826189786911011, 0.8689087598800659, 0.8663867843627929, 0.9586029541015625, 0.8820626686096191, 0.8780837705612182, 0.8538054943084716, 0.8527104944229126, 0.8589920949935913, 0.8609539505004883, 0.962399547958374, 0.8636845693588256, 0.8449748212814331, 0.8434457099914551, 0.8465991968154907, 0.8428632698059082, 0.8417546367645263, 0.8423833887100219, 0.8536042154312133, 0.839346523475647, 0.8388976724624634, 0.8571035985946656, 0.8515405258178711, 0.8729825367927552, 0.8436582950592041, 0.8403833751678467, 0.842486355304718, 0.8383032901763916, 0.838571975326538, 0.8401056756973266, 0.8393277984619141, 0.8384421442031861, 0.864467742729187, 0.838544100856781, 0.8408442443847656, 0.842316481590271, 0.845514372253418, 0.8539257761001587, 0.846160309791565, 0.8404498649597167, 0.8451358366966247, 0.8384278411865235, 0.8534054725646972, 0.8402213928222656, 0.8455609657287597, 0.8376600315093994, 0.8408030506134033, 0.8439570491790771, 0.8453978788375854, 0.8384693267822265, 0.842365172958374, 0.8501681387901306, 0.8404666931152344, 0.8375676086425782, 0.8395037338256836, 0.8454771739959717], "current_lr_v": [0.1, 0.1, 0.1, 0.1, 0.1, 0.1, 0.1, 0.1, 0.1, 0.1, 0.1, 0.1, 0.1, 0.1, 0.1, 0.1, 0.1, 0.1, 0.1, 0.1, 0.1, 0.1, 0.1, 0.1, 0.1, 0.1, 0.1, 0.1, 0.1, 0.1, 0.010000000000000002, 0.010000000000000002, 0.010000000000000002, 0.010000000000000002, 0.010000000000000002, 0.010000000000000002, 0.010000000000000002, 0.010000000000000002, 0.010000000000000002, 0.010000000000000002, 0.010000000000000002, 0.010000000000000002, 0.010000000000000002, 0.010000000000000002, 0.010000000000000002, 0.010000000000000002, 0.010000000000000002, 0.010000000000000002, 0.010000000000000002, 0.010000000000000002, 0.010000000000000002, 0.010000000000000002, 0.010000000000000002, 0.010000000000000002, 0.010000000000000002, 0.0010000000000000002, 0.0010000000000000002, 0.0010000000000000002, 0.0010000000000000002, 0.0010000000000000002, 0.0010000000000000002, 0.0010000000000000002, 0.0010000000000000002, 0.0010000000000000002, 0.0010000000000000002, 0.0010000000000000002, 0.0010000000000000002, 0.00010000000000000003, 0.00010000000000000003, 0.00010000000000000003, 0.00010000000000000003, 0.00010000000000000003, 0.00010000000000000003, 0.00010000000000000003, 0.00010000000000000003, 1.0000000000000004e-05, 1.0000000000000004e-05, 1.0000000000000004e-05, 1.0000000000000004e-05, 1.0000000000000004e-06, 1.0000000000000004e-06, 1.0000000000000004e-06, 1.0000000000000004e-06, 1.0000000000000005e-07, 1.0000000000000005e-07, 1.0000000000000005e-07, 1.0000000000000005e-07, 1.0000000000000005e-08, 1.0000000000000005e-08, 1.0000000000000005e-08, 1.0000000000000005e-08, 1.0000000000000005e-08, 1.0000000000000005e-08, 1.0000000000000005e-08, 1.0000000000000005e-08, 1.0000000000000005e-08, 1.0000000000000005e-08, 1.0000000000000005e-08, 1.0000000000000005e-08, 1.0000000000000005e-08],