{"train_acc_v": [13.816, 17.274, 17.116, 17.458, 17.892, 19.054, 19.916, 19.892, 37.678, 46.32, 52.158, 56.312, 58.76, 61.236, 62.502, 63.946, 65.18, 65.83, 66.586, 67.55, 68.082, 68.508, 69.342, 69.098, 69.63, 70.018, 69.842, 70.286, 70.46, 71.028, 75.228, 76.72, 77.218, 77.69, 77.646, 77.986, 78.292, 78.314, 78.57, 78.72, 78.826, 78.942, 79.254, 79.452, 79.284, 79.474, 79.598, 79.826, 80.46, 80.89, 80.662, 80.892, 80.798, 80.94, 81.296, 80.87, 81.18, 81.174, 81.174, 81.292, 81.114, 81.0, 81.438, 81.102, 81.09, 81.344, 81.04, 81.074, 81.132, 81.298, 81.302, 81.04, 81.262, 81.2, 81.198, 81.224, 81.306, 81.148, 81.03, 81.294, 81.114, 81.3, 81.59, 81.332, 81.018, 81.232, 81.162, 81.11, 81.102, 81.452, 81.282, 81.17, 81.3, 81.306, 81.192, 81.102, 81.376, 80.96, 81.258, 81.27], "train_loss_v": [3.0909303453063965, 2.58377094039917, 2.5895247734832765, 2.5489150382995605, 2.523167441482544, 2.5082805027770996, 2.473622784194946, 2.4867634281921385, 1.6590706454467774, 1.4579961294555663, 1.3208907488632202, 1.2196664708328246, 1.1536779344558716, 1.1005681801223755, 1.0680367119216918, 1.0241362113952637, 0.9996047757339478, 0.9817529706954956, 0.9602969723320007, 0.9365967058563233, 0.92304811378479, 0.9072337402153016, 0.8945426987457276, 0.8937052613830566, 0.884941410484314, 0.8714169892501831, 0.8732641177177429, 0.8628583315849304, 0.8537556266975402, 0.8486157332611084, 0.7159145416450501, 0.6748369417381287, 0.6636679358482361, 0.6508302241325379, 0.6468951142120362, 0.6364697503089904, 0.6356446346378326, 0.6251853970718384, 0.6222199554634095, 0.6157042415428161, 0.6133355564880371, 0.6093628634834289, 0.6031469604873657, 0.5953584465408325, 0.5974567560768127, 0.5979020081996917, 0.5905842195320129, 0.5860878746795655, 0.5632718346214295, 0.5550231460952759, 0.5579159167098999, 0.5549910447120666, 0.5503873717594147, 0.5485927388763427, 0.5457937857818603, 0.5510846606826783, 0.5445953645133972, 0.5431066587257385, 0.5475037607383728, 0.5422337159061432, 0.5415996720504761, 0.542661161518097, 0.5426839450073242, 0.5454803745651245, 0.5447431591415405, 0.5411639681434631, 0.5425269825363159, 0.5431912979316711, 0.5402005310916901, 0.536365775680542, 0.5430707490730285, 0.5432176703739167, 0.5424005827713013, 0.5423265266990661, 0.5459867799949646, 0.5417334166526795, 0.542053450756073, 0.5407413902664184, 0.5424943120956421, 0.5427683647727967, 0.5445833425712585, 0.5417924675178528, 0.537196808681488, 0.5403498220443725, 0.5431706540298462, 0.54443206325531, 0.5474854445075988, 0.545323408985138, 0.5406741976737977, 0.5395154209327698, 0.5391935311126709, 0.5447371095466613, 0.5395295014858246, 0.5422471156406402, 0.5419994098758697, 0.5419418894863128, 0.5408489392852783, 0.5417676721382141, 0.5423787550354003, 0.5427503271484375], "test_acc_v": [10.9, 13.89, 11.09, 11.48, 9.88, 17.8, 13.03, 10.98, 42.42, 50.41, 50.43, 53.6, 60.68, 56.13, 61.17, 64.62, 64.58, 65.07, 64.98, 65.67, 62.62, 69.65, 65.24, 67.75, 71.9, 70.65, 68.81, 69.8, 65.37, 66.36, 77.39, 77.63, 77.85, 78.32, 78.04, 78.49, 78.67, 78.39, 78.87, 78.81, 78.8, 79.11, 79.0, 79.17, 79.0, 79.0, 79.3, 79.73, 79.84, 80.0, 80.04, 80.12, 80.04, 79.99, 80.14, 80.06, 80.23, 79.97, 80.04, 80.02, 80.02, 80.05, 80.02, 80.02, 79.96, 80.04, 80.04, 80.26, 80.09, 80.22, 80.15, 80.09, 80.09, 80.13, 80.34, 80.16, 80.12, 80.09, 80.22, 80.11, 80.31, 80.11, 80.16, 80.19, 80.09, 80.02, 80.23, 80.24, 80.19, 80.17, 80.02, 80.29, 80.21, 80.03, 80.05, 80.01, 80.16, 80.04, 80.02, 80.08], "test_loss_v": [9.641542669677735, 4.130913101959228, 14.62109752960205, 3.5110025470733643, 4.277813036346435, 4.400246244049073, 6.70062088470459, 21.59654161376953, 1.522086714363098, 1.3484943706512451, 1.4138498968124389, 1.3870876190185546, 1.1956071008682252, 1.3412147144317628, 1.2263700903892516, 1.0513097991943359, 1.0285178430557251, 1.0152241057395934, 1.0978865970611573, 1.0053086453437805, 1.1617560176849364, 0.9114833888053894, 1.0660395020484925, 0.9890192137718201, 0.864234765625, 0.8633501899242401, 0.9152383520126343, 0.8933065742492676, 1.1273803966522218, 1.0166096158027649, 0.6864290303230286, 0.6723170100212097, 0.6671063542842866, 0.6627123864650726, 0.6714225308895111, 0.6663851674556732, 0.6539088638782501, 0.6512056066989899, 0.640528931093216, 0.6429723986625672, 0.6458973818778991, 0.6379028005123139, 0.6377653481960297, 0.6226383766174316, 0.6299771862030029, 0.6367502764701843, 0.6293175630569458, 0.6287030586719513, 0.6158252049446106, 0.6087639033317566, 0.6043359010219574, 0.6132552202701569, 0.6024569275856018, 0.6080602606773376, 0.6071490039348603, 0.604396427154541, 0.6065335968494415, 0.6029797373294831, 0.5991204957008361, 0.6061459819316865, 0.6053619002342224, 0.6006555365085602, 0.6058802995681762, 0.6006888953208923, 0.6045686043262481, 0.6000701061725616, 0.6078203608989715, 0.5993983506202698, 0.60727290725708, 0.5975073765754699, 0.603937795972824, 0.6007776411056519, 0.6029753210544586, 0.6034883405685425, 0.6052844890594482, 0.6050636450767517, 0.6007588324546814, 0.603284990310669, 0.6037884068965912, 0.601703166770935, 0.6048511818408966, 0.5988603549957275, 0.601435451221466, 0.6042943980693817, 0.5988697276592254, 0.6044335137844086, 0.6018533423900604, 0.6059329940319061, 0.6053404418468475, 0.6032021935939789, 0.602474955368042, 0.6025710352897644, 0.6024753352642059, 0.6027305664539337, 0.6012358507156372, 0.5982075831890106, 0.6014716968536377, 0.6066381474971771, 0.6032098665237426, 0.6073730772495269], "current_lr_v": [0.1, 0.1, 0.1, 0.1, 0.1, 0.1, 0.1, 0.010000000000000002, 0.010000000000000002, 0.010000000000000002, 0.010000000000000002, 0.010000000000000002, 0.010000000000000002, 0.010000000000000002, 0.010000000000000002, 0.010000000000000002, 0.010000000000000002, 0.010000000000000002, 0.010000000000000002, 0.010000000000000002, 0.010000000000000002, 0.010000000000000002, 0.010000000000000002, 0.010000000000000002, 0.010000000000000002, 0.010000000000000002, 0.010000000000000002, 0.010000000000000002, 0.010000000000000002, 0.0010000000000000002, 0.0010000000000000002, 0.0010000000000000002, 0.0010000000000000002, 0.0010000000000000002, 0.0010000000000000002, 0.0010000000000000002, 0.0010000000000000002, 0.0010000000000000002, 0.0010000000000000002, 0.0010000000000000002, 0.0010000000000000002, 0.0010000000000000002, 0.0010000000000000002, 0.0010000000000000002, 0.0010000000000000002, 0.0010000000000000002, 0.0010000000000000002, 0.00010000000000000003, 0.00010000000000000003, 0.00010000000000000003, 0.00010000000000000003, 0.00010000000000000003, 0.00010000000000000003, 0.00010000000000000003, 0.00010000000000000003, 0.00010000000000000003, 1.0000000000000004e-05, 1.0000000000000004e-05, 1.0000000000000004e-05, 1.0000000000000004e-05, 1.0000000000000004e-05, 1.0000000000000004e-05, 1.0000000000000004e-06, 1.0000000000000004e-06, 1.0000000000000004e-06, 1.0000000000000004e-06, 1.0000000000000005e-07, 1.0000000000000005e-07, 1.0000000000000005e-07, 1.0000000000000005e-07, 1.0000000000000005e-07, 1.0000000000000005e-07, 1.0000000000000005e-07, 1.0000000000000005e-08, 1.0000000000000005e-08, 1.0000000000000005e-08, 1.0000000000000005e-08, 1.0000000000000005e-08, 1.0000000000000005e-08, 1.0000000000000005e-08, 1.0000000000000005e-08, 1.0000000000000005e-08, 1.0000000000000005e-08, 1.0000000000000005e-08, 1.0000000000000005e-08, 1.0000000000000005e-08, 1.0000000000000005e-08, 1.0000000000000005e-08, 1.0000000000000005e-08, 1.0000000000000005e-08, 1.0000000000000005e-08, 1.0000000000000005e-08, 1.0000000000000005e-08, 1.0000000000000005e-08, 1.0000000000000005e-08, 1.0000000000000005e-08, 1.0000000000000005e-08, 1.0000000000000005e-08, 1.0000000000000005e-08, 1.0000000000000005e-08],