{"avg": [0.714, 0.698, 0.67656, 0.6735200000000001, 0.6506, 0.6678000000000001, 0.61204, 0.6466399999999999, 0.6207, 0.59096, 0.6081000000000001], "std": [0.0, 0.019670587179847966, 0.02684403844431757, 0.03466141370457933, 0.03488237377243702, 0.031429158436076514, 0.07545598982188227, 0.026802358105211557, 0.032617663926161236, 0.05952433451958956, 0.05740787402438797], "min": [0.714, 0.6591, 0.6288, 0.6227, 0.6132, 0.6055, 0.4703, 0.6169, 0.5784, 0.5174, 0.5383], "max": [0.714, 0.7121, 0.7046, 0.7052, 0.6991, 0.6883, 0.6943, 0.6845, 0.6744, 0.6683, 0.6776], "all_values": [[0.714, 0.714, 0.714, 0.714, 0.714], [0.7121, 0.703, 0.7088, 0.6591, 0.707], [0.6288, 0.6974, 0.6689, 0.7046, 0.6831], [0.6411, 0.6948, 0.7052, 0.7038, 0.6227], [0.6991, 0.6218, 0.6335, 0.6132, 0.6854], [0.6055, 0.6801, 0.6876, 0.6883, 0.6775], [0.6404, 0.6403, 0.4703, 0.6943, 0.6149], [0.6169, 0.6213, 0.6708, 0.6397, 0.6845], [0.5784, 0.6235, 0.63, 0.5972, 0.6744], [0.5174, 0.6361, 0.6058, 0.5272, 0.6683], [0.6776, 0.5862, 0.5383, 0.6742, 0.5642]], "loss_all_values": [[66.96407407522202, 66.96407407522202, 66.96407407522202, 66.96407407522202, 66.96407407522202], [67.04170781373978, 69.50348716974258, 67.8115285038948, 104.07712227106094, 67.91666400432587], [95.02685350179672, 70.04288440942764, 76.17933058738708, 68.86187905073166, 74.48535335063934], [100.30941361188889, 70.82647788524628, 68.88974040746689, 68.99911683797836, 108.39496433734894], [70.54945367574692, 110.09795343875885, 144.35251128673553, 92.49802660942078, 75.71132254600525], [108.86873316764832, 95.63127148151398, 72.14098167419434, 71.95668995380402, 77.56743311882019], [106.12949216365814, 91.84678721427917, 222.43244326114655, 71.88105010986328, 142.27544260025024], [101.2145403623581, 133.5978957414627, 77.30774873495102, 102.80636256933212, 73.69771200418472], [125.88761699199677, 108.95825183391571, 107.5252377986908, 114.76179087162018, 74.10037618875504], [195.5608457326889, 81.8618597984314, 93.67809396982193, 161.2091439962387, 79.46037954092026], [75.78561300039291, 115.28015577793121, 200.14962351322174, 76.17237222194672, 155.4990826845169]]}