{"train_acc_v": [14.33, 17.346, 18.65, 20.332, 20.114, 38.95, 47.536, 53.386, 56.532, 59.108, 60.78, 62.026, 63.732, 64.554, 65.534, 66.51, 67.108, 67.684, 68.378, 72.878, 74.186, 74.496, 75.202, 75.414, 75.476, 76.044, 75.892, 76.318, 76.69, 76.7, 76.922, 77.21, 77.472, 77.674, 77.836, 78.0, 78.14, 78.38, 78.62, 79.414, 79.788, 79.706, 80.016, 80.044, 80.088, 80.456, 80.432, 80.226, 80.424, 80.58, 80.772, 80.566, 80.532, 80.654, 80.492, 80.39, 80.512, 80.494, 80.512, 80.518, 80.48, 80.672, 80.326, 80.88, 80.594, 80.542, 80.55, 80.528, 80.76, 80.536, 80.442, 80.636, 80.696, 80.558, 80.728, 80.434, 80.734, 80.322, 80.632, 80.528, 80.604, 80.496, 80.59, 80.516, 80.608, 80.606, 80.628, 80.322, 80.334, 80.69, 80.488, 80.45, 80.274, 80.566, 80.422, 80.524, 80.36, 80.476, 80.854, 80.684], "train_loss_v": [2.981830318222046, 2.4745591471862793, 2.421802392730713, 2.4009532515716554, 2.4025877687835693, 1.623939058189392, 1.4295609175872803, 1.291128472213745, 1.2062662928009034, 1.1479561391067505, 1.0984541031646728, 1.0686821531295776, 1.0317218580245973, 1.0043360761260987, 0.9825662901306152, 0.9561506921386719, 0.9437040600967407, 0.9268611737442016, 0.9066275168609619, 0.7787104940605164, 0.7422697600746154, 0.7319658555793762, 0.7136281147575378, 0.7061813178825378, 0.7004519918441773, 0.6925692853736878, 0.6878303079414367, 0.6769385179519654, 0.670020577583313, 0.6634777620124817, 0.6572789371490478, 0.6520634659004212, 0.6446828173065186, 0.638994645576477, 0.6344298831176758, 0.6244952923583984, 0.6225789175987244, 0.6201897500991821, 0.6097828840065003, 0.5871258063697815, 0.5789343565273285, 0.573624522819519, 0.5732084889602661, 0.5691403210639954, 0.5665343996238709, 0.5631798643875122, 0.5628538910484314, 0.5630894749069214, 0.5572094080257416, 0.5585681609344483, 0.5553555178451538, 0.5570516149902344, 0.5569936201858521, 0.5527816899108887, 0.5587232345199585, 0.5562591963100433, 0.5573980063056946, 0.5538041390991211, 0.5597810181808471, 0.5577666466617585, 0.5568972153568268, 0.554902386264801, 0.5579837249565125, 0.5502251146125794, 0.5565623198890686, 0.5572701480102539, 0.5551767622566223, 0.5579583907699585, 0.554249415435791, 0.5576885821151734, 0.5590726943778992, 0.5540141723251343, 0.559833734550476, 0.5548400247383117, 0.5536371110343933, 0.5574115315437317, 0.5541636909103393, 0.5592777098083496, 0.5583627038383484, 0.558322451057434, 0.5527962596702576, 0.5578184211540222, 0.5559901277828216, 0.5583766928958893, 0.5594429640388489, 0.5561413411521912, 0.5545810674858094, 0.5593753005313873, 0.5596763690567017, 0.5555560292053222, 0.5594276464080811, 0.5547538412857056, 0.559323473072052, 0.5553922398376465, 0.5592317770385742, 0.5532530307388306, 0.5612550456809997, 0.5611746950435639, 0.551693146572113, 0.5575144596290589], "test_acc_v": [17.57, 10.07, 19.19, 17.93, 15.97, 45.02, 49.96, 54.76, 54.7, 58.03, 61.71, 59.76, 61.82, 63.98, 67.38, 65.66, 65.38, 65.21, 67.08, 73.72, 74.53, 74.79, 75.83, 75.77, 75.92, 75.92, 76.27, 76.33, 76.66, 76.55, 77.11, 76.92, 77.19, 77.14, 77.47, 77.52, 77.68, 77.55, 78.13, 78.54, 78.67, 78.61, 78.92, 78.94, 78.71, 78.9, 78.83, 78.96, 78.94, 79.03, 78.72, 79.0, 78.92, 79.05, 78.94, 78.91, 79.02, 79.07, 79.13, 78.98, 78.97, 78.9, 79.0, 79.01, 78.95, 79.02, 78.9, 78.91, 78.93, 78.94, 79.11, 79.01, 79.09, 78.99, 79.07, 79.01, 79.08, 78.98, 79.01, 78.96, 78.93, 78.98, 79.0, 78.93, 78.87, 78.99, 79.02, 79.03, 78.88, 78.84, 79.05, 78.84, 79.1, 78.97, 79.04, 78.95, 78.83, 78.99, 79.16, 78.95], "test_loss_v": [5.627055717468262, 14.075336213684082, 23.707309963989257, 8.198952685546875, 6.1209010314941406, 1.4824655899047852, 1.3539279417037964, 1.267503309249878, 1.276094226551056, 1.2951526685714723, 1.0795470081329346, 1.2076131384849549, 1.12695913438797, 1.0037143665313721, 0.9670094058036804, 1.0086036856651306, 1.023001019859314, 1.0428694038391113, 0.9956492712974548, 0.7506609968662262, 0.7308892717838288, 0.7291877534389496, 0.7068379549980164, 0.7088304996967316, 0.7068700766563416, 0.6962140338897705, 0.6911924129486084, 0.6783978726863861, 0.6766485619068145, 0.6876026428222656, 0.6724968007087707, 0.6761811796665191, 0.6686541575431824, 0.6645493828296661, 0.6619565650939941, 0.6675074666023254, 0.6727958725929261, 0.6627468809127808, 0.663941286277771, 0.6328078533649445, 0.6318994694232941, 0.6300440466880798, 0.6290831712722779, 0.6235980823993683, 0.6290576692581177, 0.6263123723030091, 0.6246741779327393, 0.6267411792755126, 0.6210012567996979, 0.6233514214038849, 0.6290649158477783, 0.6245557405948639, 0.6247607730388641, 0.6224917737483978, 0.6235107779979706, 0.6224207088470459, 0.6241936070919036, 0.6236160716056823, 0.6236523628711701, 0.6248441161632537, 0.6243536332130432, 0.6233975652694702, 0.6222797233104705, 0.6278761521339417, 0.6245406193256379, 0.622030978012085, 0.6230998075008393, 0.6264506830215454, 0.62338635263443, 0.627581802892685, 0.6221100378036499, 0.624736968755722, 0.6208897103786468, 0.6266859879016876, 0.6189951948165894, 0.6229242060661316, 0.6208569542407989, 0.6238615097522736, 0.6222993320465088, 0.6204145031452178, 0.6212437870979309, 0.621782370185852, 0.628444461107254, 0.6229653038024903, 0.6278392262458802, 0.6206940787792206, 0.6218811439990998, 0.6251786389827728, 0.6260806211471558, 0.6203895310401917, 0.6216712769985199, 0.6236688843250274, 0.6236484068870545, 0.622414009475708, 0.6226056131839752, 0.6190075796604156, 0.6241280535697937, 0.6236047183513641, 0.6230140826225281, 0.623684071969986], "current_lr_v": [0.1, 0.1, 0.1, 0.1, 0.010000000000000002, 0.010000000000000002, 0.010000000000000002, 0.010000000000000002, 0.010000000000000002, 0.010000000000000002, 0.010000000000000002, 0.010000000000000002, 0.010000000000000002, 0.010000000000000002, 0.010000000000000002, 0.010000000000000002, 0.010000000000000002, 0.010000000000000002, 0.0010000000000000002, 0.0010000000000000002, 0.0010000000000000002, 0.0010000000000000002, 0.0010000000000000002, 0.0010000000000000002, 0.0010000000000000002, 0.0010000000000000002, 0.0010000000000000002, 0.0010000000000000002, 0.0010000000000000002, 0.0010000000000000002, 0.0010000000000000002, 0.0010000000000000002, 0.0010000000000000002, 0.0010000000000000002, 0.0010000000000000002, 0.0010000000000000002, 0.0010000000000000002, 0.0010000000000000002, 0.00010000000000000003, 0.00010000000000000003, 0.00010000000000000003, 0.00010000000000000003, 0.00010000000000000003, 0.00010000000000000003, 0.00010000000000000003, 0.00010000000000000003, 0.00010000000000000003, 1.0000000000000004e-05, 1.0000000000000004e-05, 1.0000000000000004e-05, 1.0000000000000004e-05, 1.0000000000000004e-05, 1.0000000000000004e-06, 1.0000000000000004e-06, 1.0000000000000004e-06, 1.0000000000000004e-06, 1.0000000000000005e-07, 1.0000000000000005e-07, 1.0000000000000005e-07, 1.0000000000000005e-07, 1.0000000000000005e-08, 1.0000000000000005e-08, 1.0000000000000005e-08, 1.0000000000000005e-08, 1.0000000000000005e-08, 1.0000000000000005e-08, 1.0000000000000005e-08, 1.0000000000000005e-08, 1.0000000000000005e-08, 1.0000000000000005e-08, 1.0000000000000005e-08, 1.0000000000000005e-08, 1.0000000000000005e-08, 1.0000000000000005e-08, 1.0000000000000005e-08, 1.0000000000000005e-08, 1.0000000000000005e-08, 1.0000000000000005e-08, 1.0000000000000005e-08, 1.0000000000000005e-08, 1.0000000000000005e-08, 1.0000000000000005e-08, 1.0000000000000005e-08, 1.0000000000000005e-08, 1.0000000000000005e-08, 1.0000000000000005e-08, 1.0000000000000005e-08, 1.0000000000000005e-08, 1.0000000000000005e-08, 1.0000000000000005e-08, 1.0000000000000005e-08, 1.0000000000000005e-08, 1.0000000000000005e-08, 1.0000000000000005e-08, 1.0000000000000005e-08, 1.0000000000000005e-08, 1.0000000000000005e-08, 1.0000000000000005e-08, 1.0000000000000005e-08, 1.0000000000000005e-08],