{"avg": [0.1, 0.1, 0.1, 0.1, 0.1, 0.1, 0.1, 0.1, 0.1, 0.1, 0.1], "std": [0.0, 0.0, 0.0, 0.0, 0.0, 0.0, 0.0, 0.0, 0.0, 0.0, 0.0], "min": [0.1, 0.1, 0.1, 0.1, 0.1, 0.1, 0.1, 0.1, 0.1, 0.1, 0.1], "max": [0.1, 0.1, 0.1, 0.1, 0.1, 0.1, 0.1, 0.1, 0.1, 0.1, 0.1], "all_values": [[0.1, 0.1, 0.1, 0.1, 0.1], [0.1, 0.1, 0.1, 0.1, 0.1], [0.1, 0.1, 0.1, 0.1, 0.1], [0.1, 0.1, 0.1, 0.1, 0.1], [0.1, 0.1, 0.1, 0.1, 0.1], [0.1, 0.1, 0.1, 0.1, 0.1], [0.1, 0.1, 0.1, 0.1, 0.1], [0.1, 0.1, 0.1, 0.1, 0.1], [0.1, 0.1, 0.1, 0.1, 0.1], [0.1, 0.1, 0.1, 0.1, 0.1], [0.1, 0.1, 0.1, 0.1, 0.1]], "loss_all_values": [[181.9044532775879, 181.9044532775879, 181.9044532775879, 181.9044532775879, 181.9044532775879], [181.9044532775879, 181.9044532775879, 181.9044532775879, 181.9044532775879, 181.9044532775879], [181.9044532775879, 181.9044532775879, 181.9044532775879, 181.9044532775879, 181.9044532775879], [181.9044532775879, 181.9044532775879, 181.9044532775879, 181.9044532775879, 181.9044532775879], [181.9044532775879, 181.9044532775879, 181.9044532775879, 181.9044532775879, 181.9044532775879], [181.9044532775879, 181.9044532775879, 181.9044532775879, 181.9044532775879, 181.9044532775879], [181.9044532775879, 181.9044532775879, 181.9044532775879, 181.9044532775879, 181.9044532775879], [181.9044532775879, 181.9044532775879, 181.9044532775879, 181.9044532775879, 181.9044532775879], [181.9044532775879, 181.9044532775879, 181.9044532775879, 181.9044532775879, 181.9044532775879], [181.9044532775879, 181.9044532775879, 181.9044532775879, 181.9044532775879, 181.9044532775879], [181.9044532775879, 181.9044532775879, 181.9044532775879, 181.9044532775879, 181.9044532775879]]}