{"train_acc_v": [11.832, 15.366, 16.55, 12.916, 13.228, 14.012, 11.406, 12.444, 10.842, 20.648, 32.688, 39.522, 44.156, 45.874, 47.694, 48.806, 50.268, 51.366, 52.254, 53.048, 53.8, 54.496, 55.178, 55.86, 56.216, 56.724, 59.774, 60.846, 61.072, 61.296, 61.996, 61.686, 62.116, 62.492, 62.408, 62.668, 62.618, 62.928, 63.008, 63.302, 63.328, 63.802, 63.894, 63.718, 64.248, 63.928, 64.568, 64.462, 64.686, 64.636, 64.914, 64.768, 64.934, 65.366, 65.516, 65.614, 65.702, 65.726, 65.774, 66.124, 66.238, 66.588, 66.95, 66.592, 66.77, 66.638, 66.568, 66.846, 67.114, 67.148, 67.282, 67.076, 67.176, 67.108, 67.192, 67.16, 67.128, 67.31, 67.12, 67.132, 67.284, 67.324, 67.278, 67.498, 67.218, 67.612, 67.072, 67.18, 67.07, 67.246, 67.176, 67.27, 67.04, 67.14, 67.306, 67.744, 67.176, 67.238, 67.222, 67.26], "train_loss_v": [5.544478943939209, 2.666827398223877, 2.7301856219482423, 2.6340304515075683, 2.7306566920471194, 2.6085810958862305, 2.8336525261688235, 2.7990452503967287, 2.754346223449707, 2.049761046600342, 1.7587139010238648, 1.6089358193206786, 1.5180713336181642, 1.473047850112915, 1.4317737518692017, 1.40597909034729, 1.373880174598694, 1.345564102783203, 1.3253817458724975, 1.3089123157501221, 1.2843068842315675, 1.2707076474761962, 1.2536292082214355, 1.2427465735244752, 1.2303622277069093, 1.2154567862319947, 1.1296593612480164, 1.1023662256622315, 1.092217851486206, 1.085116544532776, 1.0693876620864868, 1.0746972551345826, 1.0681700392913818, 1.0605194209480286, 1.0599460207748412, 1.0485207513046264, 1.0510197518539428, 1.0452661042022706, 1.0422022221374512, 1.0333149018859864, 1.0261176348686218, 1.025352868347168, 1.0209405268478393, 1.017922667312622, 1.012050905303955, 1.0134380404663086, 1.0025511130905151, 1.0022195352172851, 0.9973342942047119, 0.9949366833114625, 0.9936980237197875, 0.9919777282524109, 0.990056401939392, 0.9787939938545227, 0.9808388142585754, 0.9769804135131835, 0.973043501777649, 0.9715352783966065, 0.9712945588684082, 0.9608126628494262, 0.9500963909912109, 0.9436163917350769, 0.9377054696846008, 0.9386020983886719, 0.9404594616699219, 0.9374738939666748, 0.9387041582107544, 0.9374152967071533, 0.9319493997192383, 0.9321451473236084, 0.9296116563415527, 0.9345027688217163, 0.9307392419815064, 0.9324150825500488, 0.9336084799003601, 0.9301848156929016, 0.9346740575408935, 0.9275821966171265, 0.9298408395385742, 0.9285906175994874, 0.9294371607589722, 0.9241454208755493, 0.9282649281311035, 0.9248619418334961, 0.9275207126617432, 0.9250224237060547, 0.9274772201156616, 0.9296103561592102, 0.9311264318084717, 0.9271715570449829, 0.9263940301704406, 0.9246902415275574, 0.930801838798523, 0.9294226602363587, 0.9255747052001954, 0.9196395638275147, 0.9292465993881226, 0.9265683256340027, 0.9262065485954285, 0.9268983072662353], "test_acc_v": [9.57, 11.31, 10.0, 13.05, 10.0, 17.95, 10.0, 9.99, 10.0, 20.1, 34.35, 40.23, 42.92, 46.1, 45.68, 47.51, 50.45, 45.9, 50.59, 51.99, 47.92, 55.08, 52.31, 46.84, 50.74, 54.43, 62.76, 63.26, 63.78, 62.86, 63.63, 63.74, 63.82, 63.88, 63.91, 63.86, 64.5, 64.51, 64.83, 64.62, 64.49, 64.66, 64.9, 65.07, 65.55, 65.13, 65.57, 65.59, 65.98, 66.03, 66.01, 65.77, 65.51, 65.9, 66.36, 66.29, 66.22, 66.2, 66.4, 66.55, 67.13, 67.55, 67.22, 67.34, 67.35, 67.37, 67.49, 67.4, 67.46, 67.52, 67.27, 67.53, 67.5, 67.14, 67.41, 67.6, 67.35, 67.48, 67.41, 67.4, 67.39, 67.45, 67.23, 67.46, 67.51, 67.49, 67.41, 67.48, 67.54, 67.4, 67.59, 67.44, 67.42, 67.36, 67.42, 67.36, 67.46, 67.38, 67.35, 67.41], "test_loss_v": [22.664277200317382, 7.651146936035156, 224.50420903320313, 3.8061329830169677, 2.9849427734375, 5.533000310897827, 50459.167075, 102.53896665039062, 30.26112777404785, 3.254492617034912, 1.7193123863220214, 1.6106491607666016, 1.5129159660339355, 1.4681352855682372, 1.5149596933364868, 1.442558673286438, 1.348866729927063, 1.6215184564590455, 1.3652364614486694, 1.3353836683273315, 1.5330397840499879, 1.2558768138885499, 1.3511382265090943, 1.6141220523834228, 1.3695519353866576, 1.30805309009552, 1.0663608154296875, 1.0526835584640504, 1.0416529441833495, 1.0513554685592652, 1.0373872648239135, 1.0400484226226807, 1.0276737121582031, 1.033232761001587, 1.0205136562347412, 1.0249009132385254, 1.0115303261756896, 1.0093654811859132, 1.0042813625335694, 1.0007614186286926, 1.0024169626235961, 1.011221717453003, 0.9881952607154846, 0.9835432863235474, 0.9829454243659973, 0.9912615968704224, 0.9761437304496765, 0.9773161606788635, 0.9746480871200561, 0.9676860591888428, 0.9665906343460083, 0.9680311339378357, 0.971830707359314, 0.9682411456108093, 0.9549258458137512, 0.9527675748825073, 0.9602621705055236, 0.9615709294319152, 0.9556727758407593, 0.9592093667030335, 0.9346587428092956, 0.9293320442199707, 0.9307118640899659, 0.9296212383270264, 0.9280644633293151, 0.9289275921821595, 0.9286331381797791, 0.9291646275520324, 0.9255510779380798, 0.925015485572815, 0.9247205068588257, 0.9247878757476806, 0.9241260063171387, 0.9281989110946656, 0.9236215943336487, 0.9257207896232605, 0.925947479724884, 0.924348639202118, 0.9238957675933838, 0.9246259482383729, 0.9238167565345764, 0.923867639541626, 0.932688647556305, 0.9236774409294128, 0.9238194464683532, 0.9261158965110778, 0.9244967062950135, 0.9229266716957092, 0.9256334244728088, 0.9230585941314697, 0.9242826578140259, 0.9248802023887635, 0.9239300828933715, 0.9234335917472839, 0.9259982025146485, 0.926948972606659, 0.9234262069702148, 0.9267443311691285, 0.9260564072608948, 0.9249456691741943], "current_lr_v": [0.1, 0.1, 0.1, 0.1, 0.1, 0.1, 0.1, 0.1, 0.010000000000000002, 0.010000000000000002, 0.010000000000000002, 0.010000000000000002, 0.010000000000000002, 0.010000000000000002, 0.010000000000000002, 0.010000000000000002, 0.010000000000000002, 0.010000000000000002, 0.010000000000000002, 0.010000000000000002, 0.010000000000000002, 0.010000000000000002, 0.010000000000000002, 0.010000000000000002, 0.010000000000000002, 0.0010000000000000002, 0.0010000000000000002, 0.0010000000000000002, 0.0010000000000000002, 0.0010000000000000002, 0.0010000000000000002, 0.0010000000000000002, 0.0010000000000000002, 0.0010000000000000002, 0.0010000000000000002, 0.0010000000000000002, 0.0010000000000000002, 0.0010000000000000002, 0.0010000000000000002, 0.0010000000000000002, 0.0010000000000000002, 0.0010000000000000002, 0.0010000000000000002, 0.0010000000000000002, 0.0010000000000000002, 0.0010000000000000002, 0.0010000000000000002, 0.0010000000000000002, 0.0010000000000000002, 0.0010000000000000002, 0.0010000000000000002, 0.0010000000000000002, 0.0010000000000000002, 0.0010000000000000002, 0.0010000000000000002, 0.0010000000000000002, 0.0010000000000000002, 0.0010000000000000002, 0.0010000000000000002, 0.00010000000000000003, 0.00010000000000000003, 0.00010000000000000003, 0.00010000000000000003, 0.00010000000000000003, 0.00010000000000000003, 0.00010000000000000003, 0.00010000000000000003, 0.00010000000000000003, 0.00010000000000000003, 0.00010000000000000003, 0.00010000000000000003, 0.00010000000000000003, 0.00010000000000000003, 0.00010000000000000003, 0.00010000000000000003, 0.00010000000000000003, 1.0000000000000004e-05, 1.0000000000000004e-05, 1.0000000000000004e-05, 1.0000000000000004e-05, 1.0000000000000004e-06, 1.0000000000000004e-06, 1.0000000000000004e-06, 1.0000000000000004e-06, 1.0000000000000005e-07, 1.0000000000000005e-07, 1.0000000000000005e-07, 1.0000000000000005e-07, 1.0000000000000005e-07, 1.0000000000000005e-07, 1.0000000000000005e-07, 1.0000000000000005e-08, 1.0000000000000005e-08, 1.0000000000000005e-08, 1.0000000000000005e-08, 1.0000000000000005e-08, 1.0000000000000005e-08, 1.0000000000000005e-08, 1.0000000000000005e-08, 1.0000000000000005e-08],