{"train_acc_v": [10.956, 10.034, 10.064, 9.96, 10.258, 10.294, 9.808, 10.198, 9.818, 10.06, 9.836, 9.746, 9.914, 10.12, 9.956, 9.958, 10.024, 9.83, 10.198, 9.974, 9.816, 9.724, 9.696, 10.0, 10.0, 9.93, 9.86, 10.0, 10.0, 10.0, 10.0, 10.0, 10.0, 10.0, 10.0, 10.0, 10.0, 10.0, 10.0, 10.0, 10.0, 10.0, 10.0, 10.0, 10.0, 10.0, 10.0, 10.0, 10.0, 10.0, 10.0, 10.0, 10.0, 10.0, 10.0, 10.0, 10.0, 10.0, 10.0, 10.0, 10.0, 10.0, 10.0, 10.0, 10.0, 10.0, 10.0, 10.0, 10.0, 10.0, 10.0, 10.0, 10.0, 10.0, 10.0, 10.0, 10.0, 10.0, 10.0, 10.0, 10.0, 10.0, 10.0, 10.0, 10.0, 10.0, 10.0, 10.0, 10.0, 10.0, 10.0, 10.0, 10.0, 10.0, 10.0, 10.0, 10.0, 10.0, 10.0, 10.0], "train_loss_v": [5.611109420547486, 2.426458274383545, 2.7859580992889406, 2.6534242054748534, 2.6999871923828125, 2.594551519393921, 2.309197287063599, 2.3126979837799073, 2.309909771270752, 2.309556498641968, 2.3101603772735597, 2.309774793395996, 2.309797660675049, 2.3140105668640136, 2.303602720184326, 2.303292129211426, 2.3033153703308105, 2.303368765411377, 2.303287853240967, 2.3028242167663575, 2.3027066203308104, 2.3026832623291016, 2.302703858947754, 2.3026030646514895, 2.3026020529937745, 2.302600167007446, 2.3025993617248535, 2.302588232040405, 2.3025881062316893, 2.3025881183624266, 2.3025880233001708, 2.302586829071045, 2.3025868162536622, 2.302586826171875, 2.3025868113708494, 2.302586725845337, 2.3025867012786865, 2.3025867250061034, 2.302586676483154, 2.3025865718841554, 2.3025866396331787, 2.3025865913391113, 2.3025866467285154, 2.3025865926361084, 2.302586616973877, 2.3025866750335693, 2.3025866484069826, 2.30258671875, 2.3025866358947753, 2.302586608200073, 2.3025866355895994, 2.302586689529419, 2.3025867088317873, 2.3025867202758787, 2.3025867711639405, 2.302586709213257, 2.3025867073059083, 2.302586710510254, 2.30258664642334, 2.302586638259888, 2.3025865797424316, 2.302586608734131, 2.3025865779113768, 2.3025866681671143, 2.302586649017334, 2.302586669921875, 2.302586639251709, 2.3025867121887207, 2.302586661758423, 2.3025866218566895, 2.3025866888427733, 2.302586616973877, 2.302586673126221, 2.3025866539001463, 2.3025866806030275, 2.3025867027282714, 2.3025866738891603, 2.3025867573547365, 2.302586660308838, 2.302586711654663, 2.3025866816711424, 2.302586594238281, 2.302586595993042, 2.3025865950775146, 2.302586667175293, 2.302586647491455, 2.302586659088135, 2.3025866862487794, 2.3025866819763183, 2.302586681289673, 2.302586668548584, 2.3025867139434815, 2.3025866801452635, 2.302586643676758, 2.3025867057037352, 2.302586626739502, 2.302586661605835, 2.302586702346802, 2.3025867280578614, 2.3025866022491455], "test_acc_v": [10.0, 10.0, 7.56, 10.0, 13.58, 10.0, 10.0, 10.0, 10.0, 10.0, 10.0, 10.0, 10.0, 10.0, 10.0, 10.0, 10.0, 10.0, 10.0, 10.0, 10.0, 10.0, 10.0, 10.0, 10.0, 10.0, 10.0, 10.0, 10.0, 10.0, 10.0, 10.0, 10.0, 10.0, 10.0, 10.0, 10.0, 10.0, 10.0, 10.0, 10.0, 10.0, 10.0, 10.0, 10.0, 10.0, 10.0, 10.0, 10.0, 10.0, 10.0, 10.0, 10.0, 10.0, 10.0, 10.0, 10.0, 10.0, 10.0, 10.0, 10.0, 10.0, 10.0, 10.0, 10.0, 10.0, 10.0, 10.0, 10.0, 10.0, 10.0, 10.0, 10.0, 10.0, 10.0, 10.0, 10.0, 10.0, 10.0, 10.0, 10.0, 10.0, 10.0, 10.0, 10.0, 10.0, 10.0, 10.0, 10.0, 10.0, 10.0, 10.0, 10.0, 10.0, 10.0, 10.0, 10.0, 10.0, 10.0, 10.0], "test_loss_v": [4.601996389007568, 85432.5594, 124.79494602050781, 1818.965253125, 2.3625178379058838, 2.4837286529541016, 2.3086362575531005, 2.3126566619873046, 2.3080770168304445, 2.305491555404663, 2.3070817794799803, 2.3163764907836915, 2.309446298980713, 2.3108850914001464, 2.3028329917907713, 2.302906163406372, 2.3028230697631837, 2.302858194732666, 2.302967112350464, 2.3026194938659668, 2.3025902755737304, 2.3026010932922363, 2.302590867233276, 2.302589332199097, 2.3025882888793947, 2.302587232208252, 2.3025869270324706, 2.3025870166778564, 2.3025866691589356, 2.3025866050720216, 2.3025866764068605, 2.3025866786956786, 2.302586553955078, 2.3025867614746094, 2.30258662109375, 2.3025866786956786, 2.302586657333374, 2.3025867427825926, 2.30258656539917, 2.3025867668151854, 2.302586724090576, 2.302586699676514, 2.3025866661071777, 2.302586611175537, 2.30258656539917, 2.302586763763428, 2.3025867332458496, 2.302586660003662, 2.302586647796631, 2.302586611175537, 2.302586739730835, 2.3025867305755616, 2.3025866416931153, 2.3025867946624756, 2.3025867702484133, 2.3025867362976076, 2.302586727142334, 2.3025867057800293, 2.3025866355895994, 2.302586632537842, 2.302586544036865, 2.302586507034302, 2.302586669540405, 2.3025866512298583, 2.302586611175537, 2.302586611175537, 2.30258676109314, 2.3025867031097413, 2.30258669090271, 2.3025866634368897, 2.302586583709717, 2.3025865592956545, 2.3025867183685302, 2.302586681365967, 2.302586608123779, 2.3025865745544434, 2.3025868003845216, 2.302586711883545, 2.3025866539001463, 2.3025866355895994, 2.302586614227295, 2.3025865745544434, 2.3025865531921386, 2.3025867485046385, 2.3025866355895994, 2.302586608123779, 2.30258656539917, 2.3025867668151854, 2.302586681365967, 2.3025866203308105, 2.302586574172974, 2.302586574172974, 2.3025865310668947, 2.3025867149353028, 2.3025866844177245, 2.3025866661071777, 2.3025865310668947, 2.3025867736816408, 2.302586734008789, 2.302586595916748], "current_lr_v": [0.1, 0.1, 0.1, 0.1, 0.1, 0.1, 0.1, 0.1, 0.1, 0.1, 0.1, 0.1, 0.1, 0.010000000000000002, 0.010000000000000002, 0.010000000000000002, 0.010000000000000002, 0.010000000000000002, 0.0010000000000000002, 0.0010000000000000002, 0.0010000000000000002, 0.0010000000000000002, 0.00010000000000000003, 0.00010000000000000003, 0.00010000000000000003, 0.00010000000000000003, 1.0000000000000004e-05, 1.0000000000000004e-05, 1.0000000000000004e-05, 1.0000000000000004e-05, 1.0000000000000004e-06, 1.0000000000000004e-06, 1.0000000000000004e-06, 1.0000000000000004e-06, 1.0000000000000005e-07, 1.0000000000000005e-07, 1.0000000000000005e-07, 1.0000000000000005e-07, 1.0000000000000005e-08, 1.0000000000000005e-08, 1.0000000000000005e-08, 1.0000000000000005e-08, 1.0000000000000005e-08, 1.0000000000000005e-08, 1.0000000000000005e-08, 1.0000000000000005e-08, 1.0000000000000005e-08, 1.0000000000000005e-08, 1.0000000000000005e-08, 1.0000000000000005e-08, 1.0000000000000005e-08, 1.0000000000000005e-08, 1.0000000000000005e-08, 1.0000000000000005e-08, 1.0000000000000005e-08, 1.0000000000000005e-08, 1.0000000000000005e-08, 1.0000000000000005e-08, 1.0000000000000005e-08, 1.0000000000000005e-08, 1.0000000000000005e-08, 1.0000000000000005e-08, 1.0000000000000005e-08, 1.0000000000000005e-08, 1.0000000000000005e-08, 1.0000000000000005e-08, 1.0000000000000005e-08, 1.0000000000000005e-08, 1.0000000000000005e-08, 1.0000000000000005e-08, 1.0000000000000005e-08, 1.0000000000000005e-08, 1.0000000000000005e-08, 1.0000000000000005e-08, 1.0000000000000005e-08, 1.0000000000000005e-08, 1.0000000000000005e-08, 1.0000000000000005e-08, 1.0000000000000005e-08, 1.0000000000000005e-08, 1.0000000000000005e-08, 1.0000000000000005e-08, 1.0000000000000005e-08, 1.0000000000000005e-08, 1.0000000000000005e-08, 1.0000000000000005e-08, 1.0000000000000005e-08, 1.0000000000000005e-08, 1.0000000000000005e-08, 1.0000000000000005e-08, 1.0000000000000005e-08, 1.0000000000000005e-08, 1.0000000000000005e-08, 1.0000000000000005e-08, 1.0000000000000005e-08, 1.0000000000000005e-08, 1.0000000000000005e-08, 1.0000000000000005e-08, 1.0000000000000005e-08, 1.0000000000000005e-08],