{"train_acc_v": [11.166, 10.648, 10.724, 11.874, 11.04, 11.034, 10.728, 10.634, 10.526, 11.034, 33.912, 46.044, 52.302, 56.546, 58.698, 60.044, 61.57, 62.236, 63.42, 64.06, 64.648, 65.084, 65.324, 65.93, 66.736, 67.252, 67.302, 67.544, 68.16, 73.492, 74.994, 75.518, 76.046, 76.286, 76.84, 76.95, 77.126, 77.42, 77.674, 77.732, 77.886, 78.414, 78.308, 78.466, 78.658, 79.22, 79.012, 79.156, 79.42, 79.55, 79.552, 79.992, 79.984, 79.904, 80.042, 80.518, 80.532, 80.568, 81.902, 82.106, 82.206, 82.55, 82.588, 82.448, 82.624, 82.58, 82.742, 82.594, 82.98, 82.834, 82.922, 83.188, 82.772, 82.96, 83.016, 82.884, 83.02, 82.786, 82.872, 82.71, 82.944, 82.9, 82.88, 82.868, 82.736, 83.062, 82.998, 82.826, 82.852, 83.07, 82.796, 82.712, 83.17, 83.068, 83.192, 83.038, 83.162, 82.904, 83.032, 82.978], "train_loss_v": [3.9909004376220705, 3.8453535385131836, 3.7091574168395995, 3.7799555880737303, 3.9342228602600096, 3.9500180786895753, 3.9482098779296875, 3.8035600452423095, 3.8361350791931152, 3.662257587890625, 1.781955596008301, 1.4750450492095948, 1.3274549464797973, 1.2312103272247314, 1.1773268660736085, 1.1458029650878907, 1.112840387954712, 1.0864788872528077, 1.0613066014289856, 1.0438633520507812, 1.0307401579284667, 1.023318560180664, 1.0094470395278932, 0.9917250306892395, 0.9761015030479431, 0.966186908569336, 0.9615207033538818, 0.9534867790031433, 0.9389557472038269, 0.7613070455551147, 0.7184209965133667, 0.7034782175064087, 0.6922567019462585, 0.684363761253357, 0.6751962671852112, 0.6697836793327332, 0.6640903420829773, 0.6541683461761475, 0.6528908280849457, 0.6461937858200073, 0.6422177890396118, 0.6323153584671021, 0.6344766966056824, 0.6332304297447204, 0.6277976937770844, 0.614486348400116, 0.6142397518539429, 0.6105489609527588, 0.6068665235519409, 0.600838170967102, 0.5978968384170532, 0.5936189449310303, 0.5929736475372315, 0.5853653737640381, 0.5847373064613343, 0.5785528192329407, 0.5747705516624451, 0.5714661832046509, 0.532793387184143, 0.5234493815612793, 0.5192158283996582, 0.5137606539726257, 0.5112187065696716, 0.5094890006637574, 0.5080846893501282, 0.5097342398452759, 0.5036360119438171, 0.5062281838989258, 0.4957398135948181, 0.49788093002319334, 0.49892510250091554, 0.49357500308036806, 0.49843275577545165, 0.49752092639923096, 0.49620704023361206, 0.49935644954681396, 0.49678727207183837, 0.4993812109661102, 0.4989246614456177, 0.4977989307785034, 0.49820437992095945, 0.49727786865234375, 0.4968917561721802, 0.49827052883148193, 0.5022998627567291, 0.49477060733795164, 0.5006254803562165, 0.4977659243583679, 0.4993501367855072, 0.49590845209121703, 0.49978824447631837, 0.49885158060073853, 0.4938317732143402, 0.4931170774459839, 0.49324590127944945, 0.4939298450040817, 0.49393729316711427, 0.5020144410514832, 0.500471057548523, 0.4953349694633484], "test_acc_v": [10.0, 10.0, 10.0, 10.0, 10.0, 10.0, 10.0, 10.0, 13.42, 10.0, 41.65, 51.03, 43.85, 53.58, 60.26, 55.39, 60.16, 59.59, 63.62, 63.78, 62.45, 65.88, 62.66, 65.28, 68.6, 67.15, 66.96, 63.92, 68.55, 75.78, 76.29, 76.59, 76.38, 77.27, 77.52, 77.42, 77.66, 77.59, 77.67, 77.45, 77.88, 78.43, 78.24, 78.01, 78.18, 78.56, 78.48, 78.61, 78.77, 78.96, 78.52, 78.97, 79.11, 79.6, 79.57, 79.2, 79.87, 79.22, 80.72, 80.69, 80.98, 80.81, 81.02, 81.12, 81.04, 80.93, 81.08, 81.06, 81.02, 81.13, 81.06, 81.08, 81.1, 81.24, 81.06, 81.14, 81.2, 81.04, 81.13, 81.0, 81.18, 81.1, 81.13, 81.09, 81.02, 81.09, 81.14, 80.91, 81.14, 81.12, 81.14, 80.98, 81.03, 81.12, 81.03, 81.03, 81.0, 81.1, 81.17, 81.16], "test_loss_v": [4782.54977265625, 676.411462109375, 44.00201829833984, 3.9684748645782473, 4.4205383224487305, 3.038742259979248, 7.54984722366333, 166.3853674987793, 178.44419235839842, 108.61201787109376, 1.5340239336013795, 1.4296036350250245, 2.0020182472229004, 1.349973358154297, 1.3408155229568481, 1.6884932106018067, 1.216637087059021, 1.2098117480278014, 1.1338361941337585, 1.0552151691436769, 1.1160196333885193, 0.9781423784255981, 1.1424874168395995, 1.1372485948562623, 0.9358377794265748, 0.9789786811828614, 1.0422511329650879, 1.0963042941093444, 0.9763539670944213, 0.7204599502563477, 0.7019085965156555, 0.6973560697555542, 0.7084233251571656, 0.6915358123779297, 0.674769213962555, 0.6793634873390197, 0.668723061656952, 0.6759941570281982, 0.6693823120117187, 0.6917486088752747, 0.6648024799346924, 0.6615353930473328, 0.6662988854408264, 0.6819780439376831, 0.6731324286460877, 0.6568589443206787, 0.6615646477222442, 0.6665598054409028, 0.6435250824451446, 0.6746026093482971, 0.6693703914642334, 0.655245083618164, 0.6282237607002258, 0.6243164870738983, 0.6415274646759033, 0.640544287109375, 0.6379624947547913, 0.6366204107284545, 0.5987846823215485, 0.5961902834415436, 0.5926136870384217, 0.5869468923568726, 0.5855236299991607, 0.5870485491752625, 0.5869559335708618, 0.5869148409366608, 0.5872354455471038, 0.5801576330184937, 0.5831018055915832, 0.5829318881988526, 0.5842891797065735, 0.5860273737430572, 0.5819558301448822, 0.5827264286041259, 0.5888753350257874, 0.5815737055301666, 0.5841622169017792, 0.5785177213191987, 0.5804257639884949, 0.5818464077472687, 0.5849187398910523, 0.5827523679733276, 0.5837680576324463, 0.5822732850551605, 0.5862493161201477, 0.5815862292766572, 0.5829651772022247, 0.5858800208568573, 0.5845231808185577, 0.5847063953399658, 0.5816713317871094, 0.5880576627254486, 0.581723628282547, 0.5890556921005249, 0.5809702862262726, 0.5843095445156098, 0.5883996997356414, 0.58648984375, 0.583809234905243, 0.5820978394508362], "current_lr_v": [0.1, 0.1, 0.1, 0.1, 0.1, 0.1, 0.1, 0.1, 0.1, 0.010000000000000002, 0.010000000000000002, 0.010000000000000002, 0.010000000000000002, 0.010000000000000002, 0.010000000000000002, 0.010000000000000002, 0.010000000000000002, 0.010000000000000002, 0.010000000000000002, 0.010000000000000002, 0.010000000000000002, 0.010000000000000002, 0.010000000000000002, 0.010000000000000002, 0.010000000000000002, 0.010000000000000002, 0.010000000000000002, 0.010000000000000002, 0.0010000000000000002, 0.0010000000000000002, 0.0010000000000000002, 0.0010000000000000002, 0.0010000000000000002, 0.0010000000000000002, 0.0010000000000000002, 0.0010000000000000002, 0.0010000000000000002, 0.0010000000000000002, 0.0010000000000000002, 0.0010000000000000002, 0.0010000000000000002, 0.0010000000000000002, 0.0010000000000000002, 0.0010000000000000002, 0.0010000000000000002, 0.0010000000000000002, 0.0010000000000000002, 0.0010000000000000002, 0.0010000000000000002, 0.0010000000000000002, 0.0010000000000000002, 0.0010000000000000002, 0.0010000000000000002, 0.0010000000000000002, 0.0010000000000000002, 0.0010000000000000002, 0.0010000000000000002, 0.00010000000000000003, 0.00010000000000000003, 0.00010000000000000003, 0.00010000000000000003, 0.00010000000000000003, 0.00010000000000000003, 0.00010000000000000003, 0.00010000000000000003, 0.00010000000000000003, 1.0000000000000004e-05, 1.0000000000000004e-05, 1.0000000000000004e-05, 1.0000000000000004e-05, 1.0000000000000004e-05, 1.0000000000000004e-06, 1.0000000000000004e-06, 1.0000000000000004e-06, 1.0000000000000004e-06, 1.0000000000000005e-07, 1.0000000000000005e-07, 1.0000000000000005e-07, 1.0000000000000005e-07, 1.0000000000000005e-07, 1.0000000000000005e-07, 1.0000000000000005e-08, 1.0000000000000005e-08, 1.0000000000000005e-08, 1.0000000000000005e-08, 1.0000000000000005e-08, 1.0000000000000005e-08, 1.0000000000000005e-08, 1.0000000000000005e-08, 1.0000000000000005e-08, 1.0000000000000005e-08, 1.0000000000000005e-08, 1.0000000000000005e-08, 1.0000000000000005e-08, 1.0000000000000005e-08, 1.0000000000000005e-08, 1.0000000000000005e-08, 1.0000000000000005e-08, 1.0000000000000005e-08, 1.0000000000000005e-08],