{"avg": [0.6741, 0.55382, 0.43870000000000003, 0.32452000000000003, 0.30586, 0.23982, 0.2191, 0.20260000000000003, 0.16155999999999998, 0.1856, 0.16076], "std": [0.0, 0.040284855715268485, 0.10392422239304946, 0.03189303372211555, 0.057484940636657184, 0.07100781365455495, 0.07209873785303042, 0.04888586707832849, 0.009204042590079646, 0.027847728812238893, 0.024823907830960053], "min": [0.6741, 0.4823, 0.2738, 0.278, 0.2352, 0.1558, 0.1128, 0.126, 0.1475, 0.1465, 0.1136], "max": [0.6741, 0.6044, 0.5523, 0.3755, 0.3844, 0.3412, 0.3375, 0.2765, 0.1732, 0.2275, 0.1827], "all_values": [[0.6741, 0.6741, 0.6741, 0.6741, 0.6741], [0.5479, 0.5625, 0.572, 0.6044, 0.4823], [0.5523, 0.3648, 0.5187, 0.2738, 0.4839], [0.3086, 0.3316, 0.3755, 0.278, 0.3289], [0.2352, 0.3583, 0.2558, 0.3844, 0.2956], [0.3412, 0.1558, 0.2451, 0.2901, 0.1669], [0.3375, 0.197, 0.1128, 0.2323, 0.2159], [0.1996, 0.126, 0.2765, 0.1882, 0.2227], [0.1732, 0.1557, 0.169, 0.1475, 0.1624], [0.2275, 0.1752, 0.2045, 0.1743, 0.1465], [0.1136, 0.1796, 0.1635, 0.1644, 0.1827]], "loss_all_values": [[72.97262930870056, 72.97262930870056, 72.97262930870056, 72.97262930870056, 72.97262930870056], [106.36851751804352, 99.20689451694489, 98.87716472148895, 91.65553051233292, 134.08828747272491], [102.72142231464386, 157.8588992357254, 110.54374063014984, 196.0875073671341, 124.06094133853912], [193.77311420440674, 165.6363537311554, 149.586599111557, 202.92420411109924, 178.19815051555634], [220.31111216545105, 156.13664996623993, 192.19873821735382, 140.22501277923584, 182.27718138694763], [145.72962188720703, 259.1676449775696, 210.24641036987305, 177.83461129665375, 194.276948928833], [153.82321441173553, 244.35649061203003, 333.41963267326355, 184.1171395778656, 219.29654550552368], [212.4719271659851, 308.06952142715454, 198.46882820129395, 271.70666098594666, 182.1192502975464], [256.169570684433, 274.12342834472656, 202.0243866443634, 248.07506251335144, 247.3010425567627], [208.43272078037262, 243.57480835914612, 199.62598276138306, 207.40837407112122, 229.78204154968262], [238.2465980052948, 265.2083806991577, 214.65244150161743, 260.0308668613434, 188.8642382621765]]}