{"train_acc_v": [10.03, 9.904, 9.934, 10.858, 10.322, 9.994, 10.018, 9.914, 9.746, 9.948, 10.048, 10.0, 10.0, 9.942, 9.928, 10.0, 10.0, 10.0, 10.0, 10.0, 10.0, 10.0, 10.0, 10.0, 10.0, 10.0, 10.0, 10.0, 10.0, 10.0, 10.0, 10.0, 10.0, 10.0, 10.0, 10.0, 10.0, 10.0, 10.0, 10.0, 10.0, 10.0, 10.0, 10.0, 10.0, 10.0, 10.0, 10.0, 10.0, 10.0, 10.0, 10.0, 10.0, 10.0, 10.0, 10.0, 10.0, 10.0, 10.0, 10.0, 10.0, 10.0, 10.0, 10.0, 10.0, 10.0, 10.0, 10.0, 10.0, 10.0, 10.0, 10.0, 10.0, 10.0, 10.0, 10.0, 10.0, 10.0, 10.0, 10.0, 10.0, 10.0, 10.0, 10.0, 10.0, 10.0, 10.0, 10.0, 10.0, 10.0, 10.0, 10.0, 10.0, 10.0, 10.0, 10.0, 10.0, 10.0, 10.0, 10.0, 10.0, 10.0, 10.0, 10.0, 10.0, 10.0, 10.0, 10.0, 10.0, 10.0, 10.0, 10.0, 10.0, 10.0, 10.0, 10.0, 10.0, 10.0, 10.0, 10.0], "train_loss_v": [21.130219330978395, 2.3597917930603027, 2.309876676635742, 2.303323996429443, 2.311691148147583, 2.3045955612182616, 2.304530878982544, 2.3028570162200928, 2.302839298553467, 2.3028726988983155, 2.3028697019195556, 2.3026759147644045, 2.302638811416626, 2.3026331956481934, 2.302626070327759, 2.3025917166900634, 2.302590450973511, 2.302590894622803, 2.3025912506103516, 2.3025865953063964, 2.3025866341400145, 2.3025865105438235, 2.302586557006836, 2.3025861709594726, 2.302586138000488, 2.302586092529297, 2.302586198196411, 2.3025861902618407, 2.3025862018585204, 2.3025862019348144, 2.3025861198425295, 2.302586075973511, 2.3025861122894287, 2.302586118774414, 2.3025860664367674, 2.3025861589813235, 2.302586101913452, 2.3025861059570314, 2.3025861361694338, 2.302586085510254, 2.302586151046753, 2.302586121520996, 2.3025861332702635, 2.302586095504761, 2.3025860832977294, 2.3025861375427246, 2.3025860581970217, 2.3025860884857177, 2.3025860916900633, 2.3025860884857177, 2.3025861492919923, 2.3025861396026612, 2.3025860731506347, 2.3025861206817626, 2.3025860186767577, 2.3025861101531984, 2.3025861558532714, 2.3025861092376707, 2.302586111984253, 2.302586171875, 2.3025860608673097, 2.3025861446380613, 2.3025861450958254, 2.302586151046753, 2.3025861380767823, 2.30258616065979, 2.3025860682678223, 2.3025860752105713, 2.3025860721588134, 2.302586115112305, 2.302586096115112, 2.3025860872650146, 2.302586092834473, 2.3025861254882813, 2.302586143951416, 2.3025861327362063, 2.3025861125183105, 2.302586060409546, 2.302586102523804, 2.302586155471802, 2.302586055221558, 2.3025861294555665, 2.302586104888916, 2.3025861308288573, 2.3025860762786867, 2.302586191253662, 2.302586122055054, 2.302586153945923, 2.3025861320495604, 2.3025861109924315, 2.302586109390259, 2.3025860619354246, 2.302586165924072, 2.302586095123291, 2.3025853231048585, 2.3025860916900633, 2.302586151809692, 2.3025861164855956, 2.3025860494232178, 2.3025861227416993, 2.3025861125946046, 2.3025860931396482, 2.302586121444702, 2.3025861321258545, 2.3025861380767823, 2.3025860860443115, 2.3025861415100097, 2.3025861853027343, 2.3025861116027833, 2.3025861423492433, 2.302586098861694, 2.3025860845947266, 2.3025860442352295, 2.3025861288452147, 2.302586125946045, 2.3025861336517335, 2.302586121520996, 2.3025861682128905, 2.3025860706329344, 2.3025861293029783], "test_acc_v": [10.11, 10.0, 9.96, 10.03, 10.0, 10.0, 10.0, 10.0, 10.0, 10.0, 10.0, 10.0, 10.0, 10.0, 10.0, 10.0, 10.0, 10.0, 10.0, 10.0, 10.0, 10.0, 10.0, 10.0, 10.0, 10.0, 10.0, 10.0, 10.0, 10.0, 10.0, 10.0, 10.0, 10.0, 10.0, 10.0, 10.0, 10.0, 10.0, 10.0, 10.0, 10.0, 10.0, 10.0, 10.0, 10.0, 10.0, 10.0, 10.0, 10.0, 10.0, 10.0, 10.0, 10.0, 10.0, 10.0, 10.0, 10.0, 10.0, 10.0, 10.0, 10.0, 10.0, 10.0, 10.0, 10.0, 10.0, 10.0, 10.0, 10.0, 10.0, 10.0, 10.0, 10.0, 10.0, 10.0, 10.0, 10.0, 10.0, 10.0, 10.0, 10.0, 10.0, 10.0, 10.0, 10.0, 10.0, 10.0, 10.0, 10.0, 10.0, 10.0, 10.0, 10.0, 10.0, 10.0, 10.0, 10.0, 10.0, 10.0, 10.0, 10.0, 10.0, 10.0, 10.0, 10.0, 10.0, 10.0, 10.0, 10.0, 10.0, 10.0, 10.0, 10.0, 10.0, 10.0, 10.0, 10.0, 10.0, 10.0], "test_loss_v": [2.3256013103485107, 2.3266663307189943, 2.305081771850586, 2.3643757843017577, 2.306624521255493, 2.310089593505859, 2.307713557052612, 2.305956488800049, 2.305654930114746, 2.3037653591156007, 2.303511255645752, 2.304579831695557, 2.304541004562378, 2.304162287902832, 2.3044093574523927, 2.3047547580718994, 2.3047128463745117, 2.304943391799927, 2.3043759330749514, 2.306053115081787, 2.304193176269531, 2.3065262924194334, 2.305682322692871, 2.3050360279083253, 2.3029660301208494, 2.304409560394287, 2.30435546913147, 2.3030571723937987, 2.3035399574279785, 2.303522031021118, 2.3049330169677735, 2.303872885131836, 2.3030164672851563, 2.3030399566650392, 2.3047187133789064, 2.304944494628906, 2.30365634765625, 2.3031330688476563, 2.3038803192138673, 2.3038653747558593, 2.303933367919922, 2.306631414794922, 2.3034249420166018, 2.30344892578125, 2.304209130859375, 2.304285827636719, 2.3049620666503907, 2.305669885253906, 2.3063101013183593, 2.3047939819335936, 2.303286764526367, 2.304246792602539, 2.3040072509765626, 2.303077670288086, 2.303778961181641, 2.3034305969238282, 2.3058533111572266, 2.303725924682617, 2.3044628997802734, 2.3077687133789064, 2.304205224609375, 2.304049572753906, 2.3029981994628907, 2.3043534454345704, 2.3043247009277343, 2.3037173065185548, 2.3037106628417967, 2.305970159912109, 2.3058533142089845, 2.303520980834961, 2.305120098876953, 2.306433285522461, 2.3028886138916014, 2.3038533874511717, 2.305692825317383, 2.3066857849121094, 2.3052836303710937, 2.304781674194336, 2.3049661712646485, 2.3051484436035157, 2.3045956024169922, 2.3031556365966797, 2.304965609741211, 2.3045259185791016, 2.3038258209228517, 2.3051135711669923, 2.3036058013916016, 2.30679638671875, 2.3065203521728517, 2.304858154296875, 2.3051900299072265, 2.303837112426758, 2.306708142089844, 2.3047895690917968, 2.3075165252685546, 2.3057758880615236, 2.305384454345703, 2.304868096923828, 2.3041092224121096, 2.3051365325927735, 2.3042598419189453, 2.3045578552246093, 2.3052041412353517, 2.303345037841797, 2.303316729736328, 2.307756546020508, 2.305562191772461, 2.3038421173095704, 2.3041545471191407, 2.3044643676757812, 2.303787750244141, 2.304710903930664, 2.3032836181640626, 2.3101920959472655, 2.3063271301269532, 2.3059104064941405, 2.3064330657958982, 2.3063217864990233, 2.3048845916748046, 2.3044106719970703],