{"train_acc_v": [10.118, 9.968, 10.014, 9.944, 16.256, 27.498, 30.786, 32.212, 35.55, 38.682, 42.33, 44.26, 47.36, 49.472, 50.874, 55.308, 56.966, 57.958, 58.178, 58.8, 58.898, 58.878, 59.096, 58.796, 59.064, 59.156, 59.052, 59.088, 59.286, 58.932, 59.112, 59.178, 59.318, 59.112, 59.2, 58.842, 59.214, 59.154, 58.984, 58.892, 59.11, 59.304, 59.18, 59.096, 58.93, 59.14, 59.0, 59.248, 59.196, 59.0, 59.042, 59.196, 59.222, 59.22, 59.214, 59.116, 59.042, 59.028, 59.074, 58.666, 59.038, 58.928, 59.102, 59.246, 58.876, 59.066, 59.028, 59.062, 59.246, 59.224, 59.084, 58.916, 58.968, 58.996, 59.288, 59.232, 58.808, 59.206, 59.16, 59.236, 59.198, 58.81, 59.138, 59.06, 58.906, 59.098, 59.108, 59.072, 59.104, 59.142, 58.994, 59.172, 59.162, 59.232, 59.054, 59.26, 59.148, 58.964, 58.932, 58.978, 59.234, 59.108, 58.954, 59.034, 59.146, 58.94, 59.038, 59.1, 59.128, 59.104, 59.052, 58.888, 59.176, 59.114, 59.13, 59.018, 59.154, 59.216, 59.164, 58.924], "train_loss_v": [5.039981332550049, 2.3096310234069826, 2.3103194760131838, 2.3097541104125976, 3.7165727908706665, 1.8935135887145995, 1.9069344818878173, 1.8354433359527589, 1.849579575767517, 1.6400793532943725, 1.5903915993499755, 1.5387212145233153, 1.4417707601165772, 1.3845761849594116, 1.425037161140442, 1.2400819763946533, 1.1952893183135986, 1.1664953858566285, 1.1611989712905884, 1.1430921472930908, 1.1426396970367432, 1.1436023847198487, 1.142711196975708, 1.141089342651367, 1.138420874519348, 1.137183264541626, 1.1375111415863037, 1.1386851682281494, 1.13591689496994, 1.1397110787200928, 1.1392145793914794, 1.1361737909698486, 1.1359625440597534, 1.1363267157363892, 1.1366962372589111, 1.1384114268493652, 1.1339486162567138, 1.1352745128631592, 1.139622342453003, 1.140137610168457, 1.1398301699447633, 1.1359589292144776, 1.1392459660720826, 1.1371539498519898, 1.1439782940483094, 1.1352194926834107, 1.138298108177185, 1.1357298085021972, 1.1354180029678345, 1.1369927744674682, 1.1381902365112304, 1.1372504457855224, 1.1390618521118163, 1.1353131933784484, 1.1354485161590575, 1.139015095024109, 1.1385700392913818, 1.1362161219406128, 1.1366068354034424, 1.1419026208114624, 1.1379024544143677, 1.1377101363372804, 1.1382158404159546, 1.135195821762085, 1.1398647182464599, 1.138729307975769, 1.1377873765182496, 1.136499737472534, 1.1387218898773193, 1.1352326295471191, 1.1395582104873658, 1.1389030652236938, 1.1381550160980225, 1.14122116563797, 1.1368110662078856, 1.1372812586975098, 1.138116668510437, 1.1358979655456543, 1.1369562699890137, 1.1397526165008545, 1.1384867085647583, 1.1419915366363524, 1.1354912754821778, 1.136930862236023, 1.137525063648224, 1.1387666690826417, 1.136904663848877, 1.1378396808242799, 1.140032998046875, 1.1404579410552977, 1.1368288449859618, 1.1380979286956787, 1.1360469647216798, 1.1375796044921875, 1.1358303805160523, 1.137607721748352, 1.137063070602417, 1.1353675748443603, 1.137311183166504, 1.1354705614089966, 1.1351085414123536, 1.1379877742004394, 1.13801840965271, 1.1378546640777587, 1.1399980257415772, 1.140605375404358, 1.1380058349990845, 1.1344464423370362, 1.1388286805343628, 1.1364493650436402, 1.1346661853790283, 1.137157550125122, 1.1351277339172363, 1.1387858249664307, 1.1363318880462647, 1.1384381098556517, 1.1348335508728027, 1.1356798847198486, 1.1369365793609618, 1.1393788877105713], "test_acc_v": [10.02, 10.0, 10.05, 9.99, 25.96, 19.48, 27.86, 22.25, 34.74, 43.26, 38.55, 46.97, 35.37, 50.53, 43.79, 56.95, 58.42, 58.9, 59.36, 59.09, 59.39, 58.72, 60.08, 59.36, 59.97, 59.42, 59.33, 59.58, 59.84, 60.39, 59.69, 59.85, 59.87, 59.59, 59.18, 59.64, 59.59, 60.21, 59.2, 59.78, 59.1, 59.54, 59.72, 59.48, 59.9, 59.52, 58.6, 59.78, 59.49, 59.97, 60.01, 59.15, 59.44, 59.59, 59.26, 59.57, 59.31, 59.86, 59.48, 59.64, 59.47, 59.4, 59.51, 59.85, 58.99, 59.75, 59.73, 58.98, 59.2, 59.59, 59.49, 59.03, 59.29, 59.62, 59.81, 59.37, 59.27, 59.89, 59.76, 59.51, 59.34, 59.48, 59.94, 59.56, 59.57, 59.67, 59.99, 59.67, 59.53, 59.59, 60.02, 59.11, 59.41, 59.05, 59.33, 59.52, 60.28, 59.56, 59.42, 59.05, 59.56, 59.55, 59.76, 60.0, 59.85, 59.65, 59.5, 59.39, 59.88, 59.74, 59.57, 60.16, 59.54, 60.12, 59.4, 59.73, 59.65, 59.95, 59.5, 59.3], "test_loss_v": [2.353112412261963, 2.3737078914642336, 2.367243235015869, 2.325618662261963, 1.9547391857147216, 2.394091773605347, 1.8827312824249267, 2.4123118911743164, 2.980959783935547, 2.913002127838135, 1.679484664916992, 2.6823652627944945, 47.38499208984375, 3.2385499506950377, 65.94303393650056, 7.764128459835052, 9.996384773921967, 8.024213441085815, 11.255315890026093, 24.105792069149018, 12.965830114173889, 20.587067288970946, 8.074880081653594, 16.10614861955643, 9.574814603710175, 11.1427487449646, 18.31762626466751, 12.099669514083862, 6.713673505210877, 3.375964125061035, 11.968087914371491, 8.589224090766907, 6.908963220500946, 11.8049753241539, 24.416672564315796, 11.074484575271606, 19.27357850112915, 7.103082766723633, 20.120417886161803, 8.67879737625122, 16.931005765247345, 11.546558001708984, 10.132834017181397, 18.298830997753143, 10.320283792877197, 12.713723200511932, 27.467932999706267, 10.123160197257995, 14.04374818458557, 6.40284430475235, 9.82258398962021, 23.747024495506288, 16.685213346672057, 11.107349175930024, 18.825107153701783, 13.70108721857071, 20.106475253295898, 9.317025533103942, 13.230421114730834, 11.950767501926421, 19.30596842927933, 21.50150827322006, 19.280004596042634, 11.368252739429474, 22.560852363967896, 9.424819596576691, 10.33384927930832, 24.34195579137802, 19.212870161914825, 11.932425020217895, 13.02444983329773, 34.782565435504914, 17.356860369777678, 14.243264723587036, 10.748911101913452, 15.093637963485717, 16.473072971153258, 7.308874502372742, 10.661764957141877, 18.884607915878295, 19.00053019514084, 11.455891864013672, 6.91757928724289, 11.125673293972016, 11.533558640098573, 9.792405199623108, 6.984999938774109, 11.852326730537415, 12.757785811328889, 12.356008744716645, 6.0149870600700375, 23.130903875541687, 14.151644351768494, 29.599723383808136, 15.709301388168335, 16.52695824689865, 6.622605633068085, 15.379196441745759, 10.765669946575164, 22.350272550487517, 17.09619836959839, 11.960364244747161, 11.814914533615113, 6.3693174248695374, 8.255002573394776, 8.04192070760727, 13.928283216953277, 15.13471098127365, 7.680720179367065, 10.05007642841339, 15.586214202785492, 4.672060459899902, 15.451070408821106, 7.805001372241974, 20.983017314338685, 12.941421642112731, 11.325656169986726, 8.612583203029633, 13.704730893802642, 14.838196482563019],