{"avg": [0.714, 0.56798, 0.51072, 0.42738, 0.35232, 0.32424000000000003, 0.24698000000000003, 0.19519999999999998, 0.19090000000000001, 0.1749, 0.1547], "std": [0.0, 0.06550253124879983, 0.03578840035542242, 0.035750043356617064, 0.022600831843098152, 0.06543221225054217, 0.04710118469847653, 0.039545366353088696, 0.02658683884932543, 0.05658208196947156, 0.03544646667864091], "min": [0.714, 0.4541, 0.4433, 0.3758, 0.3299, 0.2259, 0.1979, 0.1434, 0.1612, 0.1153, 0.1337], "max": [0.714, 0.6465, 0.5494, 0.4858, 0.3908, 0.3948, 0.3146, 0.2423, 0.2275, 0.2729, 0.2255], "all_values": [[0.714, 0.714, 0.714, 0.714, 0.714], [0.5446, 0.4541, 0.5925, 0.6022, 0.6465], [0.4433, 0.5203, 0.5494, 0.5137, 0.5269], [0.4168, 0.3758, 0.4858, 0.4392, 0.4193], [0.3299, 0.3908, 0.34, 0.3648, 0.3361], [0.3347, 0.3948, 0.3899, 0.2259, 0.2759], [0.3146, 0.2348, 0.1979, 0.1994, 0.2882], [0.1786, 0.1711, 0.1434, 0.2406, 0.2423], [0.1612, 0.2176, 0.1783, 0.2275, 0.1699], [0.2729, 0.1228, 0.1153, 0.1771, 0.1864], [0.2255, 0.1373, 0.1337, 0.1378, 0.1392]], "loss_all_values": [[66.9640760421753, 66.9640760421753, 66.9640760421753, 66.9640760421753, 66.9640760421753], [163.21850311756134, 240.27729725837708, 108.95581781864166, 150.01875698566437, 85.95939427614212], [232.09120750427246, 161.75937795639038, 156.13842368125916, 170.53845524787903, 153.5553206205368], [198.2542780637741, 318.60942935943604, 220.00742423534393, 209.68908369541168, 232.6673300266266], [314.96937465667725, 158.43628978729248, 259.7679328918457, 225.9937686920166, 377.9789001941681], [252.25242948532104, 220.5563304424286, 263.465616941452, 328.62036395072937, 268.5601828098297], [352.7124855518341, 355.83537459373474, 366.17031502723694, 316.1087489128113, 359.57112216949463], [494.40958642959595, 409.8031096458435, 419.40599393844604, 313.2197563648224, 349.569185256958], [456.42984986305237, 438.07436752319336, 471.17480659484863, 331.65940594673157, 435.0751347541809], [270.02456617355347, 548.4308929443359, 490.07352113723755, 541.4307980537415, 328.36919593811035], [339.5909433364868, 437.52730655670166, 375.61506032943726, 419.673024892807, 416.2243437767029]]}