{"train_acc_v": [11.928, 15.32, 17.04, 17.52, 17.468, 17.972, 35.298, 45.566, 51.276, 56.018, 59.048, 61.004, 62.324, 63.032, 64.394, 64.74, 65.558, 66.202, 67.114, 67.542, 67.632, 68.174, 68.21, 68.75, 68.97, 69.314, 69.478, 69.538, 69.532, 69.55, 70.01, 70.192, 70.4, 70.414, 74.256, 75.32, 76.026, 75.99, 76.552, 76.588, 76.856, 77.116, 77.178, 77.392, 77.28, 77.458, 77.896, 77.908, 77.996, 78.31, 78.354, 78.616, 78.828, 78.754, 78.866, 79.124, 78.998, 79.356, 79.292, 79.834, 79.542, 80.042, 79.762, 80.12, 80.268, 80.706, 80.202, 80.372, 81.348, 81.614, 81.656, 81.532, 81.992, 81.724, 81.956, 82.006, 81.99, 82.148, 82.108, 82.022, 81.926, 82.1, 82.292, 82.32, 82.534, 82.498, 82.272, 82.734, 82.45, 82.426, 82.83, 82.366, 82.448, 82.608, 82.57, 82.588, 82.534, 82.372, 82.482, 82.666], "train_loss_v": [3.250926189498901, 2.6256841285705566, 2.5057395873260497, 2.4326989755249024, 2.4330278940582275, 2.3855418949890135, 1.7057690701675414, 1.4767547973251343, 1.3387608477020263, 1.2223043964385987, 1.1464805490493775, 1.0963233843612672, 1.0661727347183227, 1.0318073699188233, 1.0081830825805664, 0.996711095085144, 0.9737067809295654, 0.9555700696945191, 0.941499377117157, 0.9308087788772583, 0.923024270362854, 0.9150826576423645, 0.9085509132385254, 0.8961186825561523, 0.8950328498649597, 0.8860415904617309, 0.8769038557052612, 0.8721578709220886, 0.8677341603469849, 0.871614966545105, 0.8624282865524292, 0.8580479065322876, 0.8566258746147156, 0.8507025371932984, 0.7379576392364502, 0.703645664024353, 0.689508943939209, 0.6826314149665833, 0.6743772922325134, 0.6689964633178711, 0.6616929127120972, 0.6606872744178772, 0.6508531742477417, 0.648519073677063, 0.6469863393211365, 0.6382800424957276, 0.6347886958312988, 0.6332727168083191, 0.6295434899520874, 0.6215197435379028, 0.6191950342369079, 0.613426601600647, 0.6095472514533996, 0.5997659412384033, 0.6022221892356873, 0.5990778341293335, 0.5932165631866455, 0.5906733822631836, 0.5868680090904236, 0.5817239334964752, 0.5814219079208374, 0.5744384426116943, 0.576473242301941, 0.568418310585022, 0.5680898983001709, 0.5603712516689301, 0.5638800387954712, 0.5584890759086609, 0.5339501872634888, 0.5251122159481049, 0.5228100277519226, 0.5253584055137634, 0.5177756532096863, 0.516761794166565, 0.513490870399475, 0.5118451314926148, 0.5118722355270385, 0.5107953951263428, 0.5118211324882508, 0.509651870546341, 0.5102540609550477, 0.5098951729679108, 0.5037368622684478, 0.5066135370254516, 0.49881307587623597, 0.5015417468166351, 0.49842290954589846, 0.49869402837753296, 0.5009981883907318, 0.49985735276222226, 0.49046503767967226, 0.5002032309150696, 0.49704962007522585, 0.4939481755256653, 0.4981142224502563, 0.4932857385921478, 0.4987321732711792, 0.5009245274734497, 0.49381333159446716, 0.494798039226532], "test_acc_v": [10.35, 10.03, 17.91, 17.45, 15.25, 10.0, 41.02, 45.45, 49.59, 51.97, 60.67, 56.57, 62.12, 59.13, 62.18, 64.23, 64.7, 60.32, 67.1, 67.2, 63.5, 67.65, 66.63, 68.4, 67.38, 64.51, 65.07, 68.46, 67.4, 70.59, 68.72, 69.44, 68.82, 68.06, 76.03, 76.29, 76.54, 76.58, 77.03, 76.61, 77.17, 77.59, 77.77, 77.63, 77.97, 77.26, 78.22, 77.81, 77.95, 78.05, 78.3, 78.15, 78.3, 78.65, 78.82, 78.86, 79.02, 78.64, 78.86, 79.2, 79.1, 78.92, 79.32, 79.3, 79.16, 79.06, 79.01, 79.08, 79.93, 80.14, 80.42, 80.47, 80.27, 80.39, 80.57, 80.52, 80.44, 80.72, 80.62, 80.54, 80.71, 80.66, 80.91, 80.75, 80.77, 80.81, 80.97, 80.95, 80.89, 80.91, 80.76, 80.96, 80.74, 80.69, 80.84, 80.89, 80.81, 81.01, 80.73, 80.69], "test_loss_v": [6.53849140625, 5.98637924118042, 12.965207345581055, 15.292525582885743, 6.616233757019043, 7.152517475128174, 1.5825138700485228, 1.508716790008545, 1.4702482587814332, 1.4185454660415648, 1.0983706398010253, 1.3492887651443481, 1.0644980764389038, 1.202854947566986, 1.1087335313796998, 1.0295731969833375, 1.0159651355743409, 1.1482361759662627, 0.9553946393966675, 0.9574682953834533, 1.0743443665504455, 0.950506150817871, 0.9612677331924439, 0.9437455738067627, 0.9569154220581054, 1.0490518027305602, 1.0270123191833496, 0.9228791660308838, 0.9712227493286133, 0.8575716381072997, 0.9128475384712219, 0.8872026976585388, 0.9135499464035034, 0.9221895311355591, 0.704208009147644, 0.689010467338562, 0.6880588092803955, 0.6758676669120789, 0.6732668849945068, 0.6755923684120179, 0.6751257987976074, 0.6581478692054749, 0.6637818160057067, 0.6546389713287354, 0.6481360003471375, 0.6673690573692321, 0.6468005795478821, 0.646040482711792, 0.6395151715278625, 0.6411012648582458, 0.6356728418827057, 0.6338021083831787, 0.6354277396202087, 0.6298764245986939, 0.6235378913879395, 0.6232494546890259, 0.6184097485542297, 0.631737463760376, 0.6187344620227814, 0.6199633288383484, 0.6176858884811401, 0.6210915273666382, 0.6136844153404236, 0.6093439835548401, 0.6151272428512573, 0.6165297180175782, 0.6236655475616455, 0.6206965126037598, 0.5857014966487885, 0.5895403351306915, 0.5808471898078919, 0.5789582239151001, 0.579288774728775, 0.5769071759223938, 0.5786439382076264, 0.5794089657306671, 0.5751397943973541, 0.5785815146446228, 0.5749813974380493, 0.5738842865467072, 0.5777096324920654, 0.5752220315933227, 0.5718213570594788, 0.5725750452518463, 0.5731260246276856, 0.5758222417831421, 0.5733457387924195, 0.5735982339859009, 0.5733835060119629, 0.5752873023033143, 0.5751704614639283, 0.5749091367244721, 0.5722754703998566, 0.5750358632564545, 0.5751826345443726, 0.5725464843273163, 0.5717687068939209, 0.572535605430603, 0.5730065435886383, 0.5766934031009674], "current_lr_v": [0.1, 0.1, 0.1, 0.1, 0.1, 0.010000000000000002, 0.010000000000000002, 0.010000000000000002, 0.010000000000000002, 0.010000000000000002, 0.010000000000000002, 0.010000000000000002, 0.010000000000000002, 0.010000000000000002, 0.010000000000000002, 0.010000000000000002, 0.010000000000000002, 0.010000000000000002, 0.010000000000000002, 0.010000000000000002, 0.010000000000000002, 0.010000000000000002, 0.010000000000000002, 0.010000000000000002, 0.010000000000000002, 0.010000000000000002, 0.010000000000000002, 0.010000000000000002, 0.010000000000000002, 0.010000000000000002, 0.010000000000000002, 0.010000000000000002, 0.010000000000000002, 0.0010000000000000002, 0.0010000000000000002, 0.0010000000000000002, 0.0010000000000000002, 0.0010000000000000002, 0.0010000000000000002, 0.0010000000000000002, 0.0010000000000000002, 0.0010000000000000002, 0.0010000000000000002, 0.0010000000000000002, 0.0010000000000000002, 0.0010000000000000002, 0.0010000000000000002, 0.0010000000000000002, 0.0010000000000000002, 0.0010000000000000002, 0.0010000000000000002, 0.0010000000000000002, 0.0010000000000000002, 0.0010000000000000002, 0.0010000000000000002, 0.0010000000000000002, 0.0010000000000000002, 0.0010000000000000002, 0.0010000000000000002, 0.0010000000000000002, 0.0010000000000000002, 0.0010000000000000002, 0.0010000000000000002, 0.0010000000000000002, 0.0010000000000000002, 0.0010000000000000002, 0.0010000000000000002, 0.00010000000000000003, 0.00010000000000000003, 0.00010000000000000003, 0.00010000000000000003, 0.00010000000000000003, 0.00010000000000000003, 0.00010000000000000003, 0.00010000000000000003, 0.00010000000000000003, 0.00010000000000000003, 0.00010000000000000003, 0.00010000000000000003, 0.00010000000000000003, 0.00010000000000000003, 0.00010000000000000003, 0.00010000000000000003, 0.00010000000000000003, 0.00010000000000000003, 0.00010000000000000003, 1.0000000000000004e-05, 1.0000000000000004e-05, 1.0000000000000004e-05, 1.0000000000000004e-05, 1.0000000000000004e-06, 1.0000000000000004e-06, 1.0000000000000004e-06, 1.0000000000000004e-06, 1.0000000000000005e-07, 1.0000000000000005e-07, 1.0000000000000005e-07, 1.0000000000000005e-07, 1.0000000000000005e-08, 1.0000000000000005e-08],