{"train_acc_v": [10.46, 15.398, 18.3, 18.62, 18.924, 19.342, 20.154, 20.57, 21.226, 19.538, 23.718, 30.054, 33.05, 36.512, 39.726, 43.16, 47.238, 50.328, 52.938, 46.996, 53.23, 54.406, 52.784, 55.788, 59.588, 64.626, 66.016, 66.21, 66.772, 67.16, 67.552, 67.694, 68.144, 68.454, 68.562, 69.07, 69.136, 69.38, 69.648, 69.988, 70.24, 70.372, 70.62, 70.64, 70.888, 71.254, 71.31, 71.646, 71.77, 71.916, 72.048, 71.866, 72.58, 72.524, 73.036, 72.9, 72.944, 73.352, 73.282, 73.772, 73.616, 73.778, 74.11, 74.416, 74.504, 74.428, 74.886, 74.692, 74.708, 74.68, 74.77, 74.656, 74.946, 74.924, 74.944, 74.808, 74.946, 74.714, 74.84, 74.914, 74.982, 74.702, 75.108, 74.78, 74.92, 74.85, 74.866, 74.868, 74.87, 74.826, 74.772, 74.658, 74.77, 74.778, 74.838, 74.872, 74.7, 74.896, 74.93, 74.858, 74.968, 74.776, 74.758, 74.922, 74.958, 74.888, 74.888, 74.892, 74.978, 74.95, 74.942, 74.814, 74.854, 75.006, 74.742, 74.792, 75.062, 74.89, 74.774, 74.966], "train_loss_v": [10.166917046585082, 2.2304971507263183, 2.0937547758483888, 2.1679907891082766, 1.9794182703399659, 1.951097067642212, 1.9326759244155884, 1.9204007579421998, 1.90760000995636, 2.476424243392944, 1.8844590857315064, 1.7765804956054687, 1.7043074703598022, 1.652639493331909, 1.570137508354187, 1.5134811907958985, 1.4077345960617065, 1.341850629043579, 1.2851631374359131, 1.68347686668396, 1.2958632736587525, 1.3096382780838012, 1.4342143531036378, 1.232062731628418, 1.1351830421829223, 0.9861197022628784, 0.951773470916748, 0.9415961295318603, 0.9244992097091674, 0.9179143020248413, 0.9093451703453064, 0.9016685247802735, 0.8952011964225769, 0.8848287201309204, 0.8785723205947876, 0.8676848478507996, 0.8631790410995483, 0.8596947450256348, 0.8523497486495971, 0.8483125830078125, 0.8412974529266357, 0.838556582736969, 0.8309321802711487, 0.8236028056144714, 0.8214446888923645, 0.8174037933540345, 0.8106351427078247, 0.8036909962654114, 0.7969846091842652, 0.7947126332473755, 0.7898218762397766, 0.7899397829246521, 0.7791639074707031, 0.779066929397583, 0.7695020017433166, 0.7705735578346252, 0.7633748857498169, 0.7586447889518738, 0.7558418792724609, 0.7465672995376587, 0.7501496812057495, 0.7431854498672485, 0.7369494177055359, 0.7242656730651855, 0.7214104396629334, 0.721731898097992, 0.7204194424057007, 0.7200212860679627, 0.7185364387130737, 0.7180707987976074, 0.7167641467285156, 0.7163427830314636, 0.716837017364502, 0.7164550384712219, 0.7130011357307434, 0.7150772023010253, 0.7118197537994385, 0.7223859654426574, 0.7147182078552247, 0.7158458235931396, 0.716612747631073, 0.7148059367752075, 0.7101727919387817, 0.7162153278923035, 0.7153659631156921, 0.7150214116287231, 0.7119490706062317, 0.7135151411437989, 0.7122728539848328, 0.7094234420776367, 0.7156676054954528, 0.7182522871398925, 0.7121351410675049, 0.7114413378715515, 0.7167086371612549, 0.7142545149040223, 0.7144497401809692, 0.7125076482963562, 0.7112675748252869, 0.7124745655632019, 0.7108232538223267, 0.715049080696106, 0.7159676399993896, 0.7102178216171264, 0.7097985863876343, 0.7155560196113586, 0.7151590131950378, 0.715040958404541, 0.7118170232009887, 0.7139130946731568, 0.7093888519859314, 0.7141211341094971, 0.7139516554450989, 0.7121478185081482, 0.7122902140617371, 0.712538894481659, 0.7128904326248169, 0.7119956363677978, 0.7130503437232971, 0.7135146848487854], "test_acc_v": [13.16, 11.18, 18.21, 18.86, 19.35, 19.7, 17.98, 23.83, 17.88, 20.42, 22.39, 31.18, 28.3, 22.83, 35.95, 47.2, 46.66, 39.32, 54.45, 47.24, 57.02, 56.69, 49.23, 51.69, 46.62, 66.13, 66.27, 66.65, 67.09, 67.52, 67.56, 68.03, 68.09, 69.15, 68.92, 69.41, 69.44, 68.87, 69.19, 69.89, 70.44, 69.59, 70.58, 71.31, 70.69, 71.1, 71.94, 71.66, 71.81, 72.06, 72.31, 71.98, 72.1, 71.8, 72.06, 72.58, 72.67, 72.54, 73.11, 72.12, 73.14, 72.96, 73.19, 73.97, 73.84, 74.02, 73.95, 74.17, 74.03, 74.19, 74.15, 74.21, 74.16, 74.17, 74.15, 74.19, 74.29, 74.23, 74.22, 74.26, 74.36, 74.15, 74.31, 74.17, 74.32, 74.25, 74.24, 74.34, 74.44, 74.27, 74.23, 74.22, 74.22, 74.35, 74.45, 74.35, 74.36, 74.21, 74.26, 74.3, 74.2, 74.22, 74.25, 74.08, 74.27, 74.28, 74.15, 74.18, 74.11, 74.23, 74.26, 74.24, 74.36, 74.3, 74.35, 74.26, 74.22, 74.21, 74.18, 74.29], "test_loss_v": [2.2804759525299074, 2.333521572113037, 2.031858335876465, 1.9729674781799316, 1.9684337100982665, 2.1443999975204466, 2.1896792819976807, 1.9282299211502074, 2.0749815059661865, 1.9057825572967528, 2.2821027671813963, 1.9743733921051025, 1.8291906757354737, 5.088737850952149, 1.7704940322875977, 1.4222107177734375, 1.627272405052185, 1.591404555130005, 1.306071521282196, 1.4536402729034423, 1.2361879709243775, 1.253502798652649, 1.397242094039917, 1.4082857529640198, 1.878300072669983, 0.9693467888832092, 0.9531337341308593, 0.9575976348876953, 0.937959903049469, 0.9326045627593994, 0.9241388363838196, 0.9213947672843933, 0.9140384558677673, 0.903938683795929, 0.9000217123031616, 0.8953086469650269, 0.8959627979278565, 0.8976497766494751, 0.9050864718437195, 0.8788693319320678, 0.8658122840881348, 0.9150212973594666, 0.8708396787643433, 0.8726976269721984, 0.858751203250885, 0.8493993461608886, 0.8326389907836914, 0.8338250677108765, 0.8387593903541565, 0.8282537777900696, 0.8369582440376282, 0.8297260285377502, 0.8296855405807495, 0.8169947864532471, 0.8224807652473449, 0.814586814403534, 0.8139931542396546, 0.8115891840934754, 0.7996513305664062, 0.8144206799507141, 0.8042970433235168, 0.8084412544250489, 0.8004397473335266, 0.7728132571220397, 0.772304298877716, 0.77163259267807, 0.7712574334144592, 0.7707649201393127, 0.7726714263916016, 0.7697578812599182, 0.770977631187439, 0.7709175696372986, 0.7717834936141967, 0.7705356294631958, 0.7708630569458008, 0.7690077124595642, 0.7680218574523926, 0.7693380632400513, 0.7700627444267273, 0.7699307419776916, 0.7681551463127136, 0.7700504484176636, 0.7689507910728455, 0.769807372379303, 0.7682599777221679, 0.7689256929397583, 0.7679557056427002, 0.7714848611831665, 0.7694404417991638, 0.7689832359313965, 0.7686193785667419, 0.7683124788284301, 0.7706500105857849, 0.7699299050331115, 0.7689524166107178, 0.7687657063484192, 0.7673682148933411, 0.7697171268463134, 0.7689653886795044, 0.7688825565338134, 0.7698102735519409, 0.7701717617988586, 0.7692687232971192, 0.7686536930084229, 0.7690422439575195, 0.7693578053474426, 0.7689002200126648, 0.7685686381340027, 0.7707522965431214, 0.7687726405143738, 0.7689080368995667, 0.7700540992736816, 0.7700721549034119, 0.7679162569046021, 0.7690352115631104, 0.7712593685150146, 0.7700131457328796, 0.7681831215858459, 0.7700380836486816, 0.7686866527557373],