{"train_acc_v": [10.096, 9.842, 10.182, 9.912, 9.894, 9.884, 9.762, 10.03, 10.08, 9.828, 9.898, 9.8, 9.878, 10.0, 9.98, 9.776, 9.672, 9.686, 10.0, 9.792, 9.782, 10.0, 9.974, 9.988, 9.804, 10.0, 10.0, 10.0, 10.0, 10.0, 10.0, 10.0, 10.0, 10.0, 10.0, 10.0, 10.0, 10.0, 10.0, 10.0, 10.0, 10.0, 10.0, 10.0, 10.0, 10.0, 10.0, 10.0, 10.0, 10.0, 10.0, 10.0, 10.0, 10.0, 10.0, 10.0, 10.0, 10.0, 10.0, 10.0, 10.0, 10.0, 10.0, 10.0, 10.0, 10.0, 10.0, 10.0, 10.0, 10.0, 10.0, 10.0, 10.0, 10.0, 10.0, 10.0, 10.0, 10.0, 10.0, 10.0, 10.0, 10.0, 10.0, 10.0, 10.0, 10.0, 10.0, 10.0, 10.0, 10.0, 10.0, 10.0, 10.0, 10.0, 10.0, 10.0, 10.0, 10.0, 10.0, 10.0, 10.0, 10.0, 10.0, 10.0, 10.0, 10.0, 10.0, 10.0, 10.0, 10.0, 10.0, 10.0, 10.0, 10.0, 10.0, 10.0, 10.0, 10.0, 10.0, 10.0], "train_loss_v": [6.977355134887695, 2.307357320022583, 2.307964766921997, 3.2307276518249513, 2.3074506648254394, 2.3080643359375, 2.308328488006592, 2.3081936309814455, 2.3034252962493897, 2.303109896697998, 2.3031410738372804, 2.3031122371673582, 2.3031758265686033, 2.302778157119751, 2.3026709394836424, 2.3026712493133545, 2.3026630609893797, 2.302598992919922, 2.3025975241088865, 2.3025972455596926, 2.302596706314087, 2.302588351135254, 2.30258830368042, 2.3025882474517823, 2.302588183288574, 2.3025873216247557, 2.3025873021698, 2.3025873570251463, 2.302587325592041, 2.302587233428955, 2.302587280883789, 2.302587245941162, 2.3025872660827638, 2.3025875005340577, 2.3025874681854246, 2.3025874853515624, 2.3025874895477294, 2.3025874501800536, 2.3025874925231933, 2.302587484588623, 2.3025874966430666, 2.3025874681854246, 2.3025874810791014, 2.3025874811553955, 2.302587480621338, 2.3025874941253663, 2.302587483215332, 2.302587500915527, 2.302587500228882, 2.3025874742889405, 2.3025874909973143, 2.3025874618530273, 2.3025874980163574, 2.302587475967407, 2.3025875010681154, 2.3025874565124513, 2.3025874574279785, 2.3025874718475343, 2.3025872800445555, 2.3025874898529053, 2.3025874835968017, 2.3025874974822997, 2.3025875035095216, 2.3025874724578856, 2.3025874951934813, 2.302587469024658, 2.3025874867248537, 2.3025874630737304, 2.302587506027222, 2.302587499771118, 2.302587484283447, 2.302587486419678, 2.3025875048828124, 2.302587455368042, 2.302587496948242, 2.302587483062744, 2.302587490692139, 2.3025874683380128, 2.302587503051758, 2.3025874938964845, 2.3025875020599367, 2.302587492446899, 2.3025874938964845, 2.3025874893188476, 2.3025874659729, 2.3025874940490723, 2.3025874797058106, 2.3025874676513673, 2.302587443695068, 2.3025874800109865, 2.3025874773406985, 2.3025874851989747, 2.3025874450683594, 2.3025874698638917, 2.3025874604034424, 2.302587465286255, 2.302587459716797, 2.3025874785614016, 2.302587447052002, 2.3025874522399903, 2.302587472381592, 2.302587469024658, 2.302587484283447, 2.3025874667358397, 2.3025874744415282, 2.302587479553223, 2.3025874744415282, 2.302587471084595, 2.302587456665039, 2.3025874990081787, 2.3025874684906005, 2.3025874661254884, 2.3025874853515624, 2.3025874537658693, 2.3025874867248537, 2.302587465209961, 2.3025874880218504, 2.302587462615967, 2.3025874565124513, 2.302587488861084], "test_acc_v": [10.09, 9.75, 9.84, 10.02, 10.02, 10.02, 10.02, 10.02, 10.02, 10.02, 10.01, 10.02, 10.02, 10.02, 10.02, 10.02, 10.0, 9.98, 9.98, 10.01, 10.01, 10.02, 10.0, 10.01, 10.01, 10.01, 10.01, 10.01, 10.02, 10.02, 10.01, 10.0, 10.01, 10.01, 10.0, 10.01, 10.0, 10.0, 10.01, 10.0, 10.01, 10.01, 10.02, 10.01, 10.0, 10.01, 10.01, 10.01, 10.01, 10.01, 10.01, 10.01, 10.01, 10.0, 10.02, 10.01, 10.01, 10.0, 10.0, 10.01, 10.01, 10.0, 10.01, 10.01, 10.0, 10.01, 10.01, 10.01, 10.01, 10.01, 10.01, 10.0, 10.01, 10.01, 10.01, 10.0, 10.01, 10.02, 10.01, 10.01, 10.02, 10.01, 10.01, 10.01, 10.0, 10.0, 10.01, 10.01, 10.0, 10.02, 10.0, 10.0, 10.0, 10.01, 10.0, 10.0, 10.01, 10.01, 10.01, 10.0, 10.0, 10.02, 10.01, 10.01, 10.02, 10.01, 10.0, 10.01, 10.01, 10.01, 10.01, 10.01, 10.0, 10.0, 10.0, 10.0, 10.02, 10.0, 10.02, 10.01], "test_loss_v": [2.704771607971191, 2.4517457149505617, 2.3768003776550293, 2.3087199829101563, 2.310315866470337, 2.320754732131958, 2.3155016613006594, 2.312093767547607, 2.303752506637573, 2.3028977485656736, 2.304274655914307, 2.3038047779083253, 2.303858882904053, 2.303051996612549, 2.3036121322631837, 2.303695792388916, 2.3025453964233398, 2.3032260791778563, 2.303271880722046, 2.303473079299927, 2.303254763031006, 2.3030014804840087, 2.305671607589722, 2.3029612663269043, 2.303215222930908, 2.3029103454589843, 2.3026158363342284, 2.3032855026245116, 2.3030044921875, 2.303165002441406, 2.3029008670806883, 2.3055733612060547, 2.302738999557495, 2.3027801525115965, 2.303990922164917, 2.3033009777069093, 2.303674973678589, 2.30428599357605, 2.3028095531463624, 2.304757929611206, 2.303241486740112, 2.3029863719940185, 2.303011985397339, 2.302881452560425, 2.3041281566619873, 2.3034394207000735, 2.3033216503143312, 2.303162150192261, 2.303172562789917, 2.3034979015350343, 2.302760438156128, 2.303024531173706, 2.3027695476531984, 2.30433250541687, 2.30316648979187, 2.302661283493042, 2.3027895763397215, 2.3041357006072998, 2.3047382732391357, 2.303438694381714, 2.303299140548706, 2.3040854320526125, 2.302788563156128, 2.3030462383270263, 2.3035557079315185, 2.302546259689331, 2.3031829204559324, 2.302768082809448, 2.3025209087371827, 2.3029965068817138, 2.30292996635437, 2.306377335739136, 2.3025841533660887, 2.303356382369995, 2.3032592113494874, 2.303929752731323, 2.302873566818237, 2.303055857467651, 2.3029491130828856, 2.3031922618865965, 2.3030355602264403, 2.3034737255096434, 2.3038802837371826, 2.3033706249237063, 2.3036298320770263, 2.305292139816284, 2.3033961345672607, 2.3029651103973388, 2.303934629440308, 2.303125819015503, 2.3036551464080812, 2.30523150138855, 2.3037014171600343, 2.303729627609253, 2.3044869274139406, 2.303886204147339, 2.30288853263855, 2.3029216045379637, 2.303351176071167, 2.3060318767547607, 2.304172513961792, 2.3030066783905028, 2.3032644847869874, 2.3028792003631593, 2.3030569103240968, 2.303284705734253, 2.3039533824920655, 2.303365061569214, 2.3033444103240965, 2.30251939201355, 2.302699222946167, 2.3029737773895262, 2.3042408000946044, 2.303399943161011, 2.304049885177612, 2.3039803173065185, 2.303097202682495, 2.3040876415252685, 2.3030595287323, 2.3028136669158936],