{"avg": [0.7758, 0.69474, 0.57338, 0.42622, 0.34634, 0.3267, 0.28525999999999996, 0.24308000000000002, 0.1911, 0.21312000000000003, 0.17048000000000002], "std": [0.0, 0.018041574210694574, 0.028614360031285004, 0.0711432751565459, 0.09145120228843359, 0.035159294645939636, 0.06447311377620907, 0.04849385115661572, 0.023137329145776528, 0.02911861260431204, 0.03596011123453319], "min": [0.7758, 0.6641, 0.5385, 0.2919, 0.1767, 0.2916, 0.2304, 0.1562, 0.1602, 0.1895, 0.1202], "max": [0.7758, 0.7111, 0.6054, 0.4966, 0.4496, 0.3818, 0.3858, 0.298, 0.22, 0.2682, 0.2216], "all_values": [[0.7758, 0.7758, 0.7758, 0.7758, 0.7758], [0.7111, 0.7094, 0.6844, 0.6641, 0.7047], [0.5856, 0.5975, 0.5399, 0.5385, 0.6054], [0.2919, 0.4966, 0.4227, 0.4634, 0.4565], [0.3439, 0.1767, 0.3818, 0.3797, 0.4496], [0.3541, 0.2916, 0.2986, 0.3074, 0.3818], [0.3382, 0.2355, 0.2364, 0.2304, 0.3858], [0.2531, 0.2747, 0.1562, 0.298, 0.2334], [0.215, 0.22, 0.1602, 0.174, 0.1863], [0.2031, 0.2682, 0.1895, 0.215, 0.1898], [0.1762, 0.1202, 0.2216, 0.142, 0.1924]], "loss_all_values": [[52.340712279081345, 52.340712279081345, 52.340712279081345, 52.340712279081345, 52.340712279081345], [68.10054159164429, 68.78696495294571, 74.71560484170914, 105.32122206687927, 68.2242077589035], [114.39931803941727, 98.46947079896927, 142.91751372814178, 147.66407990455627, 92.72697746753693], [244.30239844322205, 190.02582490444183, 230.18977236747742, 176.84500920772552, 216.01381659507751], [218.6317822933197, 422.9870705604553, 179.62823128700256, 201.23034131526947, 194.13527858257294], [235.00912952423096, 298.3887016773224, 299.3290500640869, 234.50509333610535, 233.4961075782776], [222.96926999092102, 323.79382276535034, 338.8925302028656, 397.9595637321472, 189.07294499874115], [232.67563462257385, 249.37673342227936, 306.4834258556366, 250.40121936798096, 321.1680884361267], [325.49146604537964, 414.9516291618347, 362.09368324279785, 250.08768892288208, 383.49745750427246], [264.1045286655426, 272.96986961364746, 282.2221779823303, 275.8882637023926, 330.3532691001892], [339.92192339897156, 399.4130492210388, 290.32124400138855, 432.76513385772705, 373.3456013202667]]}