{"train_acc_v": [10.162, 10.06, 14.562, 17.572, 19.866, 19.0, 19.606, 23.076, 26.476, 31.77, 36.786, 44.2, 49.344, 52.824, 55.232, 57.518, 59.558, 61.452, 62.876, 64.286, 65.282, 66.694, 67.544, 68.506, 69.182, 69.98, 70.458, 71.632, 71.58, 72.528, 72.88, 73.328, 73.556, 74.322, 76.62, 77.278, 77.74, 77.756, 78.062, 78.138, 78.27, 78.48, 78.472, 78.81, 78.716, 78.84, 78.774, 78.972, 79.002, 79.082, 79.014, 79.588, 79.452, 79.558, 79.348, 79.396, 79.454, 79.396, 79.578, 79.36, 79.424, 79.508, 79.51, 79.668, 79.302, 79.708, 79.758, 79.506, 79.598, 79.816, 79.376, 79.384, 79.474, 79.508, 79.496, 79.624, 79.404, 79.544, 79.372, 79.604, 79.626, 79.558, 79.656, 79.552, 79.502, 79.33, 79.494, 79.568, 79.674, 79.402, 79.28, 79.596, 79.516, 79.624, 79.734, 79.502, 79.742, 79.736, 79.796, 79.998], "train_loss_v": [5.0454587477874755, 2.432975437698364, 2.3086963848114013, 2.528113554534912, 2.12408670375824, 2.186615792312622, 2.337062981262207, 2.0572603720092775, 2.034781197166443, 1.7070381457901, 1.6297219540786743, 1.4823155207443237, 1.3734736848068236, 1.2933744104385376, 1.2301887811279297, 1.1709413124465942, 1.1202516598892212, 1.0700023032379151, 1.035022857208252, 0.9981340224456787, 0.9700902776908874, 0.933591631603241, 0.9086877991867065, 0.8881611617279053, 0.8665852035522461, 0.8457640362548828, 0.8284086681747437, 0.8094281781196594, 0.8001921995735168, 0.7818062483024597, 0.7681689221382141, 0.7525116931343079, 0.7460497385787964, 0.7300499149513244, 0.6659886475372314, 0.6468482391357422, 0.6336526681518555, 0.6313849251365662, 0.6248336234092713, 0.6181875688171387, 0.6163320712089538, 0.6138666773986816, 0.6072784825897217, 0.6027065375328063, 0.602359691696167, 0.5993617525672913, 0.6013933562278747, 0.596970226573944, 0.5904159230422974, 0.5893088059425354, 0.586970578136444, 0.5805486857414246, 0.5831209057235718, 0.5817796496200561, 0.5817960969543458, 0.5782522623443603, 0.5796628652572632, 0.5806643603420257, 0.5789002183914185, 0.5802939172554016, 0.5813979388809204, 0.5786033657455444, 0.5788627240371704, 0.576125226802826, 0.5812361553001404, 0.5783016292572022, 0.5736434062957764, 0.5800397014713288, 0.5793799925613403, 0.5746989865493775, 0.5841419874763488, 0.5803643621826172, 0.5750136419296265, 0.5777571996879578, 0.5745027998542785, 0.5780381754779815, 0.5790907551383973, 0.5789876849269867, 0.5848411363601684, 0.5810644984817505, 0.5801362507629394, 0.5773397267246246, 0.5778954668807983, 0.5793725769996643, 0.5773342410945892, 0.5757628497505188, 0.578909319267273, 0.580433712310791, 0.5762673054885864, 0.5801223763084412, 0.5818185857963561, 0.5746261748123169, 0.57744442653656, 0.5776390133857727, 0.5750714469337463, 0.5812425977897644, 0.5751066833305359, 0.5763932743263245, 0.5761028695869446, 0.5733064904403686], "test_acc_v": [10.26, 10.01, 17.08, 17.29, 21.86, 19.36, 11.72, 15.37, 19.63, 34.46, 44.25, 48.74, 51.12, 46.99, 56.73, 58.29, 61.1, 62.7, 59.85, 63.53, 64.06, 67.76, 67.33, 68.99, 67.17, 68.23, 71.05, 71.5, 70.76, 72.52, 70.6, 71.85, 73.08, 72.5, 76.38, 76.45, 76.26, 76.38, 76.29, 76.52, 76.67, 76.57, 77.25, 77.06, 76.89, 76.92, 77.24, 77.0, 77.23, 77.07, 77.07, 77.24, 77.17, 77.32, 77.35, 77.38, 77.24, 77.28, 77.22, 77.26, 77.59, 77.27, 77.19, 77.33, 77.49, 77.29, 77.33, 77.48, 77.36, 77.48, 77.27, 77.16, 77.38, 77.43, 77.32, 77.43, 77.28, 77.48, 77.32, 77.37, 77.53, 77.36, 77.41, 77.35, 77.28, 77.35, 77.33, 77.51, 77.36, 77.36, 77.28, 77.34, 77.5, 77.5, 77.37, 77.52, 77.33, 77.31, 77.41, 77.58], "test_loss_v": [8.210993278503418, 2.307910180282593, 5.7111044692993165, 127.44035377197265, 1.9420236465454102, 2.0912279323577883, 45.684948547363284, 31.025980043792725, 5.287151274108886, 1.6603525955200196, 1.5002585931777954, 1.3721237998962403, 1.2999308303833008, 1.47259351272583, 1.1924575157165527, 1.1435621949195862, 1.0951522601127623, 1.0381545370101928, 1.1634895515441894, 1.0734637234687805, 1.0091164876937866, 0.9250800691604614, 0.9434453856468201, 0.8975180643081665, 0.9465676361083984, 0.9111830303668976, 0.8490444686412811, 0.816573506307602, 0.8621309794425964, 0.7923166306495667, 0.8510865170478821, 0.8176001650810242, 0.7951874715805054, 0.8064584559440613, 0.6962212442398071, 0.6836097531318664, 0.6866861594200134, 0.6834383540153504, 0.6858163083076477, 0.6823922543048858, 0.6754991417884827, 0.6800904197692871, 0.6726975943565369, 0.6761091124534607, 0.6685788608551025, 0.6744200700759888, 0.6716693886756897, 0.671685200881958, 0.6728926081657409, 0.66810450258255, 0.668184268283844, 0.6642352815628052, 0.6671509250640869, 0.6669232084274292, 0.6647061641693115, 0.6632469961166382, 0.6677324805259705, 0.6638398834705352, 0.6668709153175354, 0.6675220701217651, 0.665385825920105, 0.6650415561676025, 0.664995667552948, 0.6668397778511047, 0.6649299000740051, 0.6661703091621399, 0.6648987865447998, 0.6643991507530213, 0.6647887336730957, 0.6672990921020507, 0.6689756058692932, 0.6652551298141479, 0.6642527341842651, 0.665956744670868, 0.6674502666473389, 0.6636926820755005, 0.6659152142524719, 0.6647782444000244, 0.6662613558769226, 0.6636027819633484, 0.6664578068733216, 0.6672818331718445, 0.6668389558792114, 0.6657377794265747, 0.6635784449577331, 0.6654710660934449, 0.6690479222297668, 0.6631989155769348, 0.6660265659332275, 0.6645338445663452, 0.6650455338478088, 0.6675822283744812, 0.665650196647644, 0.6647840578079224, 0.6668659296035767, 0.6650188563346863, 0.6627348314762116, 0.6686114701271058, 0.6634757405757904, 0.6643005750656128], "current_lr_v": [0.1, 0.1, 0.1, 0.1, 0.1, 0.1, 0.1, 0.1, 0.010000000000000002, 0.010000000000000002, 0.010000000000000002, 0.010000000000000002, 0.010000000000000002, 0.010000000000000002, 0.010000000000000002, 0.010000000000000002, 0.010000000000000002, 0.010000000000000002, 0.010000000000000002, 0.010000000000000002, 0.010000000000000002, 0.010000000000000002, 0.010000000000000002, 0.010000000000000002, 0.010000000000000002, 0.010000000000000002, 0.010000000000000002, 0.010000000000000002, 0.010000000000000002, 0.010000000000000002, 0.010000000000000002, 0.010000000000000002, 0.010000000000000002, 0.0010000000000000002, 0.0010000000000000002, 0.0010000000000000002, 0.0010000000000000002, 0.0010000000000000002, 0.0010000000000000002, 0.0010000000000000002, 0.0010000000000000002, 0.0010000000000000002, 0.0010000000000000002, 0.0010000000000000002, 0.0010000000000000002, 0.0010000000000000002, 0.0010000000000000002, 0.0010000000000000002, 0.00010000000000000003, 0.00010000000000000003, 0.00010000000000000003, 0.00010000000000000003, 0.00010000000000000003, 0.00010000000000000003, 0.00010000000000000003, 0.00010000000000000003, 0.00010000000000000003, 0.00010000000000000003, 0.00010000000000000003, 1.0000000000000004e-05, 1.0000000000000004e-05, 1.0000000000000004e-05, 1.0000000000000004e-05, 1.0000000000000004e-06, 1.0000000000000004e-06, 1.0000000000000004e-06, 1.0000000000000004e-06, 1.0000000000000005e-07, 1.0000000000000005e-07, 1.0000000000000005e-07, 1.0000000000000005e-07, 1.0000000000000005e-08, 1.0000000000000005e-08, 1.0000000000000005e-08, 1.0000000000000005e-08, 1.0000000000000005e-08, 1.0000000000000005e-08, 1.0000000000000005e-08, 1.0000000000000005e-08, 1.0000000000000005e-08, 1.0000000000000005e-08, 1.0000000000000005e-08, 1.0000000000000005e-08, 1.0000000000000005e-08, 1.0000000000000005e-08, 1.0000000000000005e-08, 1.0000000000000005e-08, 1.0000000000000005e-08, 1.0000000000000005e-08, 1.0000000000000005e-08, 1.0000000000000005e-08, 1.0000000000000005e-08, 1.0000000000000005e-08, 1.0000000000000005e-08, 1.0000000000000005e-08, 1.0000000000000005e-08, 1.0000000000000005e-08, 1.0000000000000005e-08, 1.0000000000000005e-08, 1.0000000000000005e-08],